timestamp,route_id,traffic_volume,average_speed_kmph,congestion_level,route_name,start_point,end_point,distance_km,base_eta_mins,temperature_celsius,precipitation_mm,visibility_km,condition,severity,vehicles_involved,toll_fee_inr,surge_pricing_active,hour,day_of_week,is_peak_hour,weather_severity,accident_impact,route_id_encoded,route_name_encoded,start_point_encoded,end_point_encoded,condition_encoded,congestion_level_encoded,traffic_volume_scaled,average_speed_kmph_scaled,distance_km_scaled,base_eta_mins_scaled,temperature_celsius_scaled,precipitation_mm_scaled,visibility_km_scaled,toll_fee_inr_scaled
2023-10-01 00:00:00,R001,178,33,Medium,Delhi-Gurgaon Expressway,Dhaula Kuan,Rajiv Chowk,28.0,45,21.4,0.0,5.8,Clear,,0.0,100.0,0,0,6,0,0,0.0,0,0,0,4,0,1,-0.19955422285728425,-0.5526600063761107,-0.3474012310741756,-0.1308062160590842,-0.9665306419120733,-0.21330704060913652,-0.31661693925985657,-0.06414641427736806
2023-10-01 00:00:00,R002,139,75,Low,Noida-Greater Noida Expressway,Mahamaya Flyover,Pari Chowk,24.5,30,21.4,0.0,5.8,Clear,,0.0,80.0,0,0,6,0,0,0.0,1,3,2,3,0,0,-0.46399060910453893,1.50842297723374,-0.4677877962978998,-0.7848372963545053,-0.9665306419120733,-0.21330704060913652,-0.31661693925985657,-0.7094516597023871
2023-10-01 00:00:00,R003,233,76,Low,Delhi-Meerut Expressway,Nizamuddin Bridge,Meerut,96.0,90,21.4,0.0,5.8,Clear,,0.0,100.0,0,0,6,0,0,0.0,2,1,4,2,0,0,0.1733688859529467,1.5574963816054033,1.9915377504153233,1.8312870248271789,-0.9665306419120733,-0.21330704060913652,-0.31661693925985657,-0.06414641427736806
2023-10-01 00:00:00,R004,168,49,Low,Outer Ring Road (Delhi),Nehru Place,Janakpuri,22.0,50,21.4,0.0,5.8,Clear,,0.0,100.0,0,0,6,0,0,0.0,3,4,3,0,0,0,-0.26735842445914443,0.23251446357049918,-0.5537782000291314,0.08720414403938948,-0.9665306419120733,-0.21330704060913652,-0.31661693925985657,-0.06414641427736806
2023-10-01 00:00:00,R005,151,54,Low,NH-48 (Delhi-Jaipur),Gurgaon Toll Plaza,Manesar,20.0,25,21.4,0.0,5.8,Clear,,0.0,100.0,0,0,6,0,0,0.0,4,2,1,1,0,0,-0.3826255671823067,0.47788148542881476,-0.6225705230141166,-1.002847656452979,-0.9665306419120733,-0.21330704060913652,-0.31661693925985657,-0.06414641427736806
2023-10-01 01:00:00,R001,112,40,Low,Delhi-Gurgaon Expressway,Dhaula Kuan,Rajiv Chowk,28.0,45,28.6,0.0,9.3,Clear,,0.0,100.0,0,1,6,0,0,0.0,0,0,0,4,0,0,-0.6470619534295614,-0.20914617577446887,-0.3474012310741756,-0.1308062160590842,0.4427213644245273,-0.21330704060913652,1.0344045432132616,-0.06414641427736806
2023-10-01 01:00:00,R002,86,55,Low,Noida-Greater Noida Expressway,Mahamaya Flyover,Pari Chowk,24.5,30,28.6,0.0,9.3,Clear,,0.0,100.0,0,1,6,0,0,0.0,1,3,2,3,0,0,-0.8233528775943979,0.5269548898004779,-0.4677877962978998,-0.7848372963545053,0.4427213644245273,-0.21330704060913652,1.0344045432132616,-0.06414641427736806
2023-10-01 01:00:00,R003,77,73,Low,Delhi-Meerut Expressway,Nizamuddin Bridge,Meerut,96.0,90,28.6,0.0,9.3,Clear,,0.0,50.0,0,1,6,0,0,0.0,2,1,4,2,0,0,-0.884376659036072,1.410276168490414,1.9915377504153233,1.8312870248271789,0.4427213644245273,-0.21330704060913652,1.0344045432132616,-1.6774095278399157
2023-10-01 01:00:00,R004,145,70,Low,Outer Ring Road (Delhi),Nehru Place,Janakpuri,22.0,50,28.6,0.0,9.3,Clear,,0.0,50.0,0,1,6,0,0,0.0,3,4,3,0,0,0,-0.42330808814342286,1.2630559553754246,-0.5537782000291314,0.08720414403938948,0.4427213644245273,-0.21330704060913652,1.0344045432132616,-1.6774095278399157
2023-10-01 01:00:00,R005,111,62,Low,NH-48 (Delhi-Jaipur),Gurgaon Toll Plaza,Manesar,20.0,25,28.6,0.0,9.3,Clear,,0.0,50.0,0,1,6,0,0,0.0,4,2,1,1,0,0,-0.6538423735897474,0.8704687204021196,-0.6225705230141166,-1.002847656452979,0.4427213644245273,-0.21330704060913652,1.0344045432132616,-1.6774095278399157
2023-10-01 02:00:00,R001,180,52,Low,Delhi-Gurgaon Expressway,Dhaula Kuan,Rajiv Chowk,28.0,45,22.1,0.0,5.9,Partly Cloudy,,0.0,100.0,0,2,6,0,1,0.0,0,0,0,4,5,0,-0.18599338253691222,0.3797346766854885,-0.3474012310741756,-0.1308062160590842,-0.8295200301849033,-0.21330704060913652,-0.2780163254749102,-0.06414641427736806
2023-10-01 02:00:00,R002,169,67,Low,Noida-Greater Noida Expressway,Mahamaya Flyover,Pari Chowk,24.5,30,22.1,0.0,5.9,Partly Cloudy,,0.0,80.0,0,2,6,0,1,0.0,1,3,2,3,5,0,-0.26057800429895844,1.1158357422604352,-0.4677877962978998,-0.7848372963545053,-0.8295200301849033,-0.21330704060913652,-0.2780163254749102,-0.7094516597023871
2023-10-01 02:00:00,R003,165,51,Low,Delhi-Meerut Expressway,Nizamuddin Bridge,Meerut,96.0,90,22.1,0.0,5.9,Partly Cloudy,,0.0,100.0,0,2,6,0,1,0.0,2,1,4,2,5,0,-0.2876996849397025,0.3306612723138254,1.9915377504153233,1.8312870248271789,-0.8295200301849033,-0.21330704060913652,-0.2780163254749102,-0.06414641427736806
2023-10-01 02:00:00,R004,134,52,Low,Outer Ring Road (Delhi),Nehru Place,Janakpuri,22.0,50,22.1,0.0,5.9,Partly Cloudy,,0.0,100.0,0,2,6,0,1,0.0,3,4,3,0,5,0,-0.497892709905469,0.3797346766854885,-0.5537782000291314,0.08720414403938948,-0.8295200301849033,-0.21330704060913652,-0.2780163254749102,-0.06414641427736806
2023-10-01 02:00:00,R005,173,57,Low,NH-48 (Delhi-Jaipur),Gurgaon Toll Plaza,Manesar,20.0,25,22.1,0.0,5.9,Partly Cloudy,,0.0,80.0,0,2,6,0,1,0.0,4,2,1,1,5,0,-0.23345632365821434,0.625101698543804,-0.6225705230141166,-1.002847656452979,-0.8295200301849033,-0.21330704060913652,-0.2780163254749102,-0.7094516597023871
2023-10-01 03:00:00,R001,100,44,Low,Delhi-Gurgaon Expressway,Dhaula Kuan,Rajiv Chowk,28.0,45,24.4,0.0,7.6,Clear,,0.0,80.0,0,3,6,0,0,0.0,0,0,0,4,0,0,-0.7284269953517936,-0.012852558287816397,-0.3474012310741756,-0.1308062160590842,-0.37934230593848994,-0.21330704060913652,0.3781941088691753,-0.7094516597023871
2023-10-01 03:00:00,R002,83,52,Low,Noida-Greater Noida Expressway,Mahamaya Flyover,Pari Chowk,24.5,30,24.4,0.0,7.6,Clear,,0.0,100.0,0,3,6,0,0,0.0,1,3,2,3,0,0,-0.8436941380749559,0.3797346766854885,-0.4677877962978998,-0.7848372963545053,-0.37934230593848994,-0.21330704060913652,0.3781941088691753,-0.06414641427736806
2023-10-01 03:00:00,R003,132,66,Low,Delhi-Meerut Expressway,Nizamuddin Bridge,Meerut,96.0,90,24.4,0.0,7.6,Clear,,0.0,50.0,0,3,6,0,0,0.0,2,1,4,2,0,0,-0.511453550225841,1.066762337888772,1.9915377504153233,1.8312870248271789,-0.37934230593848994,-0.21330704060913652,0.3781941088691753,-1.6774095278399157
2023-10-01 03:00:00,R004,158,48,Low,Outer Ring Road (Delhi),Nehru Place,Janakpuri,22.0,50,24.4,0.0,7.6,Clear,,0.0,100.0,0,3,6,0,0,0.0,3,4,3,0,0,0,-0.3351626260610046,0.18344105919883605,-0.5537782000291314,0.08720414403938948,-0.37934230593848994,-0.21330704060913652,0.3781941088691753,-0.06414641427736806
2023-10-01 03:00:00,R005,188,77,Low,NH-48 (Delhi-Jaipur),Gurgaon Toll Plaza,Manesar,20.0,25,24.4,0.0,7.6,Clear,,0.0,100.0,0,3,6,0,0,0.0,4,2,1,1,0,0,-0.1317500212554241,1.6065697859770665,-0.6225705230141166,-1.002847656452979,-0.37934230593848994,-0.21330704060913652,0.3781941088691753,-0.06414641427736806
2023-10-01 04:00:00,R001,74,53,Low,Delhi-Gurgaon Expressway,Dhaula Kuan,Rajiv Chowk,28.0,45,31.1,0.0,5.7,Clear,,0.0,100.0,0,4,6,0,0,0.0,0,0,0,4,0,0,-0.90471791951663,0.4288080810571516,-0.3474012310741756,-0.1308062160590842,0.9320449777358467,-0.21330704060913652,-0.3552175530448027,-0.06414641427736806
2023-10-01 04:00:00,R002,214,46,Low,Noida-Greater Noida Expressway,Mahamaya Flyover,Pari Chowk,24.5,30,31.1,0.0,5.7,Clear,Minor,1.0,100.0,0,4,6,0,0,1.0,1,3,2,3,0,0,0.044540902909412365,0.08529425045550983,-0.4677877962978998,-0.7848372963545053,0.9320449777358467,-0.21330704060913652,-0.3552175530448027,-0.06414641427736806
2023-10-01 04:00:00,R003,132,40,Low,Delhi-Meerut Expressway,Nizamuddin Bridge,Meerut,96.0,90,31.1,0.0,5.7,Clear,,0.0,100.0,0,4,6,0,0,0.0,2,1,4,2,0,0,-0.511453550225841,-0.20914617577446887,1.9915377504153233,1.8312870248271789,0.9320449777358467,-0.21330704060913652,-0.3552175530448027,-0.06414641427736806
2023-10-01 04:00:00,R004,180,53,Low,Outer Ring Road (Delhi),Nehru Place,Janakpuri,22.0,50,31.1,0.0,5.7,Clear,,0.0,50.0,0,4,6,0,0,0.0,3,4,3,0,0,0,-0.18599338253691222,0.4288080810571516,-0.5537782000291314,0.08720414403938948,0.9320449777358467,-0.21330704060913652,-0.3552175530448027,-1.6774095278399157
2023-10-01 04:00:00,R005,49,63,Low,NH-48 (Delhi-Jaipur),Gurgaon Toll Plaza,Manesar,20.0,25,31.1,0.0,5.7,Clear,,0.0,100.0,0,4,6,0,0,0.0,4,2,1,1,0,0,-1.0742284235212805,0.9195421247737828,-0.6225705230141166,-1.002847656452979,0.9320449777358467,-0.21330704060913652,-0.3552175530448027,-0.06414641427736806
2023-10-01 05:00:00,R001,246,41,Low,Delhi-Gurgaon Expressway,Dhaula Kuan,Rajiv Chowk,28.0,45,19.4,0.0,6.8,Clear,,0.0,80.0,0,5,6,0,0,0.0,0,0,0,4,0,0,0.26151434803536494,-0.16007277140280574,-0.3474012310741756,-0.1308062160590842,-1.3579895325611289,-0.21330704060913652,0.06938919858960563,-0.7094516597023871
2023-10-01 05:00:00,R002,103,94,Low,Noida-Greater Noida Expressway,Mahamaya Flyover,Pari Chowk,24.5,30,19.4,0.0,6.8,Clear,,0.0,100.0,0,5,6,0,0,0.0,1,3,2,3,0,0,-0.7080857348712356,2.4408176602953393,-0.4677877962978998,-0.7848372963545053,-1.3579895325611289,-0.21330704060913652,0.06938919858960563,-0.06414641427736806
2023-10-01 05:00:00,R003,66,47,Low,Delhi-Meerut Expressway,Nizamuddin Bridge,Meerut,96.0,90,19.4,0.0,6.8,Clear,Minor,3.0,80.0,0,5,6,0,0,1.0,2,1,4,2,0,0,-0.9589612807981182,0.13436765482717294,1.9915377504153233,1.8312870248271789,-1.3579895325611289,-0.21330704060913652,0.06938919858960563,-0.7094516597023871
2023-10-01 05:00:00,R004,189,44,Low,Outer Ring Road (Delhi),Nehru Place,Janakpuri,22.0,50,19.4,0.0,6.8,Clear,,0.0,50.0,0,5,6,0,0,0.0,3,4,3,0,0,0,-0.12496960109523807,-0.012852558287816397,-0.5537782000291314,0.08720414403938948,-1.3579895325611289,-0.21330704060913652,0.06938919858960563,-1.6774095278399157
2023-10-01 05:00:00,R005,132,42,Low,NH-48 (Delhi-Jaipur),Gurgaon Toll Plaza,Manesar,20.0,25,19.4,0.0,6.8,Clear,,0.0,100.0,0,5,6,0,0,0.0,4,2,1,1,0,0,-0.511453550225841,-0.11099936703114263,-0.6225705230141166,-1.002847656452979,-1.3579895325611289,-0.21330704060913652,0.06938919858960563,-0.06414641427736806
2023-10-01 06:00:00,R001,103,32,Medium,Delhi-Gurgaon Expressway,Dhaula Kuan,Rajiv Chowk,28.0,45,23.9,0.0,7.6,Clear,,0.0,100.0,0,6,6,0,0,0.0,0,0,0,4,0,1,-0.7080857348712356,-0.6017334107477738,-0.3474012310741756,-0.1308062160590842,-0.4772070286007538,-0.21330704060913652,0.3781941088691753,-0.06414641427736806
2023-10-01 06:00:00,R002,78,52,Low,Noida-Greater Noida Expressway,Mahamaya Flyover,Pari Chowk,24.5,30,23.9,0.0,7.6,Clear,,0.0,150.0,0,6,6,0,0,0.0,1,3,2,3,0,0,-0.877596238875886,0.3797346766854885,-0.4677877962978998,-0.7848372963545053,-0.4772070286007538,-0.21330704060913652,0.3781941088691753,1.5491166992851797
2023-10-01 06:00:00,R003,117,36,Medium,Delhi-Meerut Expressway,Nizamuddin Bridge,Meerut,96.0,90,23.9,0.0,7.6,Clear,,0.0,150.0,0,6,6,0,0,0.0,2,1,4,2,0,1,-0.6131598526286313,-0.40543979326112134,1.9915377504153233,1.8312870248271789,-0.4772070286007538,-0.21330704060913652,0.3781941088691753,1.5491166992851797
2023-10-01 06:00:00,R004,124,46,Low,Outer Ring Road (Delhi),Nehru Place,Janakpuri,22.0,50,23.9,0.0,7.6,Clear,,0.0,50.0,0,6,6,0,0,0.0,3,4,3,0,0,0,-0.5656969115073291,0.08529425045550983,-0.5537782000291314,0.08720414403938948,-0.4772070286007538,-0.21330704060913652,0.3781941088691753,-1.6774095278399157
2023-10-01 06:00:00,R005,55,70,Low,NH-48 (Delhi-Jaipur),Gurgaon Toll Plaza,Manesar,20.0,25,23.9,0.0,7.6,Clear,,0.0,100.0,0,6,6,0,0,0.0,4,2,1,1,0,0,-1.0335459025601643,1.2630559553754246,-0.6225705230141166,-1.002847656452979,-0.4772070286007538,-0.21330704060913652,0.3781941088691753,-0.06414641427736806
2023-10-01 07:00:00,R001,75,43,Low,Delhi-Gurgaon Expressway,Dhaula Kuan,Rajiv Chowk,28.0,45,28.0,0.0,5.2,Partly Cloudy,,0.0,150.0,0,7,6,0,1,0.0,0,0,0,4,5,0,-0.8979374993564441,-0.061925962659479514,-0.3474012310741756,-0.1308062160590842,0.3252836972298103,-0.21330704060913652,-0.5482206219695338,1.5491166992851797
2023-10-01 07:00:00,R002,175,63,Low,Noida-Greater Noida Expressway,Mahamaya Flyover,Pari Chowk,24.5,30,28.0,0.0,5.2,Partly Cloudy,,0.0,100.0,0,7,6,0,1,0.0,1,3,2,3,5,0,-0.2198954833378423,0.9195421247737828,-0.4677877962978998,-0.7848372963545053,0.3252836972298103,-0.21330704060913652,-0.5482206219695338,-0.06414641427736806
2023-10-01 07:00:00,R003,80,47,Low,Delhi-Meerut Expressway,Nizamuddin Bridge,Meerut,96.0,90,28.0,0.0,5.2,Partly Cloudy,,0.0,100.0,0,7,6,0,1,0.0,2,1,4,2,5,0,-0.8640353985555139,0.13436765482717294,1.9915377504153233,1.8312870248271789,0.3252836972298103,-0.21330704060913652,-0.5482206219695338,-0.06414641427736806
2023-10-01 07:00:00,R004,207,79,Low,Outer Ring Road (Delhi),Nehru Place,Janakpuri,22.0,50,28.0,0.0,5.2,Partly Cloudy,,0.0,100.0,0,7,6,0,1,0.0,3,4,3,0,5,0,-0.0029220382118897562,1.7047165947203926,-0.5537782000291314,0.08720414403938948,0.3252836972298103,-0.21330704060913652,-0.5482206219695338,-0.06414641427736806
2023-10-01 07:00:00,R005,185,43,Low,NH-48 (Delhi-Jaipur),Gurgaon Toll Plaza,Manesar,20.0,25,28.0,0.0,5.2,Partly Cloudy,,0.0,100.0,0,7,6,0,1,0.0,4,2,1,1,5,0,-0.15209128173598213,-0.061925962659479514,-0.6225705230141166,-1.002847656452979,0.3252836972298103,-0.21330704060913652,-0.5482206219695338,-0.06414641427736806
2023-10-01 08:00:00,R001,132,32,Medium,Delhi-Gurgaon Expressway,Dhaula Kuan,Rajiv Chowk,28.0,45,22.0,0.0,5.5,Partly Cloudy,,0.0,50.0,0,8,6,0,1,0.0,0,0,0,4,5,1,-0.511453550225841,-0.6017334107477738,-0.3474012310741756,-0.1308062160590842,-0.8490929747173563,-0.21330704060913652,-0.4324187806146952,-1.6774095278399157
2023-10-01 08:00:00,R002,101,76,Low,Noida-Greater Noida Expressway,Mahamaya Flyover,Pari Chowk,24.5,30,22.0,0.0,5.5,Partly Cloudy,,0.0,100.0,0,8,6,0,1,0.0,1,3,2,3,5,0,-0.7216465751916076,1.5574963816054033,-0.4677877962978998,-0.7848372963545053,-0.8490929747173563,-0.21330704060913652,-0.4324187806146952,-0.06414641427736806
2023-10-01 08:00:00,R003,86,60,Low,Delhi-Meerut Expressway,Nizamuddin Bridge,Meerut,96.0,90,22.0,0.0,5.5,Partly Cloudy,,0.0,80.0,0,8,6,0,1,0.0,2,1,4,2,5,0,-0.8233528775943979,0.7723219116587934,1.9915377504153233,1.8312870248271789,-0.8490929747173563,-0.21330704060913652,-0.4324187806146952,-0.7094516597023871
2023-10-01 08:00:00,R004,153,50,Low,Outer Ring Road (Delhi),Nehru Place,Janakpuri,22.0,50,22.0,0.0,5.5,Partly Cloudy,,0.0,100.0,0,8,6,0,1,0.0,3,4,3,0,5,0,-0.3690647268619347,0.2815878679421623,-0.5537782000291314,0.08720414403938948,-0.8490929747173563,-0.21330704060913652,-0.4324187806146952,-0.06414641427736806
2023-10-01 08:00:00,R005,116,62,Low,NH-48 (Delhi-Jaipur),Gurgaon Toll Plaza,Manesar,20.0,25,22.0,0.0,5.5,Partly Cloudy,,0.0,100.0,0,8,6,0,1,0.0,4,2,1,1,5,0,-0.6199402727888174,0.8704687204021196,-0.6225705230141166,-1.002847656452979,-0.8490929747173563,-0.21330704060913652,-0.4324187806146952,-0.06414641427736806
2023-10-01 09:00:00,R001,261,44,Low,Delhi-Gurgaon Expressway,Dhaula Kuan,Rajiv Chowk,28.0,45,29.7,0.0,7.2,Partly Cloudy,,0.0,80.0,0,9,6,0,1,0.0,0,0,0,4,5,0,0.36322065043815516,-0.012852558287816397,-0.3474012310741756,-0.1308062160590842,0.6580237542815074,-0.21330704060913652,0.22379165372939067,-0.7094516597023871
2023-10-01 09:00:00,R002,161,63,Low,Noida-Greater Noida Expressway,Mahamaya Flyover,Pari Chowk,24.5,30,29.7,0.0,7.2,Partly Cloudy,,0.0,100.0,0,9,6,0,1,0.0,1,3,2,3,5,0,-0.31482136558044654,0.9195421247737828,-0.4677877962978998,-0.7848372963545053,0.6580237542815074,-0.21330704060913652,0.22379165372939067,-0.06414641427736806
2023-10-01 09:00:00,R003,208,72,Low,Delhi-Meerut Expressway,Nizamuddin Bridge,Meerut,96.0,90,29.7,0.0,7.2,Partly Cloudy,,0.0,50.0,0,9,6,0,1,0.0,2,1,4,2,5,0,0.003858381948296261,1.3612027641187507,1.9915377504153233,1.8312870248271789,0.6580237542815074,-0.21330704060913652,0.22379165372939067,-1.6774095278399157
2023-10-01 09:00:00,R004,97,80,Low,Outer Ring Road (Delhi),Nehru Place,Janakpuri,22.0,50,29.7,0.0,7.2,Partly Cloudy,,0.0,100.0,0,9,6,0,1,0.0,3,4,3,0,5,0,-0.7487682558323516,1.7537899990920558,-0.5537782000291314,0.08720414403938948,0.6580237542815074,-0.21330704060913652,0.22379165372939067,-0.06414641427736806
2023-10-01 09:00:00,R005,226,39,Medium,NH-48 (Delhi-Jaipur),Gurgaon Toll Plaza,Manesar,20.0,25,29.7,0.0,7.2,Partly Cloudy,,0.0,150.0,0,9,6,0,1,0.0,4,2,1,1,5,1,0.12590594483164458,-0.25821958014613194,-0.6225705230141166,-1.002847656452979,0.6580237542815074,-0.21330704060913652,0.22379165372939067,1.5491166992851797
2023-10-01 10:00:00,R001,87,59,Low,Delhi-Gurgaon Expressway,Dhaula Kuan,Rajiv Chowk,28.0,45,24.3,0.0,9.5,Clear,,0.0,100.0,0,10,6,0,0,0.0,0,0,0,4,0,0,-0.8165724574342118,0.7232485072871303,-0.3474012310741756,-0.1308062160590842,-0.3989152504709423,-0.21330704060913652,1.1116057707831537,-0.06414641427736806
2023-10-01 10:00:00,R002,112,80,Low,Noida-Greater Noida Expressway,Mahamaya Flyover,Pari Chowk,24.5,30,24.3,0.0,9.5,Clear,,0.0,100.0,0,10,6,0,0,0.0,1,3,2,3,0,0,-0.6470619534295614,1.7537899990920558,-0.4677877962978998,-0.7848372963545053,-0.3989152504709423,-0.21330704060913652,1.1116057707831537,-0.06414641427736806
2023-10-01 10:00:00,R003,98,47,Low,Delhi-Meerut Expressway,Nizamuddin Bridge,Meerut,96.0,90,24.3,0.0,9.5,Clear,,0.0,50.0,0,10,6,0,0,0.0,2,1,4,2,0,0,-0.7419878356721656,0.13436765482717294,1.9915377504153233,1.8312870248271789,-0.3989152504709423,-0.21330704060913652,1.1116057707831537,-1.6774095278399157
2023-10-01 10:00:00,R004,178,55,Low,Outer Ring Road (Delhi),Nehru Place,Janakpuri,22.0,50,24.3,0.0,9.5,Clear,,0.0,150.0,0,10,6,0,0,0.0,3,4,3,0,0,0,-0.19955422285728425,0.5269548898004779,-0.5537782000291314,0.08720414403938948,-0.3989152504709423,-0.21330704060913652,1.1116057707831537,1.5491166992851797
2023-10-01 10:00:00,R005,107,78,Low,NH-48 (Delhi-Jaipur),Gurgaon Toll Plaza,Manesar,20.0,25,24.3,0.0,9.5,Clear,,0.0,100.0,0,10,6,0,0,0.0,4,2,1,1,0,0,-0.6809640542304914,1.6556431903487294,-0.6225705230141166,-1.002847656452979,-0.3989152504709423,-0.21330704060913652,1.1116057707831537,-0.06414641427736806
2023-10-01 11:00:00,R001,90,53,Low,Delhi-Gurgaon Expressway,Dhaula Kuan,Rajiv Chowk,28.0,45,27.0,0.0,8.3,Clear,,0.0,100.0,0,11,6,0,0,0.0,0,0,0,4,0,0,-0.7962311969536537,0.4288080810571516,-0.3474012310741756,-0.1308062160590842,0.12955425190528255,-0.21330704060913652,0.6483984053637993,-0.06414641427736806
2023-10-01 11:00:00,R002,156,41,Low,Noida-Greater Noida Expressway,Mahamaya Flyover,Pari Chowk,24.5,30,27.0,0.0,8.3,Clear,,0.0,100.0,0,11,6,0,0,0.0,1,3,2,3,0,0,-0.34872346638137663,-0.16007277140280574,-0.4677877962978998,-0.7848372963545053,0.12955425190528255,-0.21330704060913652,0.6483984053637993,-0.06414641427736806
2023-10-01 11:00:00,R003,193,67,Low,Delhi-Meerut Expressway,Nizamuddin Bridge,Meerut,96.0,90,27.0,0.0,8.3,Clear,,0.0,100.0,0,11,6,0,0,0.0,2,1,4,2,0,0,-0.097847920454494,1.1158357422604352,1.9915377504153233,1.8312870248271789,0.12955425190528255,-0.21330704060913652,0.6483984053637993,-0.06414641427736806
2023-10-01 11:00:00,R004,109,68,Low,Outer Ring Road (Delhi),Nehru Place,Janakpuri,22.0,50,27.0,0.0,8.3,Clear,,0.0,100.0,0,11,6,0,0,0.0,3,4,3,0,0,0,-0.6674032139101195,1.1649091466320984,-0.5537782000291314,0.08720414403938948,0.12955425190528255,-0.21330704060913652,0.6483984053637993,-0.06414641427736806
2023-10-01 11:00:00,R005,94,44,Low,NH-48 (Delhi-Jaipur),Gurgaon Toll Plaza,Manesar,20.0,25,27.0,0.0,8.3,Clear,,0.0,50.0,0,11,6,0,0,0.0,4,2,1,1,0,0,-0.7691095163129097,-0.012852558287816397,-0.6225705230141166,-1.002847656452979,0.12955425190528255,-0.21330704060913652,0.6483984053637993,-1.6774095278399157
2023-10-01 12:00:00,R001,163,34,Medium,Delhi-Gurgaon Expressway,Dhaula Kuan,Rajiv Chowk,28.0,45,40.9,0.0,5.9,Clear,,0.0,150.0,0,12,6,0,0,0.0,0,0,0,4,0,1,-0.3012605252600745,-0.5035866020044475,-0.3474012310741756,-0.1308062160590842,2.8501935419162185,-0.21330704060913652,-0.2780163254749102,1.5491166992851797
2023-10-01 12:00:00,R002,225,92,Low,Noida-Greater Noida Expressway,Mahamaya Flyover,Pari Chowk,24.5,30,40.9,0.0,5.9,Clear,,0.0,100.0,0,12,6,0,0,0.0,1,3,2,3,0,0,0.11912552467145855,2.342670851552013,-0.4677877962978998,-0.7848372963545053,2.8501935419162185,-0.21330704060913652,-0.2780163254749102,-0.06414641427736806
2023-10-01 12:00:00,R003,201,34,Medium,Delhi-Meerut Expressway,Nizamuddin Bridge,Meerut,96.0,90,40.9,0.0,5.9,Clear,,0.0,80.0,0,12,6,0,0,0.0,2,1,4,2,0,1,-0.04360455917300586,-0.5035866020044475,1.9915377504153233,1.8312870248271789,2.8501935419162185,-0.21330704060913652,-0.2780163254749102,-0.7094516597023871
2023-10-01 12:00:00,R004,186,55,Low,Outer Ring Road (Delhi),Nehru Place,Janakpuri,22.0,50,40.9,0.0,5.9,Clear,,0.0,80.0,0,12,6,0,0,0.0,3,4,3,0,0,0,-0.14531086157579612,0.5269548898004779,-0.5537782000291314,0.08720414403938948,2.8501935419162185,-0.21330704060913652,-0.2780163254749102,-0.7094516597023871
2023-10-01 12:00:00,R005,87,77,Low,NH-48 (Delhi-Jaipur),Gurgaon Toll Plaza,Manesar,20.0,25,40.9,0.0,5.9,Clear,,0.0,150.0,0,12,6,0,0,0.0,4,2,1,1,0,0,-0.8165724574342118,1.6065697859770665,-0.6225705230141166,-1.002847656452979,2.8501935419162185,-0.21330704060913652,-0.2780163254749102,1.5491166992851797
2023-10-01 13:00:00,R001,63,26,Medium,Delhi-Gurgaon Expressway,Dhaula Kuan,Rajiv Chowk,28.0,45,31.0,0.0,1.7,Fog,,0.0,100.0,0,13,6,0,3,0.0,0,0,0,4,1,1,-0.9793025412786762,-0.8961738369777524,-0.3474012310741756,-0.1308062160590842,0.9124720332033937,-0.21330704060913652,-1.8992421044426515,-0.06414641427736806
2023-10-01 13:00:00,R002,123,52,Low,Noida-Greater Noida Expressway,Mahamaya Flyover,Pari Chowk,24.5,30,31.0,0.0,1.7,Fog,,0.0,100.0,0,13,6,0,3,0.0,1,3,2,3,1,0,-0.5724773316675152,0.3797346766854885,-0.4677877962978998,-0.7848372963545053,0.9124720332033937,-0.21330704060913652,-1.8992421044426515,-0.06414641427736806
2023-10-01 13:00:00,R003,137,45,Low,Delhi-Meerut Expressway,Nizamuddin Bridge,Meerut,96.0,90,31.0,0.0,1.7,Fog,,0.0,100.0,0,13,6,0,3,0.0,2,1,4,2,1,0,-0.47755144942491096,0.036220846083846715,1.9915377504153233,1.8312870248271789,0.9124720332033937,-0.21330704060913652,-1.8992421044426515,-0.06414641427736806
2023-10-01 13:00:00,R004,96,31,Medium,Outer Ring Road (Delhi),Nehru Place,Janakpuri,22.0,50,31.0,0.0,1.7,Fog,,0.0,100.0,0,13,6,0,3,0.0,3,4,3,0,1,1,-0.7555486759925377,-0.6508068151194368,-0.5537782000291314,0.08720414403938948,0.9124720332033937,-0.21330704060913652,-1.8992421044426515,-0.06414641427736806
2023-10-01 13:00:00,R005,117,44,Low,NH-48 (Delhi-Jaipur),Gurgaon Toll Plaza,Manesar,20.0,25,31.0,0.0,1.7,Fog,Minor,1.0,100.0,0,13,6,0,3,1.0,4,2,1,1,1,0,-0.6131598526286313,-0.012852558287816397,-0.6225705230141166,-1.002847656452979,0.9124720332033937,-0.21330704060913652,-1.8992421044426515,-0.06414641427736806
2023-10-01 14:00:00,R001,250,31,Medium,Delhi-Gurgaon Expressway,Dhaula Kuan,Rajiv Chowk,28.0,45,26.1,0.0,1.9,Fog,,0.0,100.0,0,14,6,0,3,0.0,0,0,0,4,1,1,0.288636028676109,-0.6508068151194368,-0.3474012310741756,-0.1308062160590842,-0.046602248886792166,-0.21330704060913652,-1.822040876872759,-0.06414641427736806
2023-10-01 14:00:00,R002,213,32,Medium,Noida-Greater Noida Expressway,Mahamaya Flyover,Pari Chowk,24.5,30,26.1,0.0,1.9,Fog,,0.0,100.0,0,14,6,0,3,0.0,1,3,2,3,1,1,0.037760482749226346,-0.6017334107477738,-0.4677877962978998,-0.7848372963545053,-0.046602248886792166,-0.21330704060913652,-1.822040876872759,-0.06414641427736806
2023-10-01 14:00:00,R003,144,44,Low,Delhi-Meerut Expressway,Nizamuddin Bridge,Meerut,96.0,90,26.1,0.0,1.9,Fog,,0.0,80.0,0,14,6,0,3,0.0,2,1,4,2,1,0,-0.43008850830360884,-0.012852558287816397,1.9915377504153233,1.8312870248271789,-0.046602248886792166,-0.21330704060913652,-1.822040876872759,-0.7094516597023871
2023-10-01 14:00:00,R004,161,41,Low,Outer Ring Road (Delhi),Nehru Place,Janakpuri,22.0,50,26.1,0.0,1.9,Fog,,0.0,100.0,0,14,6,0,3,0.0,3,4,3,0,1,0,-0.31482136558044654,-0.16007277140280574,-0.5537782000291314,0.08720414403938948,-0.046602248886792166,-0.21330704060913652,-1.822040876872759,-0.06414641427736806
2023-10-01 14:00:00,R005,145,36,Medium,NH-48 (Delhi-Jaipur),Gurgaon Toll Plaza,Manesar,20.0,25,26.1,0.0,1.9,Fog,,0.0,100.0,0,14,6,0,3,0.0,4,2,1,1,1,1,-0.42330808814342286,-0.40543979326112134,-0.6225705230141166,-1.002847656452979,-0.046602248886792166,-0.21330704060913652,-1.822040876872759,-0.06414641427736806
2023-10-01 15:00:00,R001,189,46,Low,Delhi-Gurgaon Expressway,Dhaula Kuan,Rajiv Chowk,28.0,45,31.4,0.0,6.0,Clear,,0.0,100.0,0,15,6,0,0,0.0,0,0,0,4,0,0,-0.12496960109523807,0.08529425045550983,-0.3474012310741756,-0.1308062160590842,0.9907638113332046,-0.21330704060913652,-0.23941571168996406,-0.06414641427736806
2023-10-01 15:00:00,R002,122,38,Medium,Noida-Greater Noida Expressway,Mahamaya Flyover,Pari Chowk,24.5,30,31.4,0.0,6.0,Clear,,0.0,100.0,0,15,6,0,0,0.0,1,3,2,3,0,1,-0.5792577518277012,-0.3072929845177951,-0.4677877962978998,-0.7848372963545053,0.9907638113332046,-0.21330704060913652,-0.23941571168996406,-0.06414641427736806
2023-10-01 15:00:00,R003,179,57,Low,Delhi-Meerut Expressway,Nizamuddin Bridge,Meerut,96.0,90,31.4,0.0,6.0,Clear,,0.0,100.0,0,15,6,0,0,0.0,2,1,4,2,0,0,-0.19277380269709823,0.625101698543804,1.9915377504153233,1.8312870248271789,0.9907638113332046,-0.21330704060913652,-0.23941571168996406,-0.06414641427736806
2023-10-01 15:00:00,R004,110,69,Low,Outer Ring Road (Delhi),Nehru Place,Janakpuri,22.0,50,31.4,0.0,6.0,Clear,,0.0,100.0,0,15,6,0,0,0.0,3,4,3,0,0,0,-0.6606227937499335,1.2139825510037614,-0.5537782000291314,0.08720414403938948,0.9907638113332046,-0.21330704060913652,-0.23941571168996406,-0.06414641427736806
2023-10-01 15:00:00,R005,89,39,Medium,NH-48 (Delhi-Jaipur),Gurgaon Toll Plaza,Manesar,20.0,25,31.4,0.0,6.0,Clear,,0.0,100.0,0,15,6,0,0,0.0,4,2,1,1,0,1,-0.8030116171138398,-0.25821958014613194,-0.6225705230141166,-1.002847656452979,0.9907638113332046,-0.21330704060913652,-0.23941571168996406,-0.06414641427736806
2023-10-01 16:00:00,R001,231,47,Low,Delhi-Gurgaon Expressway,Dhaula Kuan,Rajiv Chowk,28.0,45,22.0,0.0,6.4,Clear,,0.0,100.0,0,16,6,0,0,0.0,0,0,0,4,0,0,0.15980804563257467,0.13436765482717294,-0.3474012310741756,-0.1308062160590842,-0.8490929747173563,-0.21330704060913652,-0.08501325655017905,-0.06414641427736806
2023-10-01 16:00:00,R002,249,55,Low,Noida-Greater Noida Expressway,Mahamaya Flyover,Pari Chowk,24.5,30,22.0,0.0,6.4,Clear,,0.0,100.0,0,16,6,0,0,0.0,1,3,2,3,0,0,0.28185560851592295,0.5269548898004779,-0.4677877962978998,-0.7848372963545053,-0.8490929747173563,-0.21330704060913652,-0.08501325655017905,-0.06414641427736806
2023-10-01 16:00:00,R003,80,51,Low,Delhi-Meerut Expressway,Nizamuddin Bridge,Meerut,96.0,90,22.0,0.0,6.4,Clear,,0.0,80.0,0,16,6,0,0,0.0,2,1,4,2,0,0,-0.8640353985555139,0.3306612723138254,1.9915377504153233,1.8312870248271789,-0.8490929747173563,-0.21330704060913652,-0.08501325655017905,-0.7094516597023871
2023-10-01 16:00:00,R004,141,62,Low,Outer Ring Road (Delhi),Nehru Place,Janakpuri,22.0,50,22.0,0.0,6.4,Clear,,0.0,100.0,0,16,6,0,0,0.0,3,4,3,0,0,0,-0.4504297687841669,0.8704687204021196,-0.5537782000291314,0.08720414403938948,-0.8490929747173563,-0.21330704060913652,-0.08501325655017905,-0.06414641427736806
2023-10-01 16:00:00,R005,199,69,Low,NH-48 (Delhi-Jaipur),Gurgaon Toll Plaza,Manesar,20.0,25,22.0,0.0,6.4,Clear,,0.0,100.0,0,16,6,0,0,0.0,4,2,1,1,0,0,-0.05716539949337789,1.2139825510037614,-0.6225705230141166,-1.002847656452979,-0.8490929747173563,-0.21330704060913652,-0.08501325655017905,-0.06414641427736806
2023-10-01 17:00:00,R001,129,50,Low,Delhi-Gurgaon Expressway,Dhaula Kuan,Rajiv Chowk,28.0,45,14.1,2.2,6.4,Light Rain,Minor,1.0,80.0,0,17,6,0,3,1.0,0,0,0,4,3,0,-0.5317948107063991,0.2815878679421623,-0.3474012310741756,-0.1308062160590842,-2.395355592781126,1.4676797868777902,-0.08501325655017905,-0.7094516597023871
2023-10-01 17:00:00,R002,111,80,Low,Noida-Greater Noida Expressway,Mahamaya Flyover,Pari Chowk,24.5,30,14.1,2.2,6.4,Light Rain,,0.0,80.0,0,17,6,0,3,0.0,1,3,2,3,3,0,-0.6538423735897474,1.7537899990920558,-0.4677877962978998,-0.7848372963545053,-2.395355592781126,1.4676797868777902,-0.08501325655017905,-0.7094516597023871
2023-10-01 17:00:00,R003,77,87,Low,Delhi-Meerut Expressway,Nizamuddin Bridge,Meerut,96.0,90,14.1,2.2,6.4,Light Rain,,0.0,100.0,0,17,6,0,3,0.0,2,1,4,2,3,0,-0.884376659036072,2.0973038296936974,1.9915377504153233,1.8312870248271789,-2.395355592781126,1.4676797868777902,-0.08501325655017905,-0.06414641427736806
2023-10-01 17:00:00,R004,87,58,Low,Outer Ring Road (Delhi),Nehru Place,Janakpuri,22.0,50,14.1,2.2,6.4,Light Rain,,0.0,100.0,0,17,6,0,3,0.0,3,4,3,0,3,0,-0.8165724574342118,0.6741751029154672,-0.5537782000291314,0.08720414403938948,-2.395355592781126,1.4676797868777902,-0.08501325655017905,-0.06414641427736806
2023-10-01 17:00:00,R005,196,58,Low,NH-48 (Delhi-Jaipur),Gurgaon Toll Plaza,Manesar,20.0,25,14.1,2.2,6.4,Light Rain,,0.0,150.0,0,17,6,0,3,0.0,4,2,1,1,3,0,-0.07750665997393595,0.6741751029154672,-0.6225705230141166,-1.002847656452979,-2.395355592781126,1.4676797868777902,-0.08501325655017905,1.5491166992851797
2023-10-01 18:00:00,R001,193,41,Low,Delhi-Gurgaon Expressway,Dhaula Kuan,Rajiv Chowk,28.0,45,26.6,0.0,5.4,Partly Cloudy,,0.0,100.0,0,18,6,0,1,0.0,0,0,0,4,5,0,-0.097847920454494,-0.16007277140280574,-0.3474012310741756,-0.1308062160590842,0.051262473775471724,-0.21330704060913652,-0.47101939439964124,-0.06414641427736806
2023-10-01 18:00:00,R002,194,56,Low,Noida-Greater Noida Expressway,Mahamaya Flyover,Pari Chowk,24.5,30,26.6,0.0,5.4,Partly Cloudy,,0.0,100.0,0,18,6,0,1,0.0,1,3,2,3,5,0,-0.09106750029430798,0.576028294172141,-0.4677877962978998,-0.7848372963545053,0.051262473775471724,-0.21330704060913652,-0.47101939439964124,-0.06414641427736806
2023-10-01 18:00:00,R003,69,37,Medium,Delhi-Meerut Expressway,Nizamuddin Bridge,Meerut,96.0,90,26.6,0.0,5.4,Partly Cloudy,,0.0,100.0,0,18,6,0,1,0.0,2,1,4,2,5,1,-0.9386200203175602,-0.3563663888894582,1.9915377504153233,1.8312870248271789,0.051262473775471724,-0.21330704060913652,-0.47101939439964124,-0.06414641427736806
2023-10-01 18:00:00,R004,217,38,Medium,Outer Ring Road (Delhi),Nehru Place,Janakpuri,22.0,50,26.6,0.0,5.4,Partly Cloudy,,0.0,50.0,0,18,6,0,1,0.0,3,4,3,0,5,1,0.06488216338997042,-0.3072929845177951,-0.5537782000291314,0.08720414403938948,0.051262473775471724,-0.21330704060913652,-0.47101939439964124,-1.6774095278399157
2023-10-01 18:00:00,R005,58,77,Low,NH-48 (Delhi-Jaipur),Gurgaon Toll Plaza,Manesar,20.0,25,26.6,0.0,5.4,Partly Cloudy,,0.0,100.0,0,18,6,0,1,0.0,4,2,1,1,5,0,-1.0132046420796064,1.6065697859770665,-0.6225705230141166,-1.002847656452979,0.051262473775471724,-0.21330704060913652,-0.47101939439964124,-0.06414641427736806
2023-10-01 19:00:00,R001,178,38,Medium,Delhi-Gurgaon Expressway,Dhaula Kuan,Rajiv Chowk,28.0,45,23.1,0.0,1.7,Fog,,0.0,100.0,0,19,6,0,3,0.0,0,0,0,4,1,1,-0.19955422285728425,-0.3072929845177951,-0.3474012310741756,-0.1308062160590842,-0.6337905848603755,-0.21330704060913652,-1.8992421044426515,-0.06414641427736806
2023-10-01 19:00:00,R002,102,33,Medium,Noida-Greater Noida Expressway,Mahamaya Flyover,Pari Chowk,24.5,30,23.1,0.0,1.7,Fog,,0.0,80.0,0,19,6,0,3,0.0,1,3,2,3,1,1,-0.7148661550314216,-0.5526600063761107,-0.4677877962978998,-0.7848372963545053,-0.6337905848603755,-0.21330704060913652,-1.8992421044426515,-0.7094516597023871
2023-10-01 19:00:00,R003,194,34,Medium,Delhi-Meerut Expressway,Nizamuddin Bridge,Meerut,96.0,90,23.1,0.0,1.7,Fog,,0.0,150.0,0,19,6,0,3,0.0,2,1,4,2,1,1,-0.09106750029430798,-0.5035866020044475,1.9915377504153233,1.8312870248271789,-0.6337905848603755,-0.21330704060913652,-1.8992421044426515,1.5491166992851797
2023-10-01 19:00:00,R004,74,30,Medium,Outer Ring Road (Delhi),Nehru Place,Janakpuri,22.0,50,23.1,0.0,1.7,Fog,,0.0,150.0,0,19,6,0,3,0.0,3,4,3,0,1,1,-0.90471791951663,-0.6998802194911,-0.5537782000291314,0.08720414403938948,-0.6337905848603755,-0.21330704060913652,-1.8992421044426515,1.5491166992851797
2023-10-01 19:00:00,R005,136,32,Medium,NH-48 (Delhi-Jaipur),Gurgaon Toll Plaza,Manesar,20.0,25,23.1,0.0,1.7,Fog,,0.0,80.0,0,19,6,0,3,0.0,4,2,1,1,1,1,-0.484331869585097,-0.6017334107477738,-0.6225705230141166,-1.002847656452979,-0.6337905848603755,-0.21330704060913652,-1.8992421044426515,-0.7094516597023871
2023-10-01 20:00:00,R001,73,44,Low,Delhi-Gurgaon Expressway,Dhaula Kuan,Rajiv Chowk,28.0,45,32.2,0.0,8.9,Clear,,0.0,150.0,0,20,6,0,0,0.0,0,0,0,4,0,0,-0.911498339676816,-0.012852558287816397,-0.3474012310741756,-0.1308062160590842,1.1473473675928276,-0.21330704060913652,0.8800020880734765,1.5491166992851797
2023-10-01 20:00:00,R002,118,50,Low,Noida-Greater Noida Expressway,Mahamaya Flyover,Pari Chowk,24.5,30,32.2,0.0,8.9,Clear,,0.0,80.0,0,20,6,0,0,0.0,1,3,2,3,0,0,-0.6063794324684453,0.2815878679421623,-0.4677877962978998,-0.7848372963545053,1.1473473675928276,-0.21330704060913652,0.8800020880734765,-0.7094516597023871
2023-10-01 20:00:00,R003,104,62,Low,Delhi-Meerut Expressway,Nizamuddin Bridge,Meerut,96.0,90,32.2,0.0,8.9,Clear,,0.0,100.0,0,20,6,0,0,0.0,2,1,4,2,0,0,-0.7013053147110495,0.8704687204021196,1.9915377504153233,1.8312870248271789,1.1473473675928276,-0.21330704060913652,0.8800020880734765,-0.06414641427736806
2023-10-01 20:00:00,R004,161,41,Low,Outer Ring Road (Delhi),Nehru Place,Janakpuri,22.0,50,32.2,0.0,8.9,Clear,,0.0,150.0,0,20,6,0,0,0.0,3,4,3,0,0,0,-0.31482136558044654,-0.16007277140280574,-0.5537782000291314,0.08720414403938948,1.1473473675928276,-0.21330704060913652,0.8800020880734765,1.5491166992851797
2023-10-01 20:00:00,R005,107,72,Low,NH-48 (Delhi-Jaipur),Gurgaon Toll Plaza,Manesar,20.0,25,32.2,0.0,8.9,Clear,,0.0,50.0,0,20,6,0,0,0.0,4,2,1,1,0,0,-0.6809640542304914,1.3612027641187507,-0.6225705230141166,-1.002847656452979,1.1473473675928276,-0.21330704060913652,0.8800020880734765,-1.6774095278399157
2023-10-01 21:00:00,R001,87,41,Low,Delhi-Gurgaon Expressway,Dhaula Kuan,Rajiv Chowk,28.0,45,31.7,0.0,6.8,Clear,,0.0,150.0,0,21,6,0,0,0.0,0,0,0,4,0,0,-0.8165724574342118,-0.16007277140280574,-0.3474012310741756,-0.1308062160590842,1.049482644930563,-0.21330704060913652,0.06938919858960563,1.5491166992851797
2023-10-01 21:00:00,R002,156,44,Low,Noida-Greater Noida Expressway,Mahamaya Flyover,Pari Chowk,24.5,30,31.7,0.0,6.8,Clear,,0.0,100.0,0,21,6,0,0,0.0,1,3,2,3,0,0,-0.34872346638137663,-0.012852558287816397,-0.4677877962978998,-0.7848372963545053,1.049482644930563,-0.21330704060913652,0.06938919858960563,-0.06414641427736806
2023-10-01 21:00:00,R003,133,62,Low,Delhi-Meerut Expressway,Nizamuddin Bridge,Meerut,96.0,90,31.7,0.0,6.8,Clear,,0.0,100.0,0,21,6,0,0,0.0,2,1,4,2,0,0,-0.5046731300656551,0.8704687204021196,1.9915377504153233,1.8312870248271789,1.049482644930563,-0.21330704060913652,0.06938919858960563,-0.06414641427736806
2023-10-01 21:00:00,R004,66,92,Low,Outer Ring Road (Delhi),Nehru Place,Janakpuri,22.0,50,31.7,0.0,6.8,Clear,,0.0,100.0,0,21,6,0,0,0.0,3,4,3,0,0,0,-0.9589612807981182,2.342670851552013,-0.5537782000291314,0.08720414403938948,1.049482644930563,-0.21330704060913652,0.06938919858960563,-0.06414641427736806
2023-10-01 21:00:00,R005,105,78,Low,NH-48 (Delhi-Jaipur),Gurgaon Toll Plaza,Manesar,20.0,25,31.7,0.0,6.8,Clear,,0.0,50.0,0,21,6,0,0,0.0,4,2,1,1,0,0,-0.6945248945508635,1.6556431903487294,-0.6225705230141166,-1.002847656452979,1.049482644930563,-0.21330704060913652,0.06938919858960563,-1.6774095278399157
2023-10-01 22:00:00,R001,278,54,Low,Delhi-Gurgaon Expressway,Dhaula Kuan,Rajiv Chowk,28.0,45,28.7,0.0,6.7,Clear,,0.0,80.0,0,22,6,0,0,0.0,0,0,0,4,0,0,0.47848779316131745,0.47788148542881476,-0.3474012310741756,-0.1308062160590842,0.46229430895697965,-0.21330704060913652,0.030788584804659548,-0.7094516597023871
2023-10-01 22:00:00,R002,96,64,Low,Noida-Greater Noida Expressway,Mahamaya Flyover,Pari Chowk,24.5,30,28.7,0.0,6.7,Clear,,0.0,80.0,0,22,6,0,0,0.0,1,3,2,3,0,0,-0.7555486759925377,0.9686155291454459,-0.4677877962978998,-0.7848372963545053,0.46229430895697965,-0.21330704060913652,0.030788584804659548,-0.7094516597023871
2023-10-01 22:00:00,R003,160,72,Low,Delhi-Meerut Expressway,Nizamuddin Bridge,Meerut,96.0,90,28.7,0.0,6.7,Clear,,0.0,150.0,0,22,6,0,0,0.0,2,1,4,2,0,0,-0.3216017857406326,1.3612027641187507,1.9915377504153233,1.8312870248271789,0.46229430895697965,-0.21330704060913652,0.030788584804659548,1.5491166992851797
2023-10-01 22:00:00,R004,127,46,Low,Outer Ring Road (Delhi),Nehru Place,Janakpuri,22.0,50,28.7,0.0,6.7,Clear,,0.0,100.0,0,22,6,0,0,0.0,3,4,3,0,0,0,-0.5453556510267712,0.08529425045550983,-0.5537782000291314,0.08720414403938948,0.46229430895697965,-0.21330704060913652,0.030788584804659548,-0.06414641427736806
2023-10-01 22:00:00,R005,121,70,Low,NH-48 (Delhi-Jaipur),Gurgaon Toll Plaza,Manesar,20.0,25,28.7,0.0,6.7,Clear,,0.0,100.0,0,22,6,0,0,0.0,4,2,1,1,0,0,-0.5860381719878872,1.2630559553754246,-0.6225705230141166,-1.002847656452979,0.46229430895697965,-0.21330704060913652,0.030788584804659548,-0.06414641427736806
2023-10-01 23:00:00,R001,172,72,Low,Delhi-Gurgaon Expressway,Dhaula Kuan,Rajiv Chowk,28.0,45,31.9,0.0,6.6,Clear,,0.0,100.0,0,23,6,0,0,0.0,0,0,0,4,0,0,-0.24023674381840035,1.3612027641187507,-0.3474012310741756,-0.1308062160590842,1.0886285339954684,-0.21330704060913652,-0.007812028980286879,-0.06414641427736806
2023-10-01 23:00:00,R002,131,67,Low,Noida-Greater Noida Expressway,Mahamaya Flyover,Pari Chowk,24.5,30,31.9,0.0,6.6,Clear,,0.0,100.0,0,23,6,0,0,0.0,1,3,2,3,0,0,-0.518233970386027,1.1158357422604352,-0.4677877962978998,-0.7848372963545053,1.0886285339954684,-0.21330704060913652,-0.007812028980286879,-0.06414641427736806
2023-10-01 23:00:00,R003,143,54,Low,Delhi-Meerut Expressway,Nizamuddin Bridge,Meerut,96.0,90,31.9,0.0,6.6,Clear,,0.0,100.0,0,23,6,0,0,0.0,2,1,4,2,0,0,-0.4368689284637949,0.47788148542881476,1.9915377504153233,1.8312870248271789,1.0886285339954684,-0.21330704060913652,-0.007812028980286879,-0.06414641427736806
2023-10-01 23:00:00,R004,113,58,Low,Outer Ring Road (Delhi),Nehru Place,Janakpuri,22.0,50,31.9,0.0,6.6,Clear,,0.0,100.0,0,23,6,0,0,0.0,3,4,3,0,0,0,-0.6402815332693754,0.6741751029154672,-0.5537782000291314,0.08720414403938948,1.0886285339954684,-0.21330704060913652,-0.007812028980286879,-0.06414641427736806
2023-10-01 23:00:00,R005,77,74,Low,NH-48 (Delhi-Jaipur),Gurgaon Toll Plaza,Manesar,20.0,25,31.9,0.0,6.6,Clear,,0.0,100.0,0,23,6,0,0,0.0,4,2,1,1,0,0,-0.884376659036072,1.4593495728620771,-0.6225705230141166,-1.002847656452979,1.0886285339954684,-0.21330704060913652,-0.007812028980286879,-0.06414641427736806
2023-10-02 00:00:00,R001,278,39,Medium,Delhi-Gurgaon Expressway,Dhaula Kuan,Rajiv Chowk,28.0,45,31.1,0.0,9.4,Clear,,0.0,100.0,0,0,0,0,0,0.0,0,0,0,4,0,1,0.47848779316131745,-0.25821958014613194,-0.3474012310741756,-0.1308062160590842,0.9320449777358467,-0.21330704060913652,1.0730051569982075,-0.06414641427736806
2023-10-02 00:00:00,R002,131,60,Low,Noida-Greater Noida Expressway,Mahamaya Flyover,Pari Chowk,24.5,30,31.1,0.0,9.4,Clear,Minor,2.0,100.0,0,0,0,0,0,1.0,1,3,2,3,0,0,-0.518233970386027,0.7723219116587934,-0.4677877962978998,-0.7848372963545053,0.9320449777358467,-0.21330704060913652,1.0730051569982075,-0.06414641427736806
2023-10-02 00:00:00,R003,130,70,Low,Delhi-Meerut Expressway,Nizamuddin Bridge,Meerut,96.0,90,31.1,0.0,9.4,Clear,,0.0,100.0,0,0,0,0,0,0.0,2,1,4,2,0,0,-0.5250143905462131,1.2630559553754246,1.9915377504153233,1.8312870248271789,0.9320449777358467,-0.21330704060913652,1.0730051569982075,-0.06414641427736806
2023-10-02 00:00:00,R004,230,61,Low,Outer Ring Road (Delhi),Nehru Place,Janakpuri,22.0,50,31.1,0.0,9.4,Clear,,0.0,150.0,0,0,0,0,0,0.0,3,4,3,0,0,0,0.15302762547238866,0.8213953160304566,-0.5537782000291314,0.08720414403938948,0.9320449777358467,-0.21330704060913652,1.0730051569982075,1.5491166992851797
2023-10-02 00:00:00,R005,162,57,Low,NH-48 (Delhi-Jaipur),Gurgaon Toll Plaza,Manesar,20.0,25,31.1,0.0,9.4,Clear,,0.0,80.0,0,0,0,0,0,0.0,4,2,1,1,0,0,-0.30804094542026056,0.625101698543804,-0.6225705230141166,-1.002847656452979,0.9320449777358467,-0.21330704060913652,1.0730051569982075,-0.7094516597023871
2023-10-02 01:00:00,R001,290,44,Low,Delhi-Gurgaon Expressway,Dhaula Kuan,Rajiv Chowk,28.0,45,33.8,0.0,5.6,Clear,,0.0,150.0,0,1,0,0,0,0.0,0,0,0,4,0,0,0.5598528350835497,-0.012852558287816397,-0.3474012310741756,-0.1308062160590842,1.4605144801120709,-0.21330704060913652,-0.3938181668297491,1.5491166992851797
2023-10-02 01:00:00,R002,183,79,Low,Noida-Greater Noida Expressway,Mahamaya Flyover,Pari Chowk,24.5,30,33.8,0.0,5.6,Clear,,0.0,100.0,0,1,0,0,0,0.0,1,3,2,3,0,0,-0.16565212205635418,1.7047165947203926,-0.4677877962978998,-0.7848372963545053,1.4605144801120709,-0.21330704060913652,-0.3938181668297491,-0.06414641427736806
2023-10-02 01:00:00,R003,161,81,Low,Delhi-Meerut Expressway,Nizamuddin Bridge,Meerut,96.0,90,33.8,0.0,5.6,Clear,,0.0,100.0,0,1,0,0,0,0.0,2,1,4,2,0,0,-0.31482136558044654,1.8028634034637188,1.9915377504153233,1.8312870248271789,1.4605144801120709,-0.21330704060913652,-0.3938181668297491,-0.06414641427736806
2023-10-02 01:00:00,R004,222,73,Low,Outer Ring Road (Delhi),Nehru Place,Janakpuri,22.0,50,33.8,0.0,5.6,Clear,,0.0,80.0,0,1,0,0,0,0.0,3,4,3,0,0,0,0.0987842641909005,1.410276168490414,-0.5537782000291314,0.08720414403938948,1.4605144801120709,-0.21330704060913652,-0.3938181668297491,-0.7094516597023871
2023-10-02 01:00:00,R005,160,79,Low,NH-48 (Delhi-Jaipur),Gurgaon Toll Plaza,Manesar,20.0,25,33.8,0.0,5.6,Clear,,0.0,100.0,0,1,0,0,0,0.0,4,2,1,1,0,0,-0.3216017857406326,1.7047165947203926,-0.6225705230141166,-1.002847656452979,1.4605144801120709,-0.21330704060913652,-0.3938181668297491,-0.06414641427736806
2023-10-02 02:00:00,R001,174,51,Low,Delhi-Gurgaon Expressway,Dhaula Kuan,Rajiv Chowk,28.0,45,26.8,0.0,8.9,Overcast,,0.0,50.0,0,2,0,0,2,0.0,0,0,0,4,4,0,-0.22667590349802832,0.3306612723138254,-0.3474012310741756,-0.1308062160590842,0.09040836284037715,-0.21330704060913652,0.8800020880734765,-1.6774095278399157
2023-10-02 02:00:00,R002,53,47,Low,Noida-Greater Noida Expressway,Mahamaya Flyover,Pari Chowk,24.5,30,26.8,0.0,8.9,Overcast,,0.0,100.0,0,2,0,0,2,0.0,1,3,2,3,4,0,-1.0471067428805365,0.13436765482717294,-0.4677877962978998,-0.7848372963545053,0.09040836284037715,-0.21330704060913652,0.8800020880734765,-0.06414641427736806
2023-10-02 02:00:00,R003,66,60,Low,Delhi-Meerut Expressway,Nizamuddin Bridge,Meerut,96.0,90,26.8,0.0,8.9,Overcast,,0.0,100.0,0,2,0,0,2,0.0,2,1,4,2,4,0,-0.9589612807981182,0.7723219116587934,1.9915377504153233,1.8312870248271789,0.09040836284037715,-0.21330704060913652,0.8800020880734765,-0.06414641427736806
2023-10-02 02:00:00,R004,138,64,Low,Outer Ring Road (Delhi),Nehru Place,Janakpuri,22.0,50,26.8,0.0,8.9,Overcast,,0.0,150.0,0,2,0,0,2,0.0,3,4,3,0,4,0,-0.47077102926472497,0.9686155291454459,-0.5537782000291314,0.08720414403938948,0.09040836284037715,-0.21330704060913652,0.8800020880734765,1.5491166992851797
2023-10-02 02:00:00,R005,156,65,Low,NH-48 (Delhi-Jaipur),Gurgaon Toll Plaza,Manesar,20.0,25,26.8,0.0,8.9,Overcast,,0.0,100.0,0,2,0,0,2,0.0,4,2,1,1,4,0,-0.34872346638137663,1.017688933517109,-0.6225705230141166,-1.002847656452979,0.09040836284037715,-0.21330704060913652,0.8800020880734765,-0.06414641427736806
2023-10-02 03:00:00,R001,76,52,Low,Delhi-Gurgaon Expressway,Dhaula Kuan,Rajiv Chowk,28.0,45,34.7,0.0,7.6,Clear,,0.0,80.0,0,3,0,0,0,0.0,0,0,0,4,0,0,-0.8911570791962581,0.3797346766854885,-0.3474012310741756,-0.1308062160590842,1.636670980904147,-0.21330704060913652,0.3781941088691753,-0.7094516597023871
2023-10-02 03:00:00,R002,176,33,Medium,Noida-Greater Noida Expressway,Mahamaya Flyover,Pari Chowk,24.5,30,34.7,0.0,7.6,Clear,,0.0,50.0,0,3,0,0,0,0.0,1,3,2,3,0,1,-0.2131150631776563,-0.5526600063761107,-0.4677877962978998,-0.7848372963545053,1.636670980904147,-0.21330704060913652,0.3781941088691753,-1.6774095278399157
2023-10-02 03:00:00,R003,266,74,Low,Delhi-Meerut Expressway,Nizamuddin Bridge,Meerut,96.0,90,34.7,0.0,7.6,Clear,,0.0,100.0,0,3,0,0,0,0.0,2,1,4,2,0,0,0.39712275123908525,1.4593495728620771,1.9915377504153233,1.8312870248271789,1.636670980904147,-0.21330704060913652,0.3781941088691753,-0.06414641427736806
2023-10-02 03:00:00,R004,85,74,Low,Outer Ring Road (Delhi),Nehru Place,Janakpuri,22.0,50,34.7,0.0,7.6,Clear,,0.0,80.0,0,3,0,0,0,0.0,3,4,3,0,0,0,-0.8301332977545839,1.4593495728620771,-0.5537782000291314,0.08720414403938948,1.636670980904147,-0.21330704060913652,0.3781941088691753,-0.7094516597023871
2023-10-02 03:00:00,R005,130,57,Low,NH-48 (Delhi-Jaipur),Gurgaon Toll Plaza,Manesar,20.0,25,34.7,0.0,7.6,Clear,,0.0,100.0,0,3,0,0,0,0.0,4,2,1,1,0,0,-0.5250143905462131,0.625101698543804,-0.6225705230141166,-1.002847656452979,1.636670980904147,-0.21330704060913652,0.3781941088691753,-0.06414641427736806
2023-10-02 04:00:00,R001,306,50,Low,Delhi-Gurgaon Expressway,Dhaula Kuan,Rajiv Chowk,28.0,45,27.4,0.0,6.6,Clear,,0.0,100.0,0,4,0,0,0,0.0,0,0,0,4,0,0,0.668339557646526,0.2815878679421623,-0.3474012310741756,-0.1308062160590842,0.2078460300350934,-0.21330704060913652,-0.007812028980286879,-0.06414641427736806
2023-10-02 04:00:00,R002,99,65,Low,Noida-Greater Noida Expressway,Mahamaya Flyover,Pari Chowk,24.5,30,27.4,0.0,6.6,Clear,,0.0,80.0,0,4,0,0,0,0.0,1,3,2,3,0,0,-0.7352074155119797,1.017688933517109,-0.4677877962978998,-0.7848372963545053,0.2078460300350934,-0.21330704060913652,-0.007812028980286879,-0.7094516597023871
2023-10-02 04:00:00,R003,97,50,Low,Delhi-Meerut Expressway,Nizamuddin Bridge,Meerut,96.0,90,27.4,0.0,6.6,Clear,,0.0,80.0,0,4,0,0,0,0.0,2,1,4,2,0,0,-0.7487682558323516,0.2815878679421623,1.9915377504153233,1.8312870248271789,0.2078460300350934,-0.21330704060913652,-0.007812028980286879,-0.7094516597023871
2023-10-02 04:00:00,R004,93,46,Low,Outer Ring Road (Delhi),Nehru Place,Janakpuri,22.0,50,27.4,0.0,6.6,Clear,,0.0,150.0,0,4,0,0,0,0.0,3,4,3,0,0,0,-0.7758899364730958,0.08529425045550983,-0.5537782000291314,0.08720414403938948,0.2078460300350934,-0.21330704060913652,-0.007812028980286879,1.5491166992851797
2023-10-02 04:00:00,R005,70,47,Low,NH-48 (Delhi-Jaipur),Gurgaon Toll Plaza,Manesar,20.0,25,27.4,0.0,6.6,Clear,,0.0,100.0,0,4,0,0,0,0.0,4,2,1,1,0,0,-0.9318396001573741,0.13436765482717294,-0.6225705230141166,-1.002847656452979,0.2078460300350934,-0.21330704060913652,-0.007812028980286879,-0.06414641427736806
2023-10-02 05:00:00,R001,84,59,Low,Delhi-Gurgaon Expressway,Dhaula Kuan,Rajiv Chowk,28.0,45,23.5,0.0,9.5,Partly Cloudy,,0.0,100.0,0,5,0,0,1,0.0,0,0,0,4,5,0,-0.8369137179147699,0.7232485072871303,-0.3474012310741756,-0.1308062160590842,-0.5554988067305646,-0.21330704060913652,1.1116057707831537,-0.06414641427736806
2023-10-02 05:00:00,R002,228,79,Low,Noida-Greater Noida Expressway,Mahamaya Flyover,Pari Chowk,24.5,30,23.5,0.0,9.5,Partly Cloudy,,0.0,100.0,0,5,0,0,1,0.0,1,3,2,3,5,0,0.1394667851520166,1.7047165947203926,-0.4677877962978998,-0.7848372963545053,-0.5554988067305646,-0.21330704060913652,1.1116057707831537,-0.06414641427736806
2023-10-02 05:00:00,R003,58,74,Low,Delhi-Meerut Expressway,Nizamuddin Bridge,Meerut,96.0,90,23.5,0.0,9.5,Partly Cloudy,,0.0,150.0,0,5,0,0,1,0.0,2,1,4,2,5,0,-1.0132046420796064,1.4593495728620771,1.9915377504153233,1.8312870248271789,-0.5554988067305646,-0.21330704060913652,1.1116057707831537,1.5491166992851797
2023-10-02 05:00:00,R004,211,66,Low,Outer Ring Road (Delhi),Nehru Place,Janakpuri,22.0,50,23.5,0.0,9.5,Partly Cloudy,,0.0,150.0,0,5,0,0,1,0.0,3,4,3,0,5,0,0.024199642428854314,1.066762337888772,-0.5537782000291314,0.08720414403938948,-0.5554988067305646,-0.21330704060913652,1.1116057707831537,1.5491166992851797
2023-10-02 05:00:00,R005,207,45,Low,NH-48 (Delhi-Jaipur),Gurgaon Toll Plaza,Manesar,20.0,25,23.5,0.0,9.5,Partly Cloudy,,0.0,100.0,0,5,0,0,1,0.0,4,2,1,1,5,0,-0.0029220382118897562,0.036220846083846715,-0.6225705230141166,-1.002847656452979,-0.5554988067305646,-0.21330704060913652,1.1116057707831537,-0.06414641427736806
2023-10-02 06:00:00,R001,76,43,Low,Delhi-Gurgaon Expressway,Dhaula Kuan,Rajiv Chowk,28.0,45,34.4,0.0,6.1,Clear,,0.0,100.0,0,6,0,0,0,0.0,0,0,0,4,0,0,-0.8911570791962581,-0.061925962659479514,-0.3474012310741756,-0.1308062160590842,1.577952147306788,-0.21330704060913652,-0.20081509790501798,-0.06414641427736806
2023-10-02 06:00:00,R002,73,55,Low,Noida-Greater Noida Expressway,Mahamaya Flyover,Pari Chowk,24.5,30,34.4,0.0,6.1,Clear,,0.0,100.0,0,6,0,0,0,0.0,1,3,2,3,0,0,-0.911498339676816,0.5269548898004779,-0.4677877962978998,-0.7848372963545053,1.577952147306788,-0.21330704060913652,-0.20081509790501798,-0.06414641427736806
2023-10-02 06:00:00,R003,139,58,Low,Delhi-Meerut Expressway,Nizamuddin Bridge,Meerut,96.0,90,34.4,0.0,6.1,Clear,,0.0,100.0,0,6,0,0,0,0.0,2,1,4,2,0,0,-0.46399060910453893,0.6741751029154672,1.9915377504153233,1.8312870248271789,1.577952147306788,-0.21330704060913652,-0.20081509790501798,-0.06414641427736806
2023-10-02 06:00:00,R004,119,50,Low,Outer Ring Road (Delhi),Nehru Place,Janakpuri,22.0,50,34.4,0.0,6.1,Clear,,0.0,100.0,0,6,0,0,0,0.0,3,4,3,0,0,0,-0.5995990123082593,0.2815878679421623,-0.5537782000291314,0.08720414403938948,1.577952147306788,-0.21330704060913652,-0.20081509790501798,-0.06414641427736806
2023-10-02 06:00:00,R005,115,36,Medium,NH-48 (Delhi-Jaipur),Gurgaon Toll Plaza,Manesar,20.0,25,34.4,0.0,6.1,Clear,,0.0,80.0,0,6,0,0,0,0.0,4,2,1,1,0,1,-0.6267206929490033,-0.40543979326112134,-0.6225705230141166,-1.002847656452979,1.577952147306788,-0.21330704060913652,-0.20081509790501798,-0.7094516597023871
2023-10-02 07:00:00,R001,130,65,Low,Delhi-Gurgaon Expressway,Dhaula Kuan,Rajiv Chowk,28.0,45,24.4,0.0,6.4,Clear,,0.0,100.0,0,7,0,0,0,0.0,0,0,0,4,0,0,-0.5250143905462131,1.017688933517109,-0.3474012310741756,-0.1308062160590842,-0.37934230593848994,-0.21330704060913652,-0.08501325655017905,-0.06414641427736806
2023-10-02 07:00:00,R002,147,81,Low,Noida-Greater Noida Expressway,Mahamaya Flyover,Pari Chowk,24.5,30,24.4,0.0,6.4,Clear,,0.0,80.0,0,7,0,0,0,0.0,1,3,2,3,0,0,-0.4097472478230508,1.8028634034637188,-0.4677877962978998,-0.7848372963545053,-0.37934230593848994,-0.21330704060913652,-0.08501325655017905,-0.7094516597023871
2023-10-02 07:00:00,R003,95,51,Low,Delhi-Meerut Expressway,Nizamuddin Bridge,Meerut,96.0,90,24.4,0.0,6.4,Clear,,0.0,100.0,0,7,0,0,0,0.0,2,1,4,2,0,0,-0.7623290961527237,0.3306612723138254,1.9915377504153233,1.8312870248271789,-0.37934230593848994,-0.21330704060913652,-0.08501325655017905,-0.06414641427736806
2023-10-02 07:00:00,R004,128,62,Low,Outer Ring Road (Delhi),Nehru Place,Janakpuri,22.0,50,24.4,0.0,6.4,Clear,,0.0,100.0,0,7,0,0,0,0.0,3,4,3,0,0,0,-0.5385752308665851,0.8704687204021196,-0.5537782000291314,0.08720414403938948,-0.37934230593848994,-0.21330704060913652,-0.08501325655017905,-0.06414641427736806
2023-10-02 07:00:00,R005,89,53,Low,NH-48 (Delhi-Jaipur),Gurgaon Toll Plaza,Manesar,20.0,25,24.4,0.0,6.4,Clear,,0.0,50.0,0,7,0,0,0,0.0,4,2,1,1,0,0,-0.8030116171138398,0.4288080810571516,-0.6225705230141166,-1.002847656452979,-0.37934230593848994,-0.21330704060913652,-0.08501325655017905,-1.6774095278399157
2023-10-02 08:00:00,R001,255,16,High,Delhi-Gurgaon Expressway,Dhaula Kuan,Rajiv Chowk,28.0,45,31.6,0.0,9.0,Clear,,0.0,150.0,1,8,0,1,0,0.0,0,0,0,4,0,2,0.3225381294770391,-1.3869078806943835,-0.3474012310741756,-0.1308062160590842,1.0299097003981106,-0.21330704060913652,0.9186027018584226,1.5491166992851797
2023-10-02 08:00:00,R002,200,27,Medium,Noida-Greater Noida Expressway,Mahamaya Flyover,Pari Chowk,24.5,30,31.6,0.0,9.0,Clear,,0.0,100.0,0,8,0,1,0,0.0,1,3,2,3,0,1,-0.05038497933319188,-0.8471004326060894,-0.4677877962978998,-0.7848372963545053,1.0299097003981106,-0.21330704060913652,0.9186027018584226,-0.06414641427736806
2023-10-02 08:00:00,R003,220,25,Medium,Delhi-Meerut Expressway,Nizamuddin Bridge,Meerut,96.0,90,31.6,0.0,9.0,Clear,,0.0,150.0,1,8,0,1,0,0.0,2,1,4,2,0,1,0.08522342387052848,-0.9452472413494156,1.9915377504153233,1.8312870248271789,1.0299097003981106,-0.21330704060913652,0.9186027018584226,1.5491166992851797
2023-10-02 08:00:00,R004,363,17,High,Outer Ring Road (Delhi),Nehru Place,Janakpuri,22.0,50,31.6,0.0,9.0,Clear,,0.0,150.0,1,8,0,1,0,0.0,3,4,3,0,0,2,1.054823506777129,-1.3378344763227206,-0.5537782000291314,0.08720414403938948,1.0299097003981106,-0.21330704060913652,0.9186027018584226,1.5491166992851797
2023-10-02 08:00:00,R005,246,25,Medium,NH-48 (Delhi-Jaipur),Gurgaon Toll Plaza,Manesar,20.0,25,31.6,0.0,9.0,Clear,,0.0,100.0,0,8,0,1,0,0.0,4,2,1,1,0,1,0.26151434803536494,-0.9452472413494156,-0.6225705230141166,-1.002847656452979,1.0299097003981106,-0.21330704060913652,0.9186027018584226,-0.06414641427736806
2023-10-02 09:00:00,R001,657,12,High,Delhi-Gurgaon Expressway,Dhaula Kuan,Rajiv Chowk,28.0,45,28.6,0.0,9.5,Clear,,0.0,100.0,0,9,0,1,0,0.0,0,0,0,4,0,2,3.0482670338718183,-1.583201498181036,-0.3474012310741756,-0.1308062160590842,0.4427213644245273,-0.21330704060913652,1.1116057707831537,-0.06414641427736806
2023-10-02 09:00:00,R002,462,22,Medium,Noida-Greater Noida Expressway,Mahamaya Flyover,Pari Chowk,24.5,30,28.6,0.0,9.5,Clear,,0.0,100.0,0,9,0,1,0,0.0,1,3,2,3,0,1,1.7260851026355446,-1.0924674544644049,-0.4677877962978998,-0.7848372963545053,0.4427213644245273,-0.21330704060913652,1.1116057707831537,-0.06414641427736806
2023-10-02 09:00:00,R003,464,30,Medium,Delhi-Meerut Expressway,Nizamuddin Bridge,Meerut,96.0,90,28.6,0.0,9.5,Clear,,0.0,100.0,0,9,0,1,0,0.0,2,1,4,2,0,1,1.7396459429559168,-0.6998802194911,1.9915377504153233,1.8312870248271789,0.4427213644245273,-0.21330704060913652,1.1116057707831537,-0.06414641427736806
2023-10-02 09:00:00,R004,720,34,Medium,Outer Ring Road (Delhi),Nehru Place,Janakpuri,22.0,50,28.6,0.0,9.5,Clear,,0.0,120.0,1,9,0,1,0,0.0,3,4,3,0,0,1,3.4754335039635373,-0.5035866020044475,-0.5537782000291314,0.08720414403938948,0.4427213644245273,-0.21330704060913652,1.1116057707831537,0.581158831147651
2023-10-02 09:00:00,R005,171,19,High,NH-48 (Delhi-Jaipur),Gurgaon Toll Plaza,Manesar,20.0,25,28.6,0.0,9.5,Clear,,0.0,100.0,0,9,0,1,0,0.0,4,2,1,1,0,2,-0.2470171639785864,-1.2396876675793942,-0.6225705230141166,-1.002847656452979,0.4427213644245273,-0.21330704060913652,1.1116057707831537,-0.06414641427736806
2023-10-02 10:00:00,R001,222,23,Medium,Delhi-Gurgaon Expressway,Dhaula Kuan,Rajiv Chowk,28.0,45,21.5,0.0,6.1,Partly Cloudy,,0.0,100.0,0,10,0,1,1,0.0,0,0,0,4,5,1,0.0987842641909005,-1.0433940500927419,-0.3474012310741756,-0.1308062160590842,-0.9469576973796202,-0.21330704060913652,-0.20081509790501798,-0.06414641427736806
2023-10-02 10:00:00,R002,199,26,Medium,Noida-Greater Noida Expressway,Mahamaya Flyover,Pari Chowk,24.5,30,21.5,0.0,6.1,Partly Cloudy,,0.0,150.0,1,10,0,1,1,0.0,1,3,2,3,5,1,-0.05716539949337789,-0.8961738369777524,-0.4677877962978998,-0.7848372963545053,-0.9469576973796202,-0.21330704060913652,-0.20081509790501798,1.5491166992851797
2023-10-02 10:00:00,R003,441,10,High,Delhi-Meerut Expressway,Nizamuddin Bridge,Meerut,96.0,90,21.5,0.0,6.1,Partly Cloudy,,0.0,100.0,0,10,0,1,1,0.0,2,1,4,2,5,2,1.5836962792716383,-1.6813483069243622,1.9915377504153233,1.8312870248271789,-0.9469576973796202,-0.21330704060913652,-0.20081509790501798,-0.06414641427736806
2023-10-02 10:00:00,R004,682,14,High,Outer Ring Road (Delhi),Nehru Place,Janakpuri,22.0,50,21.5,0.0,6.1,Partly Cloudy,,0.0,225.0,1,10,0,1,1,0.0,3,4,3,0,5,2,3.2177775378764686,-1.48505468943771,-0.5537782000291314,0.08720414403938948,-0.9469576973796202,-0.21330704060913652,-0.20081509790501798,3.9690113696290013
2023-10-02 10:00:00,R005,218,36,Medium,NH-48 (Delhi-Jaipur),Gurgaon Toll Plaza,Manesar,20.0,25,21.5,0.0,6.1,Partly Cloudy,,0.0,120.0,1,10,0,1,1,0.0,4,2,1,1,5,1,0.07166258355015644,-0.40543979326112134,-0.6225705230141166,-1.002847656452979,-0.9469576973796202,-0.21330704060913652,-0.20081509790501798,0.581158831147651
2023-10-02 11:00:00,R001,670,14,High,Delhi-Gurgaon Expressway,Dhaula Kuan,Rajiv Chowk,28.0,45,25.4,0.0,9.1,Clear,,0.0,100.0,0,11,0,1,0,0.0,0,0,0,4,0,2,3.1364124959542363,-1.48505468943771,-0.3474012310741756,-0.1308062160590842,-0.18361286061396218,-0.21330704060913652,0.9572033156433687,-0.06414641427736806
2023-10-02 11:00:00,R002,229,30,Medium,Noida-Greater Noida Expressway,Mahamaya Flyover,Pari Chowk,24.5,30,25.4,0.0,9.1,Clear,,0.0,75.0,1,11,0,1,0,0.0,1,3,2,3,0,1,0.14624720531220262,-0.6998802194911,-0.4677877962978998,-0.7848372963545053,-0.18361286061396218,-0.21330704060913652,0.9572033156433687,-0.8707779710586419
2023-10-02 11:00:00,R003,358,28,Medium,Delhi-Meerut Expressway,Nizamuddin Bridge,Meerut,96.0,90,25.4,0.0,9.1,Clear,,0.0,100.0,0,11,0,1,0,0.0,2,1,4,2,0,1,1.0209214059761988,-0.7980270282344263,1.9915377504153233,1.8312870248271789,-0.18361286061396218,-0.21330704060913652,0.9572033156433687,-0.06414641427736806
2023-10-02 11:00:00,R004,629,31,Medium,Outer Ring Road (Delhi),Nehru Place,Janakpuri,22.0,50,25.4,0.0,9.1,Clear,,0.0,100.0,0,11,0,1,0,0.0,3,4,3,0,0,1,2.85841526938661,-0.6508068151194368,-0.5537782000291314,0.08720414403938948,-0.18361286061396218,-0.21330704060913652,0.9572033156433687,-0.06414641427736806
2023-10-02 11:00:00,R005,464,16,High,NH-48 (Delhi-Jaipur),Gurgaon Toll Plaza,Manesar,20.0,25,25.4,0.0,9.1,Clear,,0.0,100.0,0,11,0,1,0,0.0,4,2,1,1,0,2,1.7396459429559168,-1.3869078806943835,-0.6225705230141166,-1.002847656452979,-0.18361286061396218,-0.21330704060913652,0.9572033156433687,-0.06414641427736806
2023-10-02 12:00:00,R001,220,20,Medium,Delhi-Gurgaon Expressway,Dhaula Kuan,Rajiv Chowk,28.0,45,22.0,2.7,6.1,Heavy Rain,,0.0,100.0,0,12,0,0,5,0.0,0,0,0,4,2,1,0.08522342387052848,-1.1906142632077312,-0.3474012310741756,-0.1308062160590842,-0.8490929747173563,1.8497222476702735,-0.20081509790501798,-0.06414641427736806
2023-10-02 12:00:00,R002,146,39,Medium,Noida-Greater Noida Expressway,Mahamaya Flyover,Pari Chowk,24.5,30,22.0,2.7,6.1,Heavy Rain,,0.0,150.0,0,12,0,0,5,0.0,1,3,2,3,2,1,-0.4165276679832368,-0.25821958014613194,-0.4677877962978998,-0.7848372963545053,-0.8490929747173563,1.8497222476702735,-0.20081509790501798,1.5491166992851797
2023-10-02 12:00:00,R003,69,24,Medium,Delhi-Meerut Expressway,Nizamuddin Bridge,Meerut,96.0,90,22.0,2.7,6.1,Heavy Rain,,0.0,50.0,0,12,0,0,5,0.0,2,1,4,2,2,1,-0.9386200203175602,-0.9943206457210787,1.9915377504153233,1.8312870248271789,-0.8490929747173563,1.8497222476702735,-0.20081509790501798,-1.6774095278399157
2023-10-02 12:00:00,R004,190,31,Medium,Outer Ring Road (Delhi),Nehru Place,Janakpuri,22.0,50,22.0,2.7,6.1,Heavy Rain,,0.0,100.0,0,12,0,0,5,0.0,3,4,3,0,2,1,-0.11818918093505205,-0.6508068151194368,-0.5537782000291314,0.08720414403938948,-0.8490929747173563,1.8497222476702735,-0.20081509790501798,-0.06414641427736806
2023-10-02 12:00:00,R005,160,33,Medium,NH-48 (Delhi-Jaipur),Gurgaon Toll Plaza,Manesar,20.0,25,22.0,2.7,6.1,Heavy Rain,,0.0,80.0,0,12,0,0,5,0.0,4,2,1,1,2,1,-0.3216017857406326,-0.5526600063761107,-0.6225705230141166,-1.002847656452979,-0.8490929747173563,1.8497222476702735,-0.20081509790501798,-0.7094516597023871
2023-10-02 13:00:00,R001,121,32,Medium,Delhi-Gurgaon Expressway,Dhaula Kuan,Rajiv Chowk,28.0,45,25.8,0.0,6.7,Clear,,0.0,50.0,0,13,0,0,0,0.0,0,0,0,4,0,1,-0.5860381719878872,-0.6017334107477738,-0.3474012310741756,-0.1308062160590842,-0.10532108248415063,-0.21330704060913652,0.030788584804659548,-1.6774095278399157
2023-10-02 13:00:00,R002,72,51,Low,Noida-Greater Noida Expressway,Mahamaya Flyover,Pari Chowk,24.5,30,25.8,0.0,6.7,Clear,,0.0,150.0,0,13,0,0,0,0.0,1,3,2,3,0,0,-0.9182787598370021,0.3306612723138254,-0.4677877962978998,-0.7848372963545053,-0.10532108248415063,-0.21330704060913652,0.030788584804659548,1.5491166992851797
2023-10-02 13:00:00,R003,135,55,Low,Delhi-Meerut Expressway,Nizamuddin Bridge,Meerut,96.0,90,25.8,0.0,6.7,Clear,,0.0,50.0,0,13,0,0,0,0.0,2,1,4,2,0,0,-0.491112289745283,0.5269548898004779,1.9915377504153233,1.8312870248271789,-0.10532108248415063,-0.21330704060913652,0.030788584804659548,-1.6774095278399157
2023-10-02 13:00:00,R004,139,46,Low,Outer Ring Road (Delhi),Nehru Place,Janakpuri,22.0,50,25.8,0.0,6.7,Clear,,0.0,80.0,0,13,0,0,0,0.0,3,4,3,0,0,0,-0.46399060910453893,0.08529425045550983,-0.5537782000291314,0.08720414403938948,-0.10532108248415063,-0.21330704060913652,0.030788584804659548,-0.7094516597023871
2023-10-02 13:00:00,R005,102,57,Low,NH-48 (Delhi-Jaipur),Gurgaon Toll Plaza,Manesar,20.0,25,25.8,0.0,6.7,Clear,,0.0,50.0,0,13,0,0,0,0.0,4,2,1,1,0,0,-0.7148661550314216,0.625101698543804,-0.6225705230141166,-1.002847656452979,-0.10532108248415063,-0.21330704060913652,0.030788584804659548,-1.6774095278399157
2023-10-02 14:00:00,R001,248,35,Medium,Delhi-Gurgaon Expressway,Dhaula Kuan,Rajiv Chowk,28.0,45,26.1,0.0,1.6,Fog,,0.0,80.0,0,14,0,0,3,0.0,0,0,0,4,1,1,0.27507518835573697,-0.4545131976327844,-0.3474012310741756,-0.1308062160590842,-0.046602248886792166,-0.21330704060913652,-1.937842718227598,-0.7094516597023871
2023-10-02 14:00:00,R002,117,49,Low,Noida-Greater Noida Expressway,Mahamaya Flyover,Pari Chowk,24.5,30,26.1,0.0,1.6,Fog,,0.0,150.0,0,14,0,0,3,0.0,1,3,2,3,1,0,-0.6131598526286313,0.23251446357049918,-0.4677877962978998,-0.7848372963545053,-0.046602248886792166,-0.21330704060913652,-1.937842718227598,1.5491166992851797
2023-10-02 14:00:00,R003,119,34,Medium,Delhi-Meerut Expressway,Nizamuddin Bridge,Meerut,96.0,90,26.1,0.0,1.6,Fog,,0.0,100.0,0,14,0,0,3,0.0,2,1,4,2,1,1,-0.5995990123082593,-0.5035866020044475,1.9915377504153233,1.8312870248271789,-0.046602248886792166,-0.21330704060913652,-1.937842718227598,-0.06414641427736806
2023-10-02 14:00:00,R004,122,34,Medium,Outer Ring Road (Delhi),Nehru Place,Janakpuri,22.0,50,26.1,0.0,1.6,Fog,,0.0,100.0,0,14,0,0,3,0.0,3,4,3,0,1,1,-0.5792577518277012,-0.5035866020044475,-0.5537782000291314,0.08720414403938948,-0.046602248886792166,-0.21330704060913652,-1.937842718227598,-0.06414641427736806
2023-10-02 14:00:00,R005,171,28,Medium,NH-48 (Delhi-Jaipur),Gurgaon Toll Plaza,Manesar,20.0,25,26.1,0.0,1.6,Fog,,0.0,100.0,0,14,0,0,3,0.0,4,2,1,1,1,1,-0.2470171639785864,-0.7980270282344263,-0.6225705230141166,-1.002847656452979,-0.046602248886792166,-0.21330704060913652,-1.937842718227598,-0.06414641427736806
2023-10-02 15:00:00,R001,162,44,Low,Delhi-Gurgaon Expressway,Dhaula Kuan,Rajiv Chowk,28.0,45,16.9,0.0,9.9,Clear,,0.0,100.0,0,15,0,0,0,0.0,0,0,0,4,0,0,-0.30804094542026056,-0.012852558287816397,-0.3474012310741756,-0.1308062160590842,-1.8473131458724483,-0.21330704060913652,1.2660082259229388,-0.06414641427736806
2023-10-02 15:00:00,R002,194,72,Low,Noida-Greater Noida Expressway,Mahamaya Flyover,Pari Chowk,24.5,30,16.9,0.0,9.9,Clear,,0.0,80.0,0,15,0,0,0,0.0,1,3,2,3,0,0,-0.09106750029430798,1.3612027641187507,-0.4677877962978998,-0.7848372963545053,-1.8473131458724483,-0.21330704060913652,1.2660082259229388,-0.7094516597023871
2023-10-02 15:00:00,R003,193,85,Low,Delhi-Meerut Expressway,Nizamuddin Bridge,Meerut,96.0,90,16.9,0.0,9.9,Clear,,0.0,100.0,0,15,0,0,0,0.0,2,1,4,2,0,0,-0.097847920454494,1.9991570209503713,1.9915377504153233,1.8312870248271789,-1.8473131458724483,-0.21330704060913652,1.2660082259229388,-0.06414641427736806
2023-10-02 15:00:00,R004,266,39,Medium,Outer Ring Road (Delhi),Nehru Place,Janakpuri,22.0,50,16.9,0.0,9.9,Clear,,0.0,100.0,0,15,0,0,0,0.0,3,4,3,0,0,1,0.39712275123908525,-0.25821958014613194,-0.5537782000291314,0.08720414403938948,-1.8473131458724483,-0.21330704060913652,1.2660082259229388,-0.06414641427736806
2023-10-02 15:00:00,R005,126,55,Low,NH-48 (Delhi-Jaipur),Gurgaon Toll Plaza,Manesar,20.0,25,16.9,0.0,9.9,Clear,,0.0,100.0,0,15,0,0,0,0.0,4,2,1,1,0,0,-0.5521360711869572,0.5269548898004779,-0.6225705230141166,-1.002847656452979,-1.8473131458724483,-0.21330704060913652,1.2660082259229388,-0.06414641427736806
2023-10-02 16:00:00,R001,138,31,Medium,Delhi-Gurgaon Expressway,Dhaula Kuan,Rajiv Chowk,28.0,45,24.9,0.0,1.0,Fog,,0.0,100.0,0,16,0,0,3,0.0,0,0,0,4,1,1,-0.47077102926472497,-0.6508068151194368,-0.3474012310741756,-0.1308062160590842,-0.2814775832762261,-0.21330704060913652,-2.169446400937275,-0.06414641427736806
2023-10-02 16:00:00,R002,79,30,Medium,Noida-Greater Noida Expressway,Mahamaya Flyover,Pari Chowk,24.5,30,24.9,0.0,1.0,Fog,,0.0,50.0,0,16,0,0,3,0.0,1,3,2,3,1,1,-0.8708158187157,-0.6998802194911,-0.4677877962978998,-0.7848372963545053,-0.2814775832762261,-0.21330704060913652,-2.169446400937275,-1.6774095278399157
2023-10-02 16:00:00,R003,119,38,Medium,Delhi-Meerut Expressway,Nizamuddin Bridge,Meerut,96.0,90,24.9,0.0,1.0,Fog,,0.0,50.0,0,16,0,0,3,0.0,2,1,4,2,1,1,-0.5995990123082593,-0.3072929845177951,1.9915377504153233,1.8312870248271789,-0.2814775832762261,-0.21330704060913652,-2.169446400937275,-1.6774095278399157
2023-10-02 16:00:00,R004,77,25,Medium,Outer Ring Road (Delhi),Nehru Place,Janakpuri,22.0,50,24.9,0.0,1.0,Fog,,0.0,100.0,0,16,0,0,3,0.0,3,4,3,0,1,1,-0.884376659036072,-0.9452472413494156,-0.5537782000291314,0.08720414403938948,-0.2814775832762261,-0.21330704060913652,-2.169446400937275,-0.06414641427736806
2023-10-02 16:00:00,R005,123,34,Medium,NH-48 (Delhi-Jaipur),Gurgaon Toll Plaza,Manesar,20.0,25,24.9,0.0,1.0,Fog,,0.0,50.0,0,16,0,0,3,0.0,4,2,1,1,1,1,-0.5724773316675152,-0.5035866020044475,-0.6225705230141166,-1.002847656452979,-0.2814775832762261,-0.21330704060913652,-2.169446400937275,-1.6774095278399157
2023-10-02 17:00:00,R001,812,13,High,Delhi-Gurgaon Expressway,Dhaula Kuan,Rajiv Chowk,28.0,45,18.6,0.0,5.2,Clear,,0.0,100.0,0,17,0,1,0,0.0,0,0,0,4,0,2,4.099232158700651,-1.5341280938093729,-0.3474012310741756,-0.1308062160590842,-1.5145730888207505,-0.21330704060913652,-0.5482206219695338,-0.06414641427736806
2023-10-02 17:00:00,R002,681,27,Medium,Noida-Greater Noida Expressway,Mahamaya Flyover,Pari Chowk,24.5,30,18.6,0.0,5.2,Clear,,0.0,100.0,0,17,0,1,0,0.0,1,3,2,3,0,1,3.210997117716283,-0.8471004326060894,-0.4677877962978998,-0.7848372963545053,-1.5145730888207505,-0.21330704060913652,-0.5482206219695338,-0.06414641427736806
2023-10-02 17:00:00,R003,253,22,Medium,Delhi-Meerut Expressway,Nizamuddin Bridge,Meerut,96.0,90,18.6,0.0,5.2,Clear,,0.0,225.0,1,17,0,1,0,0.0,2,1,4,2,0,1,0.30897728915666706,-1.0924674544644049,1.9915377504153233,1.8312870248271789,-1.5145730888207505,-0.21330704060913652,-0.5482206219695338,3.9690113696290013
2023-10-02 17:00:00,R004,284,24,Medium,Outer Ring Road (Delhi),Nehru Place,Janakpuri,22.0,50,18.6,0.0,5.2,Clear,,0.0,100.0,0,17,0,1,0,0.0,3,4,3,0,0,1,0.5191703141224335,-0.9943206457210787,-0.5537782000291314,0.08720414403938948,-1.5145730888207505,-0.21330704060913652,-0.5482206219695338,-0.06414641427736806
2023-10-02 17:00:00,R005,262,17,High,NH-48 (Delhi-Jaipur),Gurgaon Toll Plaza,Manesar,20.0,25,18.6,0.0,5.2,Clear,,0.0,100.0,0,17,0,1,0,0.0,4,2,1,1,0,2,0.3700010705983412,-1.3378344763227206,-0.6225705230141166,-1.002847656452979,-1.5145730888207505,-0.21330704060913652,-0.5482206219695338,-0.06414641427736806
2023-10-02 18:00:00,R001,609,19,High,Delhi-Gurgaon Expressway,Dhaula Kuan,Rajiv Chowk,28.0,45,21.7,0.0,6.4,Partly Cloudy,,0.0,100.0,0,18,0,1,1,0.0,0,0,0,4,5,2,2.7228068661828893,-1.2396876675793942,-0.3474012310741756,-0.1308062160590842,-0.9078118083147149,-0.21330704060913652,-0.08501325655017905,-0.06414641427736806
2023-10-02 18:00:00,R002,251,24,Medium,Noida-Greater Noida Expressway,Mahamaya Flyover,Pari Chowk,24.5,30,21.7,0.0,6.4,Partly Cloudy,,0.0,120.0,1,18,0,1,1,0.0,1,3,2,3,5,1,0.29541644883629503,-0.9943206457210787,-0.4677877962978998,-0.7848372963545053,-0.9078118083147149,-0.21330704060913652,-0.08501325655017905,0.581158831147651
2023-10-02 18:00:00,R003,570,21,Medium,Delhi-Meerut Expressway,Nizamuddin Bridge,Meerut,96.0,90,21.7,0.0,6.4,Partly Cloudy,,0.0,150.0,1,18,0,1,1,0.0,2,1,4,2,5,1,2.4583704799356347,-1.141540858836068,1.9915377504153233,1.8312870248271789,-0.9078118083147149,-0.21330704060913652,-0.08501325655017905,1.5491166992851797
2023-10-02 18:00:00,R004,368,23,Medium,Outer Ring Road (Delhi),Nehru Place,Janakpuri,22.0,50,21.7,0.0,6.4,Partly Cloudy,,0.0,100.0,0,18,0,1,1,0.0,3,4,3,0,5,1,1.0887256075780591,-1.0433940500927419,-0.5537782000291314,0.08720414403938948,-0.9078118083147149,-0.21330704060913652,-0.08501325655017905,-0.06414641427736806
2023-10-02 18:00:00,R005,442,17,High,NH-48 (Delhi-Jaipur),Gurgaon Toll Plaza,Manesar,20.0,25,21.7,0.0,6.4,Partly Cloudy,,0.0,100.0,0,18,0,1,1,0.0,4,2,1,1,5,2,1.5904766994318242,-1.3378344763227206,-0.6225705230141166,-1.002847656452979,-0.9078118083147149,-0.21330704060913652,-0.08501325655017905,-0.06414641427736806
2023-10-02 19:00:00,R001,604,7,High,Delhi-Gurgaon Expressway,Dhaula Kuan,Rajiv Chowk,28.0,45,25.0,0.0,0.9,Fog,,0.0,100.0,0,19,0,1,3,0.0,0,0,0,4,1,2,2.688904765381959,-1.8285685200393516,-0.3474012310741756,-0.1308062160590842,-0.261904638743773,-0.21330704060913652,-2.2080470147222213,-0.06414641427736806
2023-10-02 19:00:00,R002,199,13,High,Noida-Greater Noida Expressway,Mahamaya Flyover,Pari Chowk,24.5,30,25.0,0.0,0.9,Fog,Major,5.0,100.0,0,19,0,1,3,3.0,1,3,2,3,1,2,-0.05716539949337789,-1.5341280938093729,-0.4677877962978998,-0.7848372963545053,-0.261904638743773,-0.21330704060913652,-2.2080470147222213,-0.06414641427736806
2023-10-02 19:00:00,R003,412,10,High,Delhi-Meerut Expressway,Nizamuddin Bridge,Meerut,96.0,90,25.0,0.0,0.9,Fog,,0.0,100.0,0,19,0,1,3,0.0,2,1,4,2,1,2,1.3870640946262438,-1.6813483069243622,1.9915377504153233,1.8312870248271789,-0.261904638743773,-0.21330704060913652,-2.2080470147222213,-0.06414641427736806
2023-10-02 19:00:00,R004,351,10,High,Outer Ring Road (Delhi),Nehru Place,Janakpuri,22.0,50,25.0,0.0,0.9,Fog,,0.0,100.0,0,19,0,1,3,0.0,3,4,3,0,1,2,0.9734584648548967,-1.6813483069243622,-0.5537782000291314,0.08720414403938948,-0.261904638743773,-0.21330704060913652,-2.2080470147222213,-0.06414641427736806
2023-10-02 19:00:00,R005,294,9,High,NH-48 (Delhi-Jaipur),Gurgaon Toll Plaza,Manesar,20.0,25,25.0,0.0,0.9,Fog,,0.0,150.0,1,19,0,1,3,0.0,4,2,1,1,1,2,0.5869745157242937,-1.7304217112960254,-0.6225705230141166,-1.002847656452979,-0.261904638743773,-0.21330704060913652,-2.2080470147222213,1.5491166992851797
2023-10-02 20:00:00,R001,589,19,High,Delhi-Gurgaon Expressway,Dhaula Kuan,Rajiv Chowk,28.0,45,28.7,0.0,6.2,Clear,,0.0,100.0,0,20,0,1,0,0.0,0,0,0,4,0,2,2.587198462979169,-1.2396876675793942,-0.3474012310741756,-0.1308062160590842,0.46229430895697965,-0.21330704060913652,-0.16221448412007156,-0.06414641427736806
2023-10-02 20:00:00,R002,291,8,High,Noida-Greater Noida Expressway,Mahamaya Flyover,Pari Chowk,24.5,30,28.7,0.0,6.2,Clear,,0.0,150.0,1,20,0,1,0,0.0,1,3,2,3,0,2,0.5666332552437358,-1.7794951156676886,-0.4677877962978998,-0.7848372963545053,0.46229430895697965,-0.21330704060913652,-0.16221448412007156,1.5491166992851797
2023-10-02 20:00:00,R003,298,16,High,Delhi-Meerut Expressway,Nizamuddin Bridge,Meerut,96.0,90,28.7,0.0,6.2,Clear,,0.0,120.0,1,20,0,1,0,0.0,2,1,4,2,0,2,0.6140961963650379,-1.3869078806943835,1.9915377504153233,1.8312870248271789,0.46229430895697965,-0.21330704060913652,-0.16221448412007156,0.581158831147651
2023-10-02 20:00:00,R004,500,17,High,Outer Ring Road (Delhi),Nehru Place,Janakpuri,22.0,50,28.7,0.0,6.2,Clear,,0.0,75.0,1,20,0,1,0,0.0,3,4,3,0,0,2,1.9837410687226136,-1.3378344763227206,-0.5537782000291314,0.08720414403938948,0.46229430895697965,-0.21330704060913652,-0.16221448412007156,-0.8707779710586419
2023-10-02 20:00:00,R005,339,23,Medium,NH-48 (Delhi-Jaipur),Gurgaon Toll Plaza,Manesar,20.0,25,28.7,0.0,6.2,Clear,,0.0,120.0,1,20,0,1,0,0.0,4,2,1,1,0,1,0.8920934229326646,-1.0433940500927419,-0.6225705230141166,-1.002847656452979,0.46229430895697965,-0.21330704060913652,-0.16221448412007156,0.581158831147651
2023-10-02 21:00:00,R001,87,35,Medium,Delhi-Gurgaon Expressway,Dhaula Kuan,Rajiv Chowk,28.0,45,25.0,0.0,8.8,Partly Cloudy,Minor,3.0,100.0,0,21,0,0,1,1.0,0,0,0,4,5,1,-0.8165724574342118,-0.4545131976327844,-0.3474012310741756,-0.1308062160590842,-0.261904638743773,-0.21330704060913652,0.8414014742885304,-0.06414641427736806
2023-10-02 21:00:00,R002,80,77,Low,Noida-Greater Noida Expressway,Mahamaya Flyover,Pari Chowk,24.5,30,25.0,0.0,8.8,Partly Cloudy,,0.0,100.0,0,21,0,0,1,0.0,1,3,2,3,5,0,-0.8640353985555139,1.6065697859770665,-0.4677877962978998,-0.7848372963545053,-0.261904638743773,-0.21330704060913652,0.8414014742885304,-0.06414641427736806
2023-10-02 21:00:00,R003,137,68,Low,Delhi-Meerut Expressway,Nizamuddin Bridge,Meerut,96.0,90,25.0,0.0,8.8,Partly Cloudy,,0.0,80.0,0,21,0,0,1,0.0,2,1,4,2,5,0,-0.47755144942491096,1.1649091466320984,1.9915377504153233,1.8312870248271789,-0.261904638743773,-0.21330704060913652,0.8414014742885304,-0.7094516597023871
2023-10-02 21:00:00,R004,165,53,Low,Outer Ring Road (Delhi),Nehru Place,Janakpuri,22.0,50,25.0,0.0,8.8,Partly Cloudy,,0.0,100.0,0,21,0,0,1,0.0,3,4,3,0,5,0,-0.2876996849397025,0.4288080810571516,-0.5537782000291314,0.08720414403938948,-0.261904638743773,-0.21330704060913652,0.8414014742885304,-0.06414641427736806
2023-10-02 21:00:00,R005,57,55,Low,NH-48 (Delhi-Jaipur),Gurgaon Toll Plaza,Manesar,20.0,25,25.0,0.0,8.8,Partly Cloudy,,0.0,100.0,0,21,0,0,1,0.0,4,2,1,1,5,0,-1.0199850622397924,0.5269548898004779,-0.6225705230141166,-1.002847656452979,-0.261904638743773,-0.21330704060913652,0.8414014742885304,-0.06414641427736806
2023-10-02 22:00:00,R001,112,36,Medium,Delhi-Gurgaon Expressway,Dhaula Kuan,Rajiv Chowk,28.0,45,23.0,0.0,8.2,Clear,,0.0,100.0,0,22,0,0,0,0.0,0,0,0,4,0,1,-0.6470619534295614,-0.40543979326112134,-0.3474012310741756,-0.1308062160590842,-0.6533635293928286,-0.21330704060913652,0.6097977915788525,-0.06414641427736806
2023-10-02 22:00:00,R002,90,69,Low,Noida-Greater Noida Expressway,Mahamaya Flyover,Pari Chowk,24.5,30,23.0,0.0,8.2,Clear,,0.0,80.0,0,22,0,0,0,0.0,1,3,2,3,0,0,-0.7962311969536537,1.2139825510037614,-0.4677877962978998,-0.7848372963545053,-0.6533635293928286,-0.21330704060913652,0.6097977915788525,-0.7094516597023871
2023-10-02 22:00:00,R003,94,86,Low,Delhi-Meerut Expressway,Nizamuddin Bridge,Meerut,96.0,90,23.0,0.0,8.2,Clear,,0.0,150.0,0,22,0,0,0,0.0,2,1,4,2,0,0,-0.7691095163129097,2.0482304253220343,1.9915377504153233,1.8312870248271789,-0.6533635293928286,-0.21330704060913652,0.6097977915788525,1.5491166992851797
2023-10-02 22:00:00,R004,86,70,Low,Outer Ring Road (Delhi),Nehru Place,Janakpuri,22.0,50,23.0,0.0,8.2,Clear,Minor,3.0,100.0,0,22,0,0,0,1.0,3,4,3,0,0,0,-0.8233528775943979,1.2630559553754246,-0.5537782000291314,0.08720414403938948,-0.6533635293928286,-0.21330704060913652,0.6097977915788525,-0.06414641427736806
2023-10-02 22:00:00,R005,77,50,Low,NH-48 (Delhi-Jaipur),Gurgaon Toll Plaza,Manesar,20.0,25,23.0,0.0,8.2,Clear,,0.0,100.0,0,22,0,0,0,0.0,4,2,1,1,0,0,-0.884376659036072,0.2815878679421623,-0.6225705230141166,-1.002847656452979,-0.6533635293928286,-0.21330704060913652,0.6097977915788525,-0.06414641427736806
2023-10-02 23:00:00,R001,176,48,Low,Delhi-Gurgaon Expressway,Dhaula Kuan,Rajiv Chowk,28.0,45,31.9,0.0,7.7,Partly Cloudy,,0.0,80.0,0,23,0,0,1,0.0,0,0,0,4,5,0,-0.2131150631776563,0.18344105919883605,-0.3474012310741756,-0.1308062160590842,1.0886285339954684,-0.21330704060913652,0.41679472265412176,-0.7094516597023871
2023-10-02 23:00:00,R002,49,64,Low,Noida-Greater Noida Expressway,Mahamaya Flyover,Pari Chowk,24.5,30,31.9,0.0,7.7,Partly Cloudy,Minor,1.0,100.0,0,23,0,0,1,1.0,1,3,2,3,5,0,-1.0742284235212805,0.9686155291454459,-0.4677877962978998,-0.7848372963545053,1.0886285339954684,-0.21330704060913652,0.41679472265412176,-0.06414641427736806
2023-10-02 23:00:00,R003,204,67,Low,Delhi-Meerut Expressway,Nizamuddin Bridge,Meerut,96.0,90,31.9,0.0,7.7,Partly Cloudy,,0.0,100.0,0,23,0,0,1,0.0,2,1,4,2,5,0,-0.02326329869244781,1.1158357422604352,1.9915377504153233,1.8312870248271789,1.0886285339954684,-0.21330704060913652,0.41679472265412176,-0.06414641427736806
2023-10-02 23:00:00,R004,115,47,Low,Outer Ring Road (Delhi),Nehru Place,Janakpuri,22.0,50,31.9,0.0,7.7,Partly Cloudy,,0.0,100.0,0,23,0,0,1,0.0,3,4,3,0,5,0,-0.6267206929490033,0.13436765482717294,-0.5537782000291314,0.08720414403938948,1.0886285339954684,-0.21330704060913652,0.41679472265412176,-0.06414641427736806
2023-10-02 23:00:00,R005,200,65,Low,NH-48 (Delhi-Jaipur),Gurgaon Toll Plaza,Manesar,20.0,25,31.9,0.0,7.7,Partly Cloudy,,0.0,80.0,0,23,0,0,1,0.0,4,2,1,1,5,0,-0.05038497933319188,1.017688933517109,-0.6225705230141166,-1.002847656452979,1.0886285339954684,-0.21330704060913652,0.41679472265412176,-0.7094516597023871
2023-10-03 00:00:00,R001,170,45,Low,Delhi-Gurgaon Expressway,Dhaula Kuan,Rajiv Chowk,28.0,45,24.5,0.0,5.9,Clear,,0.0,100.0,0,0,1,0,0,0.0,0,0,0,4,0,0,-0.2537975841387724,0.036220846083846715,-0.3474012310741756,-0.1308062160590842,-0.3597693614060369,-0.21330704060913652,-0.2780163254749102,-0.06414641427736806
2023-10-03 00:00:00,R002,77,42,Low,Noida-Greater Noida Expressway,Mahamaya Flyover,Pari Chowk,24.5,30,24.5,0.0,5.9,Clear,,0.0,100.0,0,0,1,0,0,0.0,1,3,2,3,0,0,-0.884376659036072,-0.11099936703114263,-0.4677877962978998,-0.7848372963545053,-0.3597693614060369,-0.21330704060913652,-0.2780163254749102,-0.06414641427736806
2023-10-03 00:00:00,R003,122,41,Low,Delhi-Meerut Expressway,Nizamuddin Bridge,Meerut,96.0,90,24.5,0.0,5.9,Clear,,0.0,100.0,0,0,1,0,0,0.0,2,1,4,2,0,0,-0.5792577518277012,-0.16007277140280574,1.9915377504153233,1.8312870248271789,-0.3597693614060369,-0.21330704060913652,-0.2780163254749102,-0.06414641427736806
2023-10-03 00:00:00,R004,157,57,Low,Outer Ring Road (Delhi),Nehru Place,Janakpuri,22.0,50,24.5,0.0,5.9,Clear,,0.0,100.0,0,0,1,0,0,0.0,3,4,3,0,0,0,-0.34194304622119065,0.625101698543804,-0.5537782000291314,0.08720414403938948,-0.3597693614060369,-0.21330704060913652,-0.2780163254749102,-0.06414641427736806
2023-10-03 00:00:00,R005,53,43,Low,NH-48 (Delhi-Jaipur),Gurgaon Toll Plaza,Manesar,20.0,25,24.5,0.0,5.9,Clear,,0.0,80.0,0,0,1,0,0,0.0,4,2,1,1,0,0,-1.0471067428805365,-0.061925962659479514,-0.6225705230141166,-1.002847656452979,-0.3597693614060369,-0.21330704060913652,-0.2780163254749102,-0.7094516597023871
2023-10-03 01:00:00,R001,151,53,Low,Delhi-Gurgaon Expressway,Dhaula Kuan,Rajiv Chowk,28.0,45,31.6,0.0,8.0,Clear,,0.0,100.0,0,1,1,0,0,0.0,0,0,0,4,0,0,-0.3826255671823067,0.4288080810571516,-0.3474012310741756,-0.1308062160590842,1.0299097003981106,-0.21330704060913652,0.5325965640089604,-0.06414641427736806
2023-10-03 01:00:00,R002,206,64,Low,Noida-Greater Noida Expressway,Mahamaya Flyover,Pari Chowk,24.5,30,31.6,0.0,8.0,Clear,,0.0,100.0,0,1,1,0,0,0.0,1,3,2,3,0,0,-0.009702458372075774,0.9686155291454459,-0.4677877962978998,-0.7848372963545053,1.0299097003981106,-0.21330704060913652,0.5325965640089604,-0.06414641427736806
2023-10-03 01:00:00,R003,101,55,Low,Delhi-Meerut Expressway,Nizamuddin Bridge,Meerut,96.0,90,31.6,0.0,8.0,Clear,,0.0,80.0,0,1,1,0,0,0.0,2,1,4,2,0,0,-0.7216465751916076,0.5269548898004779,1.9915377504153233,1.8312870248271789,1.0299097003981106,-0.21330704060913652,0.5325965640089604,-0.7094516597023871
2023-10-03 01:00:00,R004,82,42,Low,Outer Ring Road (Delhi),Nehru Place,Janakpuri,22.0,50,31.6,0.0,8.0,Clear,,0.0,100.0,0,1,1,0,0,0.0,3,4,3,0,0,0,-0.850474558235142,-0.11099936703114263,-0.5537782000291314,0.08720414403938948,1.0299097003981106,-0.21330704060913652,0.5325965640089604,-0.06414641427736806
2023-10-03 01:00:00,R005,149,43,Low,NH-48 (Delhi-Jaipur),Gurgaon Toll Plaza,Manesar,20.0,25,31.6,0.0,8.0,Clear,,0.0,100.0,0,1,1,0,0,0.0,4,2,1,1,0,0,-0.39618640750267875,-0.061925962659479514,-0.6225705230141166,-1.002847656452979,1.0299097003981106,-0.21330704060913652,0.5325965640089604,-0.06414641427736806
2023-10-03 02:00:00,R001,206,52,Low,Delhi-Gurgaon Expressway,Dhaula Kuan,Rajiv Chowk,28.0,45,25.0,0.0,6.1,Partly Cloudy,,0.0,80.0,0,2,1,0,1,0.0,0,0,0,4,5,0,-0.009702458372075774,0.3797346766854885,-0.3474012310741756,-0.1308062160590842,-0.261904638743773,-0.21330704060913652,-0.20081509790501798,-0.7094516597023871
2023-10-03 02:00:00,R002,71,80,Low,Noida-Greater Noida Expressway,Mahamaya Flyover,Pari Chowk,24.5,30,25.0,0.0,6.1,Partly Cloudy,,0.0,100.0,0,2,1,0,1,0.0,1,3,2,3,5,0,-0.9250591799971881,1.7537899990920558,-0.4677877962978998,-0.7848372963545053,-0.261904638743773,-0.21330704060913652,-0.20081509790501798,-0.06414641427736806
2023-10-03 02:00:00,R003,196,52,Low,Delhi-Meerut Expressway,Nizamuddin Bridge,Meerut,96.0,90,25.0,0.0,6.1,Partly Cloudy,,0.0,80.0,0,2,1,0,1,0.0,2,1,4,2,5,0,-0.07750665997393595,0.3797346766854885,1.9915377504153233,1.8312870248271789,-0.261904638743773,-0.21330704060913652,-0.20081509790501798,-0.7094516597023871
2023-10-03 02:00:00,R004,73,60,Low,Outer Ring Road (Delhi),Nehru Place,Janakpuri,22.0,50,25.0,0.0,6.1,Partly Cloudy,,0.0,100.0,0,2,1,0,1,0.0,3,4,3,0,5,0,-0.911498339676816,0.7723219116587934,-0.5537782000291314,0.08720414403938948,-0.261904638743773,-0.21330704060913652,-0.20081509790501798,-0.06414641427736806
2023-10-03 02:00:00,R005,172,64,Low,NH-48 (Delhi-Jaipur),Gurgaon Toll Plaza,Manesar,20.0,25,25.0,0.0,6.1,Partly Cloudy,,0.0,100.0,0,2,1,0,1,0.0,4,2,1,1,5,0,-0.24023674381840035,0.9686155291454459,-0.6225705230141166,-1.002847656452979,-0.261904638743773,-0.21330704060913652,-0.20081509790501798,-0.06414641427736806
2023-10-03 03:00:00,R001,112,60,Low,Delhi-Gurgaon Expressway,Dhaula Kuan,Rajiv Chowk,28.0,45,23.2,0.0,5.9,Partly Cloudy,Minor,1.0,50.0,0,3,1,0,1,1.0,0,0,0,4,5,0,-0.6470619534295614,0.7723219116587934,-0.3474012310741756,-0.1308062160590842,-0.6142176403279231,-0.21330704060913652,-0.2780163254749102,-1.6774095278399157
2023-10-03 03:00:00,R002,125,67,Low,Noida-Greater Noida Expressway,Mahamaya Flyover,Pari Chowk,24.5,30,23.2,0.0,5.9,Partly Cloudy,,0.0,150.0,0,3,1,0,1,0.0,1,3,2,3,5,0,-0.5589164913471432,1.1158357422604352,-0.4677877962978998,-0.7848372963545053,-0.6142176403279231,-0.21330704060913652,-0.2780163254749102,1.5491166992851797
2023-10-03 03:00:00,R003,161,48,Low,Delhi-Meerut Expressway,Nizamuddin Bridge,Meerut,96.0,90,23.2,0.0,5.9,Partly Cloudy,,0.0,100.0,0,3,1,0,1,0.0,2,1,4,2,5,0,-0.31482136558044654,0.18344105919883605,1.9915377504153233,1.8312870248271789,-0.6142176403279231,-0.21330704060913652,-0.2780163254749102,-0.06414641427736806
2023-10-03 03:00:00,R004,93,63,Low,Outer Ring Road (Delhi),Nehru Place,Janakpuri,22.0,50,23.2,0.0,5.9,Partly Cloudy,,0.0,100.0,0,3,1,0,1,0.0,3,4,3,0,5,0,-0.7758899364730958,0.9195421247737828,-0.5537782000291314,0.08720414403938948,-0.6142176403279231,-0.21330704060913652,-0.2780163254749102,-0.06414641427736806
2023-10-03 03:00:00,R005,93,40,Low,NH-48 (Delhi-Jaipur),Gurgaon Toll Plaza,Manesar,20.0,25,23.2,0.0,5.9,Partly Cloudy,,0.0,50.0,0,3,1,0,1,0.0,4,2,1,1,5,0,-0.7758899364730958,-0.20914617577446887,-0.6225705230141166,-1.002847656452979,-0.6142176403279231,-0.21330704060913652,-0.2780163254749102,-1.6774095278399157
2023-10-03 04:00:00,R001,112,37,Medium,Delhi-Gurgaon Expressway,Dhaula Kuan,Rajiv Chowk,28.0,45,28.1,0.0,5.7,Partly Cloudy,,0.0,50.0,0,4,1,0,1,0.0,0,0,0,4,5,1,-0.6470619534295614,-0.3563663888894582,-0.3474012310741756,-0.1308062160590842,0.3448566417622634,-0.21330704060913652,-0.3552175530448027,-1.6774095278399157
2023-10-03 04:00:00,R002,146,66,Low,Noida-Greater Noida Expressway,Mahamaya Flyover,Pari Chowk,24.5,30,28.1,0.0,5.7,Partly Cloudy,,0.0,100.0,0,4,1,0,1,0.0,1,3,2,3,5,0,-0.4165276679832368,1.066762337888772,-0.4677877962978998,-0.7848372963545053,0.3448566417622634,-0.21330704060913652,-0.3552175530448027,-0.06414641427736806
2023-10-03 04:00:00,R003,159,59,Low,Delhi-Meerut Expressway,Nizamuddin Bridge,Meerut,96.0,90,28.1,0.0,5.7,Partly Cloudy,,0.0,80.0,0,4,1,0,1,0.0,2,1,4,2,5,0,-0.32838220590081857,0.7232485072871303,1.9915377504153233,1.8312870248271789,0.3448566417622634,-0.21330704060913652,-0.3552175530448027,-0.7094516597023871
2023-10-03 04:00:00,R004,55,44,Low,Outer Ring Road (Delhi),Nehru Place,Janakpuri,22.0,50,28.1,0.0,5.7,Partly Cloudy,,0.0,100.0,0,4,1,0,1,0.0,3,4,3,0,5,0,-1.0335459025601643,-0.012852558287816397,-0.5537782000291314,0.08720414403938948,0.3448566417622634,-0.21330704060913652,-0.3552175530448027,-0.06414641427736806
2023-10-03 04:00:00,R005,78,78,Low,NH-48 (Delhi-Jaipur),Gurgaon Toll Plaza,Manesar,20.0,25,28.1,0.0,5.7,Partly Cloudy,,0.0,100.0,0,4,1,0,1,0.0,4,2,1,1,5,0,-0.877596238875886,1.6556431903487294,-0.6225705230141166,-1.002847656452979,0.3448566417622634,-0.21330704060913652,-0.3552175530448027,-0.06414641427736806
2023-10-03 05:00:00,R001,157,49,Low,Delhi-Gurgaon Expressway,Dhaula Kuan,Rajiv Chowk,28.0,45,26.2,0.0,5.6,Clear,,0.0,100.0,0,5,1,0,0,0.0,0,0,0,4,0,0,-0.34194304622119065,0.23251446357049918,-0.3474012310741756,-0.1308062160590842,-0.0270293043543398,-0.21330704060913652,-0.3938181668297491,-0.06414641427736806
2023-10-03 05:00:00,R002,109,40,Low,Noida-Greater Noida Expressway,Mahamaya Flyover,Pari Chowk,24.5,30,26.2,0.0,5.6,Clear,,0.0,100.0,0,5,1,0,0,0.0,1,3,2,3,0,0,-0.6674032139101195,-0.20914617577446887,-0.4677877962978998,-0.7848372963545053,-0.0270293043543398,-0.21330704060913652,-0.3938181668297491,-0.06414641427736806
2023-10-03 05:00:00,R003,117,58,Low,Delhi-Meerut Expressway,Nizamuddin Bridge,Meerut,96.0,90,26.2,0.0,5.6,Clear,Minor,3.0,100.0,0,5,1,0,0,1.0,2,1,4,2,0,0,-0.6131598526286313,0.6741751029154672,1.9915377504153233,1.8312870248271789,-0.0270293043543398,-0.21330704060913652,-0.3938181668297491,-0.06414641427736806
2023-10-03 05:00:00,R004,176,67,Low,Outer Ring Road (Delhi),Nehru Place,Janakpuri,22.0,50,26.2,0.0,5.6,Clear,,0.0,100.0,0,5,1,0,0,0.0,3,4,3,0,0,0,-0.2131150631776563,1.1158357422604352,-0.5537782000291314,0.08720414403938948,-0.0270293043543398,-0.21330704060913652,-0.3938181668297491,-0.06414641427736806
2023-10-03 05:00:00,R005,228,48,Low,NH-48 (Delhi-Jaipur),Gurgaon Toll Plaza,Manesar,20.0,25,26.2,0.0,5.6,Clear,,0.0,150.0,0,5,1,0,0,0.0,4,2,1,1,0,0,0.1394667851520166,0.18344105919883605,-0.6225705230141166,-1.002847656452979,-0.0270293043543398,-0.21330704060913652,-0.3938181668297491,1.5491166992851797
2023-10-03 06:00:00,R001,169,39,Medium,Delhi-Gurgaon Expressway,Dhaula Kuan,Rajiv Chowk,28.0,45,23.2,0.0,1.5,Fog,,0.0,100.0,0,6,1,0,3,0.0,0,0,0,4,1,1,-0.26057800429895844,-0.25821958014613194,-0.3474012310741756,-0.1308062160590842,-0.6142176403279231,-0.21330704060913652,-1.976443332012544,-0.06414641427736806
2023-10-03 06:00:00,R002,188,39,Medium,Noida-Greater Noida Expressway,Mahamaya Flyover,Pari Chowk,24.5,30,23.2,0.0,1.5,Fog,,0.0,100.0,0,6,1,0,3,0.0,1,3,2,3,1,1,-0.1317500212554241,-0.25821958014613194,-0.4677877962978998,-0.7848372963545053,-0.6142176403279231,-0.21330704060913652,-1.976443332012544,-0.06414641427736806
2023-10-03 06:00:00,R003,166,43,Low,Delhi-Meerut Expressway,Nizamuddin Bridge,Meerut,96.0,90,23.2,0.0,1.5,Fog,,0.0,100.0,0,6,1,0,3,0.0,2,1,4,2,1,0,-0.28091926477951645,-0.061925962659479514,1.9915377504153233,1.8312870248271789,-0.6142176403279231,-0.21330704060913652,-1.976443332012544,-0.06414641427736806
2023-10-03 06:00:00,R004,183,30,Medium,Outer Ring Road (Delhi),Nehru Place,Janakpuri,22.0,50,23.2,0.0,1.5,Fog,,0.0,100.0,0,6,1,0,3,0.0,3,4,3,0,1,1,-0.16565212205635418,-0.6998802194911,-0.5537782000291314,0.08720414403938948,-0.6142176403279231,-0.21330704060913652,-1.976443332012544,-0.06414641427736806
2023-10-03 06:00:00,R005,58,30,Medium,NH-48 (Delhi-Jaipur),Gurgaon Toll Plaza,Manesar,20.0,25,23.2,0.0,1.5,Fog,,0.0,100.0,0,6,1,0,3,0.0,4,2,1,1,1,1,-1.0132046420796064,-0.6998802194911,-0.6225705230141166,-1.002847656452979,-0.6142176403279231,-0.21330704060913652,-1.976443332012544,-0.06414641427736806
2023-10-03 07:00:00,R001,74,63,Low,Delhi-Gurgaon Expressway,Dhaula Kuan,Rajiv Chowk,28.0,45,24.8,4.1,7.6,Light Rain,,0.0,150.0,0,7,1,0,3,0.0,0,0,0,4,3,0,-0.90471791951663,0.9195421247737828,-0.3474012310741756,-0.1308062160590842,-0.3010505278086784,2.919441137889226,0.3781941088691753,1.5491166992851797
2023-10-03 07:00:00,R002,118,62,Low,Noida-Greater Noida Expressway,Mahamaya Flyover,Pari Chowk,24.5,30,24.8,4.1,7.6,Light Rain,,0.0,100.0,0,7,1,0,3,0.0,1,3,2,3,3,0,-0.6063794324684453,0.8704687204021196,-0.4677877962978998,-0.7848372963545053,-0.3010505278086784,2.919441137889226,0.3781941088691753,-0.06414641427736806
2023-10-03 07:00:00,R003,89,54,Low,Delhi-Meerut Expressway,Nizamuddin Bridge,Meerut,96.0,90,24.8,4.1,7.6,Light Rain,,0.0,100.0,0,7,1,0,3,0.0,2,1,4,2,3,0,-0.8030116171138398,0.47788148542881476,1.9915377504153233,1.8312870248271789,-0.3010505278086784,2.919441137889226,0.3781941088691753,-0.06414641427736806
2023-10-03 07:00:00,R004,108,70,Low,Outer Ring Road (Delhi),Nehru Place,Janakpuri,22.0,50,24.8,4.1,7.6,Light Rain,,0.0,100.0,0,7,1,0,3,0.0,3,4,3,0,3,0,-0.6741836340703055,1.2630559553754246,-0.5537782000291314,0.08720414403938948,-0.3010505278086784,2.919441137889226,0.3781941088691753,-0.06414641427736806
2023-10-03 07:00:00,R005,136,69,Low,NH-48 (Delhi-Jaipur),Gurgaon Toll Plaza,Manesar,20.0,25,24.8,4.1,7.6,Light Rain,,0.0,100.0,0,7,1,0,3,0.0,4,2,1,1,3,0,-0.484331869585097,1.2139825510037614,-0.6225705230141166,-1.002847656452979,-0.3010505278086784,2.919441137889226,0.3781941088691753,-0.06414641427736806
2023-10-03 08:00:00,R001,625,7,High,Delhi-Gurgaon Expressway,Dhaula Kuan,Rajiv Chowk,28.0,45,28.3,0.0,6.7,Clear,,0.0,120.0,1,8,1,1,0,0.0,0,0,0,4,0,2,2.831293588745866,-1.8285685200393516,-0.3474012310741756,-0.1308062160590842,0.38400253082716884,-0.21330704060913652,0.030788584804659548,0.581158831147651
2023-10-03 08:00:00,R002,343,9,High,Noida-Greater Noida Expressway,Mahamaya Flyover,Pari Chowk,24.5,30,28.3,0.0,6.7,Clear,,0.0,120.0,1,8,1,1,0,0.0,1,3,2,3,0,2,0.9192151035734086,-1.7304217112960254,-0.4677877962978998,-0.7848372963545053,0.38400253082716884,-0.21330704060913652,0.030788584804659548,0.581158831147651
2023-10-03 08:00:00,R003,756,18,High,Delhi-Meerut Expressway,Nizamuddin Bridge,Meerut,96.0,90,28.3,0.0,6.7,Clear,,0.0,100.0,0,8,1,1,0,0.0,2,1,4,2,0,2,3.719528629730234,-1.2887610719510574,1.9915377504153233,1.8312870248271789,0.38400253082716884,-0.21330704060913652,0.030788584804659548,-0.06414641427736806
2023-10-03 08:00:00,R004,259,9,High,Outer Ring Road (Delhi),Nehru Place,Janakpuri,22.0,50,28.3,0.0,6.7,Clear,,0.0,120.0,1,8,1,1,0,0.0,3,4,3,0,0,2,0.34965981011778313,-1.7304217112960254,-0.5537782000291314,0.08720414403938948,0.38400253082716884,-0.21330704060913652,0.030788584804659548,0.581158831147651
2023-10-03 08:00:00,R005,170,32,Medium,NH-48 (Delhi-Jaipur),Gurgaon Toll Plaza,Manesar,20.0,25,28.3,0.0,6.7,Clear,,0.0,100.0,0,8,1,1,0,0.0,4,2,1,1,0,1,-0.2537975841387724,-0.6017334107477738,-0.6225705230141166,-1.002847656452979,0.38400253082716884,-0.21330704060913652,0.030788584804659548,-0.06414641427736806
2023-10-03 09:00:00,R001,319,8,High,Delhi-Gurgaon Expressway,Dhaula Kuan,Rajiv Chowk,28.0,45,30.9,0.0,8.6,Clear,,0.0,75.0,1,9,1,1,0,0.0,0,0,0,4,0,2,0.7564850197289442,-1.7794951156676886,-0.3474012310741756,-0.1308062160590842,0.8928990886709406,-0.21330704060913652,0.7642002467186375,-0.8707779710586419
2023-10-03 09:00:00,R002,445,17,High,Noida-Greater Noida Expressway,Mahamaya Flyover,Pari Chowk,24.5,30,30.9,0.0,8.6,Clear,,0.0,225.0,1,9,1,1,0,0.0,1,3,2,3,0,2,1.6108179599123824,-1.3378344763227206,-0.4677877962978998,-0.7848372963545053,0.8928990886709406,-0.21330704060913652,0.7642002467186375,3.9690113696290013
2023-10-03 09:00:00,R003,492,29,Medium,Delhi-Meerut Expressway,Nizamuddin Bridge,Meerut,96.0,90,30.9,0.0,8.6,Clear,,0.0,100.0,0,9,1,1,0,0.0,2,1,4,2,0,1,1.9294977074411255,-0.7489536238627631,1.9915377504153233,1.8312870248271789,0.8928990886709406,-0.21330704060913652,0.7642002467186375,-0.06414641427736806
2023-10-03 09:00:00,R004,678,24,Medium,Outer Ring Road (Delhi),Nehru Place,Janakpuri,22.0,50,30.9,0.0,8.6,Clear,,0.0,100.0,0,9,1,1,0,0.0,3,4,3,0,0,1,3.1906558572357246,-0.9943206457210787,-0.5537782000291314,0.08720414403938948,0.8928990886709406,-0.21330704060913652,0.7642002467186375,-0.06414641427736806
2023-10-03 09:00:00,R005,550,22,Medium,NH-48 (Delhi-Jaipur),Gurgaon Toll Plaza,Manesar,20.0,25,30.9,0.0,8.6,Clear,Minor,2.0,225.0,1,9,1,1,0,1.0,4,2,1,1,0,1,2.3227620767319146,-1.0924674544644049,-0.6225705230141166,-1.002847656452979,0.8928990886709406,-0.21330704060913652,0.7642002467186375,3.9690113696290013
2023-10-03 10:00:00,R001,661,8,High,Delhi-Gurgaon Expressway,Dhaula Kuan,Rajiv Chowk,28.0,45,23.3,5.1,5.4,Heavy Rain,,0.0,150.0,1,10,1,1,5,0.0,0,0,0,4,2,2,3.0753887145125622,-1.7794951156676886,-0.3474012310741756,-0.1308062160590842,-0.5946446957954701,3.683526059474193,-0.47101939439964124,1.5491166992851797
2023-10-03 10:00:00,R002,374,15,High,Noida-Greater Noida Expressway,Mahamaya Flyover,Pari Chowk,24.5,30,23.3,5.1,5.4,Heavy Rain,Major,5.0,75.0,1,10,1,1,5,3.0,1,3,2,3,2,2,1.129408128539175,-1.4359812850660467,-0.4677877962978998,-0.7848372963545053,-0.5946446957954701,3.683526059474193,-0.47101939439964124,-0.8707779710586419
2023-10-03 10:00:00,R003,276,15,High,Delhi-Meerut Expressway,Nizamuddin Bridge,Meerut,96.0,90,23.3,5.1,5.4,Heavy Rain,,0.0,100.0,0,10,1,1,5,0.0,2,1,4,2,2,2,0.46492695284094543,-1.4359812850660467,1.9915377504153233,1.8312870248271789,-0.5946446957954701,3.683526059474193,-0.47101939439964124,-0.06414641427736806
2023-10-03 10:00:00,R004,564,12,High,Outer Ring Road (Delhi),Nehru Place,Janakpuri,22.0,50,23.3,5.1,5.4,Heavy Rain,,0.0,100.0,0,10,1,1,5,0.0,3,4,3,0,2,2,2.417687958974519,-1.583201498181036,-0.5537782000291314,0.08720414403938948,-0.5946446957954701,3.683526059474193,-0.47101939439964124,-0.06414641427736806
2023-10-03 10:00:00,R005,347,9,High,NH-48 (Delhi-Jaipur),Gurgaon Toll Plaza,Manesar,20.0,25,23.3,5.1,5.4,Heavy Rain,,0.0,120.0,1,10,1,1,5,0.0,4,2,1,1,2,2,0.9463367842141527,-1.7304217112960254,-0.6225705230141166,-1.002847656452979,-0.5946446957954701,3.683526059474193,-0.47101939439964124,0.581158831147651
2023-10-03 11:00:00,R001,459,11,High,Delhi-Gurgaon Expressway,Dhaula Kuan,Rajiv Chowk,28.0,45,28.7,0.0,9.5,Clear,,0.0,100.0,0,11,1,1,0,0.0,0,0,0,4,0,2,1.7057438421549866,-1.6322749025526992,-0.3474012310741756,-0.1308062160590842,0.46229430895697965,-0.21330704060913652,1.1116057707831537,-0.06414641427736806
2023-10-03 11:00:00,R002,403,15,High,Noida-Greater Noida Expressway,Mahamaya Flyover,Pari Chowk,24.5,30,28.7,0.0,9.5,Clear,,0.0,100.0,0,11,1,1,0,0.0,1,3,2,3,0,2,1.3260403131845697,-1.4359812850660467,-0.4677877962978998,-0.7848372963545053,0.46229430895697965,-0.21330704060913652,1.1116057707831537,-0.06414641427736806
2023-10-03 11:00:00,R003,416,26,Medium,Delhi-Meerut Expressway,Nizamuddin Bridge,Meerut,96.0,90,28.7,0.0,9.5,Clear,,0.0,225.0,1,11,1,1,0,0.0,2,1,4,2,0,1,1.414185775266988,-0.8961738369777524,1.9915377504153233,1.8312870248271789,0.46229430895697965,-0.21330704060913652,1.1116057707831537,3.9690113696290013
2023-10-03 11:00:00,R004,365,24,Medium,Outer Ring Road (Delhi),Nehru Place,Janakpuri,22.0,50,28.7,0.0,9.5,Clear,,0.0,225.0,1,11,1,1,0,0.0,3,4,3,0,0,1,1.068384347097501,-0.9943206457210787,-0.5537782000291314,0.08720414403938948,0.46229430895697965,-0.21330704060913652,1.1116057707831537,3.9690113696290013
2023-10-03 11:00:00,R005,674,12,High,NH-48 (Delhi-Jaipur),Gurgaon Toll Plaza,Manesar,20.0,25,28.7,0.0,9.5,Clear,,0.0,100.0,0,11,1,1,0,0.0,4,2,1,1,0,2,3.1635341765949807,-1.583201498181036,-0.6225705230141166,-1.002847656452979,0.46229430895697965,-0.21330704060913652,1.1116057707831537,-0.06414641427736806
2023-10-03 12:00:00,R001,158,36,Medium,Delhi-Gurgaon Expressway,Dhaula Kuan,Rajiv Chowk,28.0,45,25.9,0.0,8.5,Partly Cloudy,,0.0,80.0,0,12,1,0,1,0.0,0,0,0,4,5,1,-0.3351626260610046,-0.40543979326112134,-0.3474012310741756,-0.1308062160590842,-0.08574813795169828,-0.21330704060913652,0.7255996329336915,-0.7094516597023871
2023-10-03 12:00:00,R002,186,88,Low,Noida-Greater Noida Expressway,Mahamaya Flyover,Pari Chowk,24.5,30,25.9,0.0,8.5,Partly Cloudy,,0.0,150.0,0,12,1,0,1,0.0,1,3,2,3,5,0,-0.14531086157579612,2.1463772340653606,-0.4677877962978998,-0.7848372963545053,-0.08574813795169828,-0.21330704060913652,0.7255996329336915,1.5491166992851797
2023-10-03 12:00:00,R003,70,63,Low,Delhi-Meerut Expressway,Nizamuddin Bridge,Meerut,96.0,90,25.9,0.0,8.5,Partly Cloudy,,0.0,150.0,0,12,1,0,1,0.0,2,1,4,2,5,0,-0.9318396001573741,0.9195421247737828,1.9915377504153233,1.8312870248271789,-0.08574813795169828,-0.21330704060913652,0.7255996329336915,1.5491166992851797
2023-10-03 12:00:00,R004,100,64,Low,Outer Ring Road (Delhi),Nehru Place,Janakpuri,22.0,50,25.9,0.0,8.5,Partly Cloudy,,0.0,150.0,0,12,1,0,1,0.0,3,4,3,0,5,0,-0.7284269953517936,0.9686155291454459,-0.5537782000291314,0.08720414403938948,-0.08574813795169828,-0.21330704060913652,0.7255996329336915,1.5491166992851797
2023-10-03 12:00:00,R005,189,47,Low,NH-48 (Delhi-Jaipur),Gurgaon Toll Plaza,Manesar,20.0,25,25.9,0.0,8.5,Partly Cloudy,,0.0,80.0,0,12,1,0,1,0.0,4,2,1,1,5,0,-0.12496960109523807,0.13436765482717294,-0.6225705230141166,-1.002847656452979,-0.08574813795169828,-0.21330704060913652,0.7255996329336915,-0.7094516597023871
2023-10-03 13:00:00,R001,193,47,Low,Delhi-Gurgaon Expressway,Dhaula Kuan,Rajiv Chowk,28.0,45,18.9,0.0,6.1,Partly Cloudy,,0.0,100.0,0,13,1,0,1,0.0,0,0,0,4,5,0,-0.097847920454494,0.13436765482717294,-0.3474012310741756,-0.1308062160590842,-1.4558542552233928,-0.21330704060913652,-0.20081509790501798,-0.06414641427736806
2023-10-03 13:00:00,R002,109,55,Low,Noida-Greater Noida Expressway,Mahamaya Flyover,Pari Chowk,24.5,30,18.9,0.0,6.1,Partly Cloudy,,0.0,100.0,0,13,1,0,1,0.0,1,3,2,3,5,0,-0.6674032139101195,0.5269548898004779,-0.4677877962978998,-0.7848372963545053,-1.4558542552233928,-0.21330704060913652,-0.20081509790501798,-0.06414641427736806
2023-10-03 13:00:00,R003,98,83,Low,Delhi-Meerut Expressway,Nizamuddin Bridge,Meerut,96.0,90,18.9,0.0,6.1,Partly Cloudy,,0.0,100.0,0,13,1,0,1,0.0,2,1,4,2,5,0,-0.7419878356721656,1.9010102122070451,1.9915377504153233,1.8312870248271789,-1.4558542552233928,-0.21330704060913652,-0.20081509790501798,-0.06414641427736806
2023-10-03 13:00:00,R004,68,65,Low,Outer Ring Road (Delhi),Nehru Place,Janakpuri,22.0,50,18.9,0.0,6.1,Partly Cloudy,,0.0,100.0,0,13,1,0,1,0.0,3,4,3,0,5,0,-0.9454004404777462,1.017688933517109,-0.5537782000291314,0.08720414403938948,-1.4558542552233928,-0.21330704060913652,-0.20081509790501798,-0.06414641427736806
2023-10-03 13:00:00,R005,178,35,Medium,NH-48 (Delhi-Jaipur),Gurgaon Toll Plaza,Manesar,20.0,25,18.9,0.0,6.1,Partly Cloudy,,0.0,100.0,0,13,1,0,1,0.0,4,2,1,1,5,1,-0.19955422285728425,-0.4545131976327844,-0.6225705230141166,-1.002847656452979,-1.4558542552233928,-0.21330704060913652,-0.20081509790501798,-0.06414641427736806
2023-10-03 14:00:00,R001,60,40,Low,Delhi-Gurgaon Expressway,Dhaula Kuan,Rajiv Chowk,28.0,45,21.2,0.0,8.7,Overcast,,0.0,100.0,0,14,1,0,2,0.0,0,0,0,4,4,0,-0.9996438017592343,-0.20914617577446887,-0.3474012310741756,-0.1308062160590842,-1.0056765309769786,-0.21330704060913652,0.8028008605035837,-0.06414641427736806
2023-10-03 14:00:00,R002,232,52,Low,Noida-Greater Noida Expressway,Mahamaya Flyover,Pari Chowk,24.5,30,21.2,0.0,8.7,Overcast,,0.0,100.0,0,14,1,0,2,0.0,1,3,2,3,4,0,0.16658846579276068,0.3797346766854885,-0.4677877962978998,-0.7848372963545053,-1.0056765309769786,-0.21330704060913652,0.8028008605035837,-0.06414641427736806
2023-10-03 14:00:00,R003,118,40,Low,Delhi-Meerut Expressway,Nizamuddin Bridge,Meerut,96.0,90,21.2,0.0,8.7,Overcast,,0.0,100.0,0,14,1,0,2,0.0,2,1,4,2,4,0,-0.6063794324684453,-0.20914617577446887,1.9915377504153233,1.8312870248271789,-1.0056765309769786,-0.21330704060913652,0.8028008605035837,-0.06414641427736806
2023-10-03 14:00:00,R004,210,37,Medium,Outer Ring Road (Delhi),Nehru Place,Janakpuri,22.0,50,21.2,0.0,8.7,Overcast,,0.0,100.0,0,14,1,0,2,0.0,3,4,3,0,4,1,0.017419222268668294,-0.3563663888894582,-0.5537782000291314,0.08720414403938948,-1.0056765309769786,-0.21330704060913652,0.8028008605035837,-0.06414641427736806
2023-10-03 14:00:00,R005,79,48,Low,NH-48 (Delhi-Jaipur),Gurgaon Toll Plaza,Manesar,20.0,25,21.2,0.0,8.7,Overcast,,0.0,100.0,0,14,1,0,2,0.0,4,2,1,1,4,0,-0.8708158187157,0.18344105919883605,-0.6225705230141166,-1.002847656452979,-1.0056765309769786,-0.21330704060913652,0.8028008605035837,-0.06414641427736806
2023-10-03 15:00:00,R001,224,54,Low,Delhi-Gurgaon Expressway,Dhaula Kuan,Rajiv Chowk,28.0,45,19.3,0.0,9.2,Partly Cloudy,,0.0,50.0,0,15,1,0,1,0.0,0,0,0,4,5,0,0.11234510451127254,0.47788148542881476,-0.3474012310741756,-0.1308062160590842,-1.3775624770935813,-0.21330704060913652,0.9958039294283147,-1.6774095278399157
2023-10-03 15:00:00,R002,159,74,Low,Noida-Greater Noida Expressway,Mahamaya Flyover,Pari Chowk,24.5,30,19.3,0.0,9.2,Partly Cloudy,,0.0,50.0,0,15,1,0,1,0.0,1,3,2,3,5,0,-0.32838220590081857,1.4593495728620771,-0.4677877962978998,-0.7848372963545053,-1.3775624770935813,-0.21330704060913652,0.9958039294283147,-1.6774095278399157
2023-10-03 15:00:00,R003,61,74,Low,Delhi-Meerut Expressway,Nizamuddin Bridge,Meerut,96.0,90,19.3,0.0,9.2,Partly Cloudy,,0.0,100.0,0,15,1,0,1,0.0,2,1,4,2,5,0,-0.9928633815990483,1.4593495728620771,1.9915377504153233,1.8312870248271789,-1.3775624770935813,-0.21330704060913652,0.9958039294283147,-0.06414641427736806
2023-10-03 15:00:00,R004,109,42,Low,Outer Ring Road (Delhi),Nehru Place,Janakpuri,22.0,50,19.3,0.0,9.2,Partly Cloudy,,0.0,100.0,0,15,1,0,1,0.0,3,4,3,0,5,0,-0.6674032139101195,-0.11099936703114263,-0.5537782000291314,0.08720414403938948,-1.3775624770935813,-0.21330704060913652,0.9958039294283147,-0.06414641427736806
2023-10-03 15:00:00,R005,194,85,Low,NH-48 (Delhi-Jaipur),Gurgaon Toll Plaza,Manesar,20.0,25,19.3,0.0,9.2,Partly Cloudy,,0.0,100.0,0,15,1,0,1,0.0,4,2,1,1,5,0,-0.09106750029430798,1.9991570209503713,-0.6225705230141166,-1.002847656452979,-1.3775624770935813,-0.21330704060913652,0.9958039294283147,-0.06414641427736806
2023-10-03 16:00:00,R001,157,57,Low,Delhi-Gurgaon Expressway,Dhaula Kuan,Rajiv Chowk,28.0,45,20.7,0.0,6.8,Partly Cloudy,Minor,2.0,100.0,0,16,1,0,1,1.0,0,0,0,4,5,0,-0.34194304622119065,0.625101698543804,-0.3474012310741756,-0.1308062160590842,-1.1035412536392426,-0.21330704060913652,0.06938919858960563,-0.06414641427736806
2023-10-03 16:00:00,R002,192,75,Low,Noida-Greater Noida Expressway,Mahamaya Flyover,Pari Chowk,24.5,30,20.7,0.0,6.8,Partly Cloudy,,0.0,100.0,0,16,1,0,1,0.0,1,3,2,3,5,0,-0.10462834061468002,1.50842297723374,-0.4677877962978998,-0.7848372963545053,-1.1035412536392426,-0.21330704060913652,0.06938919858960563,-0.06414641427736806
2023-10-03 16:00:00,R003,261,50,Low,Delhi-Meerut Expressway,Nizamuddin Bridge,Meerut,96.0,90,20.7,0.0,6.8,Partly Cloudy,,0.0,100.0,0,16,1,0,1,0.0,2,1,4,2,5,0,0.36322065043815516,0.2815878679421623,1.9915377504153233,1.8312870248271789,-1.1035412536392426,-0.21330704060913652,0.06938919858960563,-0.06414641427736806
2023-10-03 16:00:00,R004,105,38,Medium,Outer Ring Road (Delhi),Nehru Place,Janakpuri,22.0,50,20.7,0.0,6.8,Partly Cloudy,,0.0,100.0,0,16,1,0,1,0.0,3,4,3,0,5,1,-0.6945248945508635,-0.3072929845177951,-0.5537782000291314,0.08720414403938948,-1.1035412536392426,-0.21330704060913652,0.06938919858960563,-0.06414641427736806
2023-10-03 16:00:00,R005,179,82,Low,NH-48 (Delhi-Jaipur),Gurgaon Toll Plaza,Manesar,20.0,25,20.7,0.0,6.8,Partly Cloudy,,0.0,100.0,0,16,1,0,1,0.0,4,2,1,1,5,0,-0.19277380269709823,1.851936807835382,-0.6225705230141166,-1.002847656452979,-1.1035412536392426,-0.21330704060913652,0.06938919858960563,-0.06414641427736806
2023-10-03 17:00:00,R001,429,11,High,Delhi-Gurgaon Expressway,Dhaula Kuan,Rajiv Chowk,28.0,45,27.7,0.0,6.2,Clear,,0.0,100.0,0,17,1,1,0,0.0,0,0,0,4,0,2,1.502331237349406,-1.6322749025526992,-0.3474012310741756,-0.1308062160590842,0.26656486363245185,-0.21330704060913652,-0.16221448412007156,-0.06414641427736806
2023-10-03 17:00:00,R002,258,21,Medium,Noida-Greater Noida Expressway,Mahamaya Flyover,Pari Chowk,24.5,30,27.7,0.0,6.2,Clear,,0.0,100.0,0,17,1,1,0,0.0,1,3,2,3,0,1,0.34287938995759715,-1.141540858836068,-0.4677877962978998,-0.7848372963545053,0.26656486363245185,-0.21330704060913652,-0.16221448412007156,-0.06414641427736806
2023-10-03 17:00:00,R003,283,32,Medium,Delhi-Meerut Expressway,Nizamuddin Bridge,Meerut,96.0,90,27.7,0.0,6.2,Clear,,0.0,120.0,1,17,1,1,0,0.0,2,1,4,2,0,1,0.5123898939622475,-0.6017334107477738,1.9915377504153233,1.8312870248271789,0.26656486363245185,-0.21330704060913652,-0.16221448412007156,0.581158831147651
2023-10-03 17:00:00,R004,241,26,Medium,Outer Ring Road (Delhi),Nehru Place,Janakpuri,22.0,50,27.7,0.0,6.2,Clear,,0.0,100.0,0,17,1,1,0,0.0,3,4,3,0,0,1,0.22761224723443482,-0.8961738369777524,-0.5537782000291314,0.08720414403938948,0.26656486363245185,-0.21330704060913652,-0.16221448412007156,-0.06414641427736806
2023-10-03 17:00:00,R005,332,19,High,NH-48 (Delhi-Jaipur),Gurgaon Toll Plaza,Manesar,20.0,25,27.7,0.0,6.2,Clear,,0.0,120.0,1,17,1,1,0,0.0,4,2,1,1,0,2,0.8446304818113625,-1.2396876675793942,-0.6225705230141166,-1.002847656452979,0.26656486363245185,-0.21330704060913652,-0.16221448412007156,0.581158831147651
2023-10-03 18:00:00,R001,562,10,High,Delhi-Gurgaon Expressway,Dhaula Kuan,Rajiv Chowk,28.0,45,29.4,0.0,1.4,Fog,,0.0,225.0,1,18,1,1,3,0.0,0,0,0,4,1,2,2.4041271186541464,-1.6813483069243622,-0.3474012310741756,-0.1308062160590842,0.599304920684149,-0.21330704060913652,-2.01504394579749,3.9690113696290013
2023-10-03 18:00:00,R002,145,13,High,Noida-Greater Noida Expressway,Mahamaya Flyover,Pari Chowk,24.5,30,29.4,0.0,1.4,Fog,,0.0,100.0,0,18,1,1,3,0.0,1,3,2,3,1,2,-0.42330808814342286,-1.5341280938093729,-0.4677877962978998,-0.7848372963545053,0.599304920684149,-0.21330704060913652,-2.01504394579749,-0.06414641427736806
2023-10-03 18:00:00,R003,473,7,High,Delhi-Meerut Expressway,Nizamuddin Bridge,Meerut,96.0,90,29.4,0.0,1.4,Fog,,0.0,100.0,0,18,1,1,3,0.0,2,1,4,2,1,2,1.800669724397591,-1.8285685200393516,1.9915377504153233,1.8312870248271789,0.599304920684149,-0.21330704060913652,-2.01504394579749,-0.06414641427736806
2023-10-03 18:00:00,R004,607,12,High,Outer Ring Road (Delhi),Nehru Place,Janakpuri,22.0,50,29.4,0.0,1.4,Fog,,0.0,120.0,1,18,1,1,3,0.0,3,4,3,0,1,2,2.7092460258625173,-1.583201498181036,-0.5537782000291314,0.08720414403938948,0.599304920684149,-0.21330704060913652,-2.01504394579749,0.581158831147651
2023-10-03 18:00:00,R005,735,13,High,NH-48 (Delhi-Jaipur),Gurgaon Toll Plaza,Manesar,20.0,25,29.4,0.0,1.4,Fog,Minor,1.0,100.0,0,18,1,1,3,1.0,4,2,1,1,1,2,3.577139806366328,-1.5341280938093729,-0.6225705230141166,-1.002847656452979,0.599304920684149,-0.21330704060913652,-2.01504394579749,-0.06414641427736806
2023-10-03 19:00:00,R001,398,15,High,Delhi-Gurgaon Expressway,Dhaula Kuan,Rajiv Chowk,28.0,45,23.8,0.0,7.5,Overcast,,0.0,100.0,0,19,1,1,2,0.0,0,0,0,4,4,2,1.2921382123836396,-1.4359812850660467,-0.3474012310741756,-0.1308062160590842,-0.4967799731332062,-0.21330704060913652,0.33959349508422926,-0.06414641427736806
2023-10-03 19:00:00,R002,144,11,High,Noida-Greater Noida Expressway,Mahamaya Flyover,Pari Chowk,24.5,30,23.8,0.0,7.5,Overcast,Severe,2.0,100.0,0,19,1,1,2,5.0,1,3,2,3,4,2,-0.43008850830360884,-1.6322749025526992,-0.4677877962978998,-0.7848372963545053,-0.4967799731332062,-0.21330704060913652,0.33959349508422926,-0.06414641427736806
2023-10-03 19:00:00,R003,477,18,High,Delhi-Meerut Expressway,Nizamuddin Bridge,Meerut,96.0,90,23.8,0.0,7.5,Overcast,,0.0,150.0,1,19,1,1,2,0.0,2,1,4,2,4,2,1.827791405038335,-1.2887610719510574,1.9915377504153233,1.8312870248271789,-0.4967799731332062,-0.21330704060913652,0.33959349508422926,1.5491166992851797
2023-10-03 19:00:00,R004,427,8,High,Outer Ring Road (Delhi),Nehru Place,Janakpuri,22.0,50,23.8,0.0,7.5,Overcast,,0.0,150.0,1,19,1,1,2,0.0,3,4,3,0,4,2,1.488770397029034,-1.7794951156676886,-0.5537782000291314,0.08720414403938948,-0.4967799731332062,-0.21330704060913652,0.33959349508422926,1.5491166992851797
2023-10-03 19:00:00,R005,311,16,High,NH-48 (Delhi-Jaipur),Gurgaon Toll Plaza,Manesar,20.0,25,23.8,0.0,7.5,Overcast,,0.0,100.0,0,19,1,1,2,0.0,4,2,1,1,4,2,0.702241658447456,-1.3869078806943835,-0.6225705230141166,-1.002847656452979,-0.4967799731332062,-0.21330704060913652,0.33959349508422926,-0.06414641427736806
2023-10-03 20:00:00,R001,758,11,High,Delhi-Gurgaon Expressway,Dhaula Kuan,Rajiv Chowk,28.0,45,18.0,0.0,8.6,Partly Cloudy,,0.0,150.0,1,20,1,1,1,0.0,0,0,0,4,5,2,3.733089470050606,-1.6322749025526992,-0.3474012310741756,-0.1308062160590842,-1.6320107560154675,-0.21330704060913652,0.7642002467186375,1.5491166992851797
2023-10-03 20:00:00,R002,172,22,Medium,Noida-Greater Noida Expressway,Mahamaya Flyover,Pari Chowk,24.5,30,18.0,0.0,8.6,Partly Cloudy,,0.0,75.0,1,20,1,1,1,0.0,1,3,2,3,5,1,-0.24023674381840035,-1.0924674544644049,-0.4677877962978998,-0.7848372963545053,-1.6320107560154675,-0.21330704060913652,0.7642002467186375,-0.8707779710586419
2023-10-03 20:00:00,R003,282,16,High,Delhi-Meerut Expressway,Nizamuddin Bridge,Meerut,96.0,90,18.0,0.0,8.6,Partly Cloudy,,0.0,150.0,1,20,1,1,1,0.0,2,1,4,2,5,2,0.5056094738020616,-1.3869078806943835,1.9915377504153233,1.8312870248271789,-1.6320107560154675,-0.21330704060913652,0.7642002467186375,1.5491166992851797
2023-10-03 20:00:00,R004,249,14,High,Outer Ring Road (Delhi),Nehru Place,Janakpuri,22.0,50,18.0,0.0,8.6,Partly Cloudy,,0.0,100.0,0,20,1,1,1,0.0,3,4,3,0,5,2,0.28185560851592295,-1.48505468943771,-0.5537782000291314,0.08720414403938948,-1.6320107560154675,-0.21330704060913652,0.7642002467186375,-0.06414641427736806
2023-10-03 20:00:00,R005,341,20,Medium,NH-48 (Delhi-Jaipur),Gurgaon Toll Plaza,Manesar,20.0,25,18.0,0.0,8.6,Partly Cloudy,,0.0,150.0,1,20,1,1,1,0.0,4,2,1,1,5,1,0.9056542632530366,-1.1906142632077312,-0.6225705230141166,-1.002847656452979,-1.6320107560154675,-0.21330704060913652,0.7642002467186375,1.5491166992851797
2023-10-03 21:00:00,R001,122,58,Low,Delhi-Gurgaon Expressway,Dhaula Kuan,Rajiv Chowk,28.0,45,26.8,0.0,5.1,Clear,,0.0,100.0,0,21,1,0,0,0.0,0,0,0,4,0,0,-0.5792577518277012,0.6741751029154672,-0.3474012310741756,-0.1308062160590842,0.09040836284037715,-0.21330704060913652,-0.5868212357544802,-0.06414641427736806
2023-10-03 21:00:00,R002,162,67,Low,Noida-Greater Noida Expressway,Mahamaya Flyover,Pari Chowk,24.5,30,26.8,0.0,5.1,Clear,,0.0,80.0,0,21,1,0,0,0.0,1,3,2,3,0,0,-0.30804094542026056,1.1158357422604352,-0.4677877962978998,-0.7848372963545053,0.09040836284037715,-0.21330704060913652,-0.5868212357544802,-0.7094516597023871
2023-10-03 21:00:00,R003,233,91,Low,Delhi-Meerut Expressway,Nizamuddin Bridge,Meerut,96.0,90,26.8,0.0,5.1,Clear,,0.0,100.0,0,21,1,0,0,0.0,2,1,4,2,0,0,0.1733688859529467,2.29359744718035,1.9915377504153233,1.8312870248271789,0.09040836284037715,-0.21330704060913652,-0.5868212357544802,-0.06414641427736806
2023-10-03 21:00:00,R004,89,59,Low,Outer Ring Road (Delhi),Nehru Place,Janakpuri,22.0,50,26.8,0.0,5.1,Clear,,0.0,100.0,0,21,1,0,0,0.0,3,4,3,0,0,0,-0.8030116171138398,0.7232485072871303,-0.5537782000291314,0.08720414403938948,0.09040836284037715,-0.21330704060913652,-0.5868212357544802,-0.06414641427736806
2023-10-03 21:00:00,R005,220,68,Low,NH-48 (Delhi-Jaipur),Gurgaon Toll Plaza,Manesar,20.0,25,26.8,0.0,5.1,Clear,,0.0,50.0,0,21,1,0,0,0.0,4,2,1,1,0,0,0.08522342387052848,1.1649091466320984,-0.6225705230141166,-1.002847656452979,0.09040836284037715,-0.21330704060913652,-0.5868212357544802,-1.6774095278399157
2023-10-03 22:00:00,R001,241,56,Low,Delhi-Gurgaon Expressway,Dhaula Kuan,Rajiv Chowk,28.0,45,24.4,0.0,9.8,Partly Cloudy,,0.0,100.0,0,22,1,0,1,0.0,0,0,0,4,5,0,0.22761224723443482,0.576028294172141,-0.3474012310741756,-0.1308062160590842,-0.37934230593848994,-0.21330704060913652,1.2274076121379927,-0.06414641427736806
2023-10-03 22:00:00,R002,71,44,Low,Noida-Greater Noida Expressway,Mahamaya Flyover,Pari Chowk,24.5,30,24.4,0.0,9.8,Partly Cloudy,,0.0,50.0,0,22,1,0,1,0.0,1,3,2,3,5,0,-0.9250591799971881,-0.012852558287816397,-0.4677877962978998,-0.7848372963545053,-0.37934230593848994,-0.21330704060913652,1.2274076121379927,-1.6774095278399157
2023-10-03 22:00:00,R003,86,60,Low,Delhi-Meerut Expressway,Nizamuddin Bridge,Meerut,96.0,90,24.4,0.0,9.8,Partly Cloudy,,0.0,100.0,0,22,1,0,1,0.0,2,1,4,2,5,0,-0.8233528775943979,0.7723219116587934,1.9915377504153233,1.8312870248271789,-0.37934230593848994,-0.21330704060913652,1.2274076121379927,-0.06414641427736806
2023-10-03 22:00:00,R004,101,57,Low,Outer Ring Road (Delhi),Nehru Place,Janakpuri,22.0,50,24.4,0.0,9.8,Partly Cloudy,,0.0,80.0,0,22,1,0,1,0.0,3,4,3,0,5,0,-0.7216465751916076,0.625101698543804,-0.5537782000291314,0.08720414403938948,-0.37934230593848994,-0.21330704060913652,1.2274076121379927,-0.7094516597023871
2023-10-03 22:00:00,R005,147,43,Low,NH-48 (Delhi-Jaipur),Gurgaon Toll Plaza,Manesar,20.0,25,24.4,0.0,9.8,Partly Cloudy,,0.0,100.0,0,22,1,0,1,0.0,4,2,1,1,5,0,-0.4097472478230508,-0.061925962659479514,-0.6225705230141166,-1.002847656452979,-0.37934230593848994,-0.21330704060913652,1.2274076121379927,-0.06414641427736806
2023-10-03 23:00:00,R001,114,42,Low,Delhi-Gurgaon Expressway,Dhaula Kuan,Rajiv Chowk,28.0,45,28.7,0.0,1.8,Fog,,0.0,80.0,0,23,1,0,3,0.0,0,0,0,4,1,0,-0.6335011131091893,-0.11099936703114263,-0.3474012310741756,-0.1308062160590842,0.46229430895697965,-0.21330704060913652,-1.8606414906577056,-0.7094516597023871
2023-10-03 23:00:00,R002,179,22,Medium,Noida-Greater Noida Expressway,Mahamaya Flyover,Pari Chowk,24.5,30,28.7,0.0,1.8,Fog,,0.0,100.0,0,23,1,0,3,0.0,1,3,2,3,1,1,-0.19277380269709823,-1.0924674544644049,-0.4677877962978998,-0.7848372963545053,0.46229430895697965,-0.21330704060913652,-1.8606414906577056,-0.06414641427736806
2023-10-03 23:00:00,R003,252,24,Medium,Delhi-Meerut Expressway,Nizamuddin Bridge,Meerut,96.0,90,28.7,0.0,1.8,Fog,,0.0,100.0,0,23,1,0,3,0.0,2,1,4,2,1,1,0.302196868996481,-0.9943206457210787,1.9915377504153233,1.8312870248271789,0.46229430895697965,-0.21330704060913652,-1.8606414906577056,-0.06414641427736806
2023-10-03 23:00:00,R004,106,44,Low,Outer Ring Road (Delhi),Nehru Place,Janakpuri,22.0,50,28.7,0.0,1.8,Fog,,0.0,80.0,0,23,1,0,3,0.0,3,4,3,0,1,0,-0.6877444743906775,-0.012852558287816397,-0.5537782000291314,0.08720414403938948,0.46229430895697965,-0.21330704060913652,-1.8606414906577056,-0.7094516597023871
2023-10-03 23:00:00,R005,217,49,Low,NH-48 (Delhi-Jaipur),Gurgaon Toll Plaza,Manesar,20.0,25,28.7,0.0,1.8,Fog,,0.0,100.0,0,23,1,0,3,0.0,4,2,1,1,1,0,0.06488216338997042,0.23251446357049918,-0.6225705230141166,-1.002847656452979,0.46229430895697965,-0.21330704060913652,-1.8606414906577056,-0.06414641427736806
2023-10-04 00:00:00,R001,226,41,Low,Delhi-Gurgaon Expressway,Dhaula Kuan,Rajiv Chowk,28.0,45,32.2,0.0,6.6,Clear,,0.0,150.0,0,0,2,0,0,0.0,0,0,0,4,0,0,0.12590594483164458,-0.16007277140280574,-0.3474012310741756,-0.1308062160590842,1.1473473675928276,-0.21330704060913652,-0.007812028980286879,1.5491166992851797
2023-10-04 00:00:00,R002,183,44,Low,Noida-Greater Noida Expressway,Mahamaya Flyover,Pari Chowk,24.5,30,32.2,0.0,6.6,Clear,,0.0,100.0,0,0,2,0,0,0.0,1,3,2,3,0,0,-0.16565212205635418,-0.012852558287816397,-0.4677877962978998,-0.7848372963545053,1.1473473675928276,-0.21330704060913652,-0.007812028980286879,-0.06414641427736806
2023-10-04 00:00:00,R003,174,50,Low,Delhi-Meerut Expressway,Nizamuddin Bridge,Meerut,96.0,90,32.2,0.0,6.6,Clear,,0.0,150.0,0,0,2,0,0,0.0,2,1,4,2,0,0,-0.22667590349802832,0.2815878679421623,1.9915377504153233,1.8312870248271789,1.1473473675928276,-0.21330704060913652,-0.007812028980286879,1.5491166992851797
2023-10-04 00:00:00,R004,178,54,Low,Outer Ring Road (Delhi),Nehru Place,Janakpuri,22.0,50,32.2,0.0,6.6,Clear,,0.0,150.0,0,0,2,0,0,0.0,3,4,3,0,0,0,-0.19955422285728425,0.47788148542881476,-0.5537782000291314,0.08720414403938948,1.1473473675928276,-0.21330704060913652,-0.007812028980286879,1.5491166992851797
2023-10-04 00:00:00,R005,227,49,Low,NH-48 (Delhi-Jaipur),Gurgaon Toll Plaza,Manesar,20.0,25,32.2,0.0,6.6,Clear,,0.0,100.0,0,0,2,0,0,0.0,4,2,1,1,0,0,0.1326863649918306,0.23251446357049918,-0.6225705230141166,-1.002847656452979,1.1473473675928276,-0.21330704060913652,-0.007812028980286879,-0.06414641427736806
2023-10-04 01:00:00,R001,111,66,Low,Delhi-Gurgaon Expressway,Dhaula Kuan,Rajiv Chowk,28.0,45,25.3,0.0,7.8,Clear,,0.0,100.0,0,1,2,0,0,0.0,0,0,0,4,0,0,-0.6538423735897474,1.066762337888772,-0.3474012310741756,-0.1308062160590842,-0.20318580514641452,-0.21330704060913652,0.4553953364390679,-0.06414641427736806
2023-10-04 01:00:00,R002,244,46,Low,Noida-Greater Noida Expressway,Mahamaya Flyover,Pari Chowk,24.5,30,25.3,0.0,7.8,Clear,,0.0,100.0,0,1,2,0,0,0.0,1,3,2,3,0,0,0.2479535077149929,0.08529425045550983,-0.4677877962978998,-0.7848372963545053,-0.20318580514641452,-0.21330704060913652,0.4553953364390679,-0.06414641427736806
2023-10-04 01:00:00,R003,114,67,Low,Delhi-Meerut Expressway,Nizamuddin Bridge,Meerut,96.0,90,25.3,0.0,7.8,Clear,,0.0,100.0,0,1,2,0,0,0.0,2,1,4,2,0,0,-0.6335011131091893,1.1158357422604352,1.9915377504153233,1.8312870248271789,-0.20318580514641452,-0.21330704060913652,0.4553953364390679,-0.06414641427736806
2023-10-04 01:00:00,R004,53,43,Low,Outer Ring Road (Delhi),Nehru Place,Janakpuri,22.0,50,25.3,0.0,7.8,Clear,,0.0,100.0,0,1,2,0,0,0.0,3,4,3,0,0,0,-1.0471067428805365,-0.061925962659479514,-0.5537782000291314,0.08720414403938948,-0.20318580514641452,-0.21330704060913652,0.4553953364390679,-0.06414641427736806
2023-10-04 01:00:00,R005,87,42,Low,NH-48 (Delhi-Jaipur),Gurgaon Toll Plaza,Manesar,20.0,25,25.3,0.0,7.8,Clear,,0.0,150.0,0,1,2,0,0,0.0,4,2,1,1,0,0,-0.8165724574342118,-0.11099936703114263,-0.6225705230141166,-1.002847656452979,-0.20318580514641452,-0.21330704060913652,0.4553953364390679,1.5491166992851797
2023-10-04 02:00:00,R001,154,31,Medium,Delhi-Gurgaon Expressway,Dhaula Kuan,Rajiv Chowk,28.0,45,28.2,0.0,0.6,Fog,,0.0,100.0,0,2,2,0,3,0.0,0,0,0,4,1,1,-0.36228430670174866,-0.6508068151194368,-0.3474012310741756,-0.1308062160590842,0.3644295862947158,-0.21330704060913652,-2.3238488560770603,-0.06414641427736806
2023-10-04 02:00:00,R002,82,32,Medium,Noida-Greater Noida Expressway,Mahamaya Flyover,Pari Chowk,24.5,30,28.2,0.0,0.6,Fog,Minor,2.0,100.0,0,2,2,0,3,1.0,1,3,2,3,1,1,-0.850474558235142,-0.6017334107477738,-0.4677877962978998,-0.7848372963545053,0.3644295862947158,-0.21330704060913652,-2.3238488560770603,-0.06414641427736806
2023-10-04 02:00:00,R003,74,52,Low,Delhi-Meerut Expressway,Nizamuddin Bridge,Meerut,96.0,90,28.2,0.0,0.6,Fog,,0.0,100.0,0,2,2,0,3,0.0,2,1,4,2,1,0,-0.90471791951663,0.3797346766854885,1.9915377504153233,1.8312870248271789,0.3644295862947158,-0.21330704060913652,-2.3238488560770603,-0.06414641427736806
2023-10-04 02:00:00,R004,60,49,Low,Outer Ring Road (Delhi),Nehru Place,Janakpuri,22.0,50,28.2,0.0,0.6,Fog,,0.0,100.0,0,2,2,0,3,0.0,3,4,3,0,1,0,-0.9996438017592343,0.23251446357049918,-0.5537782000291314,0.08720414403938948,0.3644295862947158,-0.21330704060913652,-2.3238488560770603,-0.06414641427736806
2023-10-04 02:00:00,R005,256,48,Low,NH-48 (Delhi-Jaipur),Gurgaon Toll Plaza,Manesar,20.0,25,28.2,0.0,0.6,Fog,,0.0,80.0,0,2,2,0,3,0.0,4,2,1,1,1,0,0.32931854963722507,0.18344105919883605,-0.6225705230141166,-1.002847656452979,0.3644295862947158,-0.21330704060913652,-2.3238488560770603,-0.7094516597023871
2023-10-04 03:00:00,R001,218,60,Low,Delhi-Gurgaon Expressway,Dhaula Kuan,Rajiv Chowk,28.0,45,33.8,0.0,10.0,Partly Cloudy,,0.0,100.0,0,3,2,0,1,0.0,0,0,0,4,5,0,0.07166258355015644,0.7723219116587934,-0.3474012310741756,-0.1308062160590842,1.4605144801120709,-0.21330704060913652,1.3046088397078848,-0.06414641427736806
2023-10-04 03:00:00,R002,122,78,Low,Noida-Greater Noida Expressway,Mahamaya Flyover,Pari Chowk,24.5,30,33.8,0.0,10.0,Partly Cloudy,,0.0,80.0,0,3,2,0,1,0.0,1,3,2,3,5,0,-0.5792577518277012,1.6556431903487294,-0.4677877962978998,-0.7848372963545053,1.4605144801120709,-0.21330704060913652,1.3046088397078848,-0.7094516597023871
2023-10-04 03:00:00,R003,228,59,Low,Delhi-Meerut Expressway,Nizamuddin Bridge,Meerut,96.0,90,33.8,0.0,10.0,Partly Cloudy,,0.0,100.0,0,3,2,0,1,0.0,2,1,4,2,5,0,0.1394667851520166,0.7232485072871303,1.9915377504153233,1.8312870248271789,1.4605144801120709,-0.21330704060913652,1.3046088397078848,-0.06414641427736806
2023-10-04 03:00:00,R004,122,39,Medium,Outer Ring Road (Delhi),Nehru Place,Janakpuri,22.0,50,33.8,0.0,10.0,Partly Cloudy,,0.0,100.0,0,3,2,0,1,0.0,3,4,3,0,5,1,-0.5792577518277012,-0.25821958014613194,-0.5537782000291314,0.08720414403938948,1.4605144801120709,-0.21330704060913652,1.3046088397078848,-0.06414641427736806
2023-10-04 03:00:00,R005,223,62,Low,NH-48 (Delhi-Jaipur),Gurgaon Toll Plaza,Manesar,20.0,25,33.8,0.0,10.0,Partly Cloudy,,0.0,100.0,0,3,2,0,1,0.0,4,2,1,1,5,0,0.10556468435108653,0.8704687204021196,-0.6225705230141166,-1.002847656452979,1.4605144801120709,-0.21330704060913652,1.3046088397078848,-0.06414641427736806
2023-10-04 04:00:00,R001,152,44,Low,Delhi-Gurgaon Expressway,Dhaula Kuan,Rajiv Chowk,28.0,45,32.3,0.0,8.7,Clear,,0.0,100.0,0,4,2,0,0,0.0,0,0,0,4,0,0,-0.3758451470221207,-0.012852558287816397,-0.3474012310741756,-0.1308062160590842,1.1669203121252791,-0.21330704060913652,0.8028008605035837,-0.06414641427736806
2023-10-04 04:00:00,R002,132,67,Low,Noida-Greater Noida Expressway,Mahamaya Flyover,Pari Chowk,24.5,30,32.3,0.0,8.7,Clear,,0.0,100.0,0,4,2,0,0,0.0,1,3,2,3,0,0,-0.511453550225841,1.1158357422604352,-0.4677877962978998,-0.7848372963545053,1.1669203121252791,-0.21330704060913652,0.8028008605035837,-0.06414641427736806
2023-10-04 04:00:00,R003,288,53,Low,Delhi-Meerut Expressway,Nizamuddin Bridge,Meerut,96.0,90,32.3,0.0,8.7,Clear,,0.0,150.0,0,4,2,0,0,0.0,2,1,4,2,0,0,0.5462919947631777,0.4288080810571516,1.9915377504153233,1.8312870248271789,1.1669203121252791,-0.21330704060913652,0.8028008605035837,1.5491166992851797
2023-10-04 04:00:00,R004,116,49,Low,Outer Ring Road (Delhi),Nehru Place,Janakpuri,22.0,50,32.3,0.0,8.7,Clear,,0.0,100.0,0,4,2,0,0,0.0,3,4,3,0,0,0,-0.6199402727888174,0.23251446357049918,-0.5537782000291314,0.08720414403938948,1.1669203121252791,-0.21330704060913652,0.8028008605035837,-0.06414641427736806
2023-10-04 04:00:00,R005,233,69,Low,NH-48 (Delhi-Jaipur),Gurgaon Toll Plaza,Manesar,20.0,25,32.3,0.0,8.7,Clear,,0.0,50.0,0,4,2,0,0,0.0,4,2,1,1,0,0,0.1733688859529467,1.2139825510037614,-0.6225705230141166,-1.002847656452979,1.1669203121252791,-0.21330704060913652,0.8028008605035837,-1.6774095278399157
2023-10-04 05:00:00,R001,188,55,Low,Delhi-Gurgaon Expressway,Dhaula Kuan,Rajiv Chowk,28.0,45,25.3,0.0,8.5,Partly Cloudy,,0.0,150.0,0,5,2,0,1,0.0,0,0,0,4,5,0,-0.1317500212554241,0.5269548898004779,-0.3474012310741756,-0.1308062160590842,-0.20318580514641452,-0.21330704060913652,0.7255996329336915,1.5491166992851797
2023-10-04 05:00:00,R002,129,62,Low,Noida-Greater Noida Expressway,Mahamaya Flyover,Pari Chowk,24.5,30,25.3,0.0,8.5,Partly Cloudy,,0.0,100.0,0,5,2,0,1,0.0,1,3,2,3,5,0,-0.5317948107063991,0.8704687204021196,-0.4677877962978998,-0.7848372963545053,-0.20318580514641452,-0.21330704060913652,0.7255996329336915,-0.06414641427736806
2023-10-04 05:00:00,R003,62,54,Low,Delhi-Meerut Expressway,Nizamuddin Bridge,Meerut,96.0,90,25.3,0.0,8.5,Partly Cloudy,,0.0,100.0,0,5,2,0,1,0.0,2,1,4,2,5,0,-0.9860829614388623,0.47788148542881476,1.9915377504153233,1.8312870248271789,-0.20318580514641452,-0.21330704060913652,0.7255996329336915,-0.06414641427736806
2023-10-04 05:00:00,R004,208,52,Low,Outer Ring Road (Delhi),Nehru Place,Janakpuri,22.0,50,25.3,0.0,8.5,Partly Cloudy,,0.0,100.0,0,5,2,0,1,0.0,3,4,3,0,5,0,0.003858381948296261,0.3797346766854885,-0.5537782000291314,0.08720414403938948,-0.20318580514641452,-0.21330704060913652,0.7255996329336915,-0.06414641427736806
2023-10-04 05:00:00,R005,77,61,Low,NH-48 (Delhi-Jaipur),Gurgaon Toll Plaza,Manesar,20.0,25,25.3,0.0,8.5,Partly Cloudy,,0.0,50.0,0,5,2,0,1,0.0,4,2,1,1,5,0,-0.884376659036072,0.8213953160304566,-0.6225705230141166,-1.002847656452979,-0.20318580514641452,-0.21330704060913652,0.7255996329336915,-1.6774095278399157
2023-10-04 06:00:00,R001,218,45,Low,Delhi-Gurgaon Expressway,Dhaula Kuan,Rajiv Chowk,28.0,45,31.5,0.0,9.1,Clear,,0.0,100.0,0,6,2,0,0,0.0,0,0,0,4,0,0,0.07166258355015644,0.036220846083846715,-0.3474012310741756,-0.1308062160590842,1.0103367558656575,-0.21330704060913652,0.9572033156433687,-0.06414641427736806
2023-10-04 06:00:00,R002,80,36,Medium,Noida-Greater Noida Expressway,Mahamaya Flyover,Pari Chowk,24.5,30,31.5,0.0,9.1,Clear,,0.0,100.0,0,6,2,0,0,0.0,1,3,2,3,0,1,-0.8640353985555139,-0.40543979326112134,-0.4677877962978998,-0.7848372963545053,1.0103367558656575,-0.21330704060913652,0.9572033156433687,-0.06414641427736806
2023-10-04 06:00:00,R003,234,74,Low,Delhi-Meerut Expressway,Nizamuddin Bridge,Meerut,96.0,90,31.5,0.0,9.1,Clear,,0.0,100.0,0,6,2,0,0,0.0,2,1,4,2,0,0,0.1801493061131327,1.4593495728620771,1.9915377504153233,1.8312870248271789,1.0103367558656575,-0.21330704060913652,0.9572033156433687,-0.06414641427736806
2023-10-04 06:00:00,R004,221,63,Low,Outer Ring Road (Delhi),Nehru Place,Janakpuri,22.0,50,31.5,0.0,9.1,Clear,,0.0,100.0,0,6,2,0,0,0.0,3,4,3,0,0,0,0.09200384403071449,0.9195421247737828,-0.5537782000291314,0.08720414403938948,1.0103367558656575,-0.21330704060913652,0.9572033156433687,-0.06414641427736806
2023-10-04 06:00:00,R005,164,38,Medium,NH-48 (Delhi-Jaipur),Gurgaon Toll Plaza,Manesar,20.0,25,31.5,0.0,9.1,Clear,,0.0,100.0,0,6,2,0,0,0.0,4,2,1,1,0,1,-0.2944801050998885,-0.3072929845177951,-0.6225705230141166,-1.002847656452979,1.0103367558656575,-0.21330704060913652,0.9572033156433687,-0.06414641427736806
2023-10-04 07:00:00,R001,118,32,Medium,Delhi-Gurgaon Expressway,Dhaula Kuan,Rajiv Chowk,28.0,45,19.0,12.2,7.6,Heavy Rain,,0.0,100.0,0,7,2,0,5,0.0,0,0,0,4,2,1,-0.6063794324684453,-0.6017334107477738,-0.3474012310741756,-0.1308062160590842,-1.4362813106909398,9.108529002727456,0.3781941088691753,-0.06414641427736806
2023-10-04 07:00:00,R002,171,38,Medium,Noida-Greater Noida Expressway,Mahamaya Flyover,Pari Chowk,24.5,30,19.0,12.2,7.6,Heavy Rain,,0.0,150.0,0,7,2,0,5,0.0,1,3,2,3,2,1,-0.2470171639785864,-0.3072929845177951,-0.4677877962978998,-0.7848372963545053,-1.4362813106909398,9.108529002727456,0.3781941088691753,1.5491166992851797
2023-10-04 07:00:00,R003,143,36,Medium,Delhi-Meerut Expressway,Nizamuddin Bridge,Meerut,96.0,90,19.0,12.2,7.6,Heavy Rain,,0.0,100.0,0,7,2,0,5,0.0,2,1,4,2,2,1,-0.4368689284637949,-0.40543979326112134,1.9915377504153233,1.8312870248271789,-1.4362813106909398,9.108529002727456,0.3781941088691753,-0.06414641427736806
2023-10-04 07:00:00,R004,119,44,Low,Outer Ring Road (Delhi),Nehru Place,Janakpuri,22.0,50,19.0,12.2,7.6,Heavy Rain,,0.0,50.0,0,7,2,0,5,0.0,3,4,3,0,2,0,-0.5995990123082593,-0.012852558287816397,-0.5537782000291314,0.08720414403938948,-1.4362813106909398,9.108529002727456,0.3781941088691753,-1.6774095278399157
2023-10-04 07:00:00,R005,165,29,Medium,NH-48 (Delhi-Jaipur),Gurgaon Toll Plaza,Manesar,20.0,25,19.0,12.2,7.6,Heavy Rain,,0.0,50.0,0,7,2,0,5,0.0,4,2,1,1,2,1,-0.2876996849397025,-0.7489536238627631,-0.6225705230141166,-1.002847656452979,-1.4362813106909398,9.108529002727456,0.3781941088691753,-1.6774095278399157
2023-10-04 08:00:00,R001,554,7,High,Delhi-Gurgaon Expressway,Dhaula Kuan,Rajiv Chowk,28.0,45,27.9,0.0,8.5,Partly Cloudy,Minor,1.0,75.0,1,8,2,1,1,1.0,0,0,0,4,5,2,2.3498837573726585,-1.8285685200393516,-0.3474012310741756,-0.1308062160590842,0.30571075269735726,-0.21330704060913652,0.7255996329336915,-0.8707779710586419
2023-10-04 08:00:00,R002,187,18,High,Noida-Greater Noida Expressway,Mahamaya Flyover,Pari Chowk,24.5,30,27.9,0.0,8.5,Partly Cloudy,,0.0,100.0,0,8,2,1,1,0.0,1,3,2,3,5,2,-0.1385304414156101,-1.2887610719510574,-0.4677877962978998,-0.7848372963545053,0.30571075269735726,-0.21330704060913652,0.7255996329336915,-0.06414641427736806
2023-10-04 08:00:00,R003,577,17,High,Delhi-Meerut Expressway,Nizamuddin Bridge,Meerut,96.0,90,27.9,0.0,8.5,Partly Cloudy,Minor,1.0,100.0,0,8,2,1,1,1.0,2,1,4,2,5,2,2.505833421056937,-1.3378344763227206,1.9915377504153233,1.8312870248271789,0.30571075269735726,-0.21330704060913652,0.7255996329336915,-0.06414641427736806
2023-10-04 08:00:00,R004,345,21,Medium,Outer Ring Road (Delhi),Nehru Place,Janakpuri,22.0,50,27.9,0.0,8.5,Partly Cloudy,,0.0,100.0,0,8,2,1,1,0.0,3,4,3,0,5,1,0.9327759438937806,-1.141540858836068,-0.5537782000291314,0.08720414403938948,0.30571075269735726,-0.21330704060913652,0.7255996329336915,-0.06414641427736806
2023-10-04 08:00:00,R005,283,17,High,NH-48 (Delhi-Jaipur),Gurgaon Toll Plaza,Manesar,20.0,25,27.9,0.0,8.5,Partly Cloudy,,0.0,100.0,0,8,2,1,1,0.0,4,2,1,1,5,2,0.5123898939622475,-1.3378344763227206,-0.6225705230141166,-1.002847656452979,0.30571075269735726,-0.21330704060913652,0.7255996329336915,-0.06414641427736806
2023-10-04 09:00:00,R001,766,12,High,Delhi-Gurgaon Expressway,Dhaula Kuan,Rajiv Chowk,28.0,45,30.7,0.0,9.5,Overcast,,0.0,225.0,1,9,2,1,2,0.0,0,0,0,4,4,2,3.787332831332094,-1.583201498181036,-0.3474012310741756,-0.1308062160590842,0.8537531996060352,-0.21330704060913652,1.1116057707831537,3.9690113696290013
2023-10-04 09:00:00,R002,645,36,Medium,Noida-Greater Noida Expressway,Mahamaya Flyover,Pari Chowk,24.5,30,30.7,0.0,9.5,Overcast,,0.0,100.0,0,9,2,1,2,0.0,1,3,2,3,4,1,2.966901991949586,-0.40543979326112134,-0.4677877962978998,-0.7848372963545053,0.8537531996060352,-0.21330704060913652,1.1116057707831537,-0.06414641427736806
2023-10-04 09:00:00,R003,403,17,High,Delhi-Meerut Expressway,Nizamuddin Bridge,Meerut,96.0,90,30.7,0.0,9.5,Overcast,,0.0,75.0,1,9,2,1,2,0.0,2,1,4,2,4,2,1.3260403131845697,-1.3378344763227206,1.9915377504153233,1.8312870248271789,0.8537531996060352,-0.21330704060913652,1.1116057707831537,-0.8707779710586419
2023-10-04 09:00:00,R004,391,13,High,Outer Ring Road (Delhi),Nehru Place,Janakpuri,22.0,50,30.7,0.0,9.5,Overcast,,0.0,100.0,0,9,2,1,2,0.0,3,4,3,0,4,2,1.2446752712623375,-1.5341280938093729,-0.5537782000291314,0.08720414403938948,0.8537531996060352,-0.21330704060913652,1.1116057707831537,-0.06414641427736806
2023-10-04 09:00:00,R005,526,14,High,NH-48 (Delhi-Jaipur),Gurgaon Toll Plaza,Manesar,20.0,25,30.7,0.0,9.5,Overcast,,0.0,75.0,1,9,2,1,2,0.0,4,2,1,1,4,2,2.16003199288745,-1.48505468943771,-0.6225705230141166,-1.002847656452979,0.8537531996060352,-0.21330704060913652,1.1116057707831537,-0.8707779710586419
2023-10-04 10:00:00,R001,229,27,Medium,Delhi-Gurgaon Expressway,Dhaula Kuan,Rajiv Chowk,28.0,45,23.1,0.0,7.9,Clear,,0.0,75.0,1,10,2,1,0,0.0,0,0,0,4,0,1,0.14624720531220262,-0.8471004326060894,-0.3474012310741756,-0.1308062160590842,-0.6337905848603755,-0.21330704060913652,0.49399595022401427,-0.8707779710586419
2023-10-04 10:00:00,R002,773,11,High,Noida-Greater Noida Expressway,Mahamaya Flyover,Pari Chowk,24.5,30,23.1,0.0,7.9,Clear,,0.0,100.0,0,10,2,1,0,0.0,1,3,2,3,0,2,3.834795772453396,-1.6322749025526992,-0.4677877962978998,-0.7848372963545053,-0.6337905848603755,-0.21330704060913652,0.49399595022401427,-0.06414641427736806
2023-10-04 10:00:00,R003,360,20,Medium,Delhi-Meerut Expressway,Nizamuddin Bridge,Meerut,96.0,90,23.1,0.0,7.9,Clear,,0.0,75.0,1,10,2,1,0,0.0,2,1,4,2,0,1,1.0344822462965708,-1.1906142632077312,1.9915377504153233,1.8312870248271789,-0.6337905848603755,-0.21330704060913652,0.49399595022401427,-0.8707779710586419
2023-10-04 10:00:00,R004,495,14,High,Outer Ring Road (Delhi),Nehru Place,Janakpuri,22.0,50,23.1,0.0,7.9,Clear,,0.0,100.0,0,10,2,1,0,0.0,3,4,3,0,0,2,1.9498389679216834,-1.48505468943771,-0.5537782000291314,0.08720414403938948,-0.6337905848603755,-0.21330704060913652,0.49399595022401427,-0.06414641427736806
2023-10-04 10:00:00,R005,418,23,Medium,NH-48 (Delhi-Jaipur),Gurgaon Toll Plaza,Manesar,20.0,25,23.1,0.0,7.9,Clear,,0.0,100.0,0,10,2,1,0,0.0,4,2,1,1,0,1,1.42774661558736,-1.0433940500927419,-0.6225705230141166,-1.002847656452979,-0.6337905848603755,-0.21330704060913652,0.49399595022401427,-0.06414641427736806
2023-10-04 11:00:00,R001,217,14,High,Delhi-Gurgaon Expressway,Dhaula Kuan,Rajiv Chowk,28.0,45,25.8,0.0,7.3,Clear,,0.0,100.0,0,11,2,1,0,0.0,0,0,0,4,0,2,0.06488216338997042,-1.48505468943771,-0.3474012310741756,-0.1308062160590842,-0.10532108248415063,-0.21330704060913652,0.26239226751433675,-0.06414641427736806
2023-10-04 11:00:00,R002,151,32,Medium,Noida-Greater Noida Expressway,Mahamaya Flyover,Pari Chowk,24.5,30,25.8,0.0,7.3,Clear,,0.0,120.0,1,11,2,1,0,0.0,1,3,2,3,0,1,-0.3826255671823067,-0.6017334107477738,-0.4677877962978998,-0.7848372963545053,-0.10532108248415063,-0.21330704060913652,0.26239226751433675,0.581158831147651
2023-10-04 11:00:00,R003,683,18,High,Delhi-Meerut Expressway,Nizamuddin Bridge,Meerut,96.0,90,25.8,0.0,7.3,Clear,,0.0,100.0,0,11,2,1,0,0.0,2,1,4,2,0,2,3.224557958036655,-1.2887610719510574,1.9915377504153233,1.8312870248271789,-0.10532108248415063,-0.21330704060913652,0.26239226751433675,-0.06414641427736806
2023-10-04 11:00:00,R004,493,29,Medium,Outer Ring Road (Delhi),Nehru Place,Janakpuri,22.0,50,25.8,0.0,7.3,Clear,,0.0,100.0,0,11,2,1,0,0.0,3,4,3,0,0,1,1.9362781276013115,-0.7489536238627631,-0.5537782000291314,0.08720414403938948,-0.10532108248415063,-0.21330704060913652,0.26239226751433675,-0.06414641427736806
2023-10-04 11:00:00,R005,181,29,Medium,NH-48 (Delhi-Jaipur),Gurgaon Toll Plaza,Manesar,20.0,25,25.8,0.0,7.3,Clear,,0.0,100.0,0,11,2,1,0,0.0,4,2,1,1,0,1,-0.1792129623767262,-0.7489536238627631,-0.6225705230141166,-1.002847656452979,-0.10532108248415063,-0.21330704060913652,0.26239226751433675,-0.06414641427736806
2023-10-04 12:00:00,R001,300,43,Low,Delhi-Gurgaon Expressway,Dhaula Kuan,Rajiv Chowk,28.0,45,28.4,0.0,5.2,Partly Cloudy,,0.0,100.0,0,12,2,0,1,0.0,0,0,0,4,5,0,0.6276570366854098,-0.061925962659479514,-0.3474012310741756,-0.1308062160590842,0.4035754753596212,-0.21330704060913652,-0.5482206219695338,-0.06414641427736806
2023-10-04 12:00:00,R002,87,59,Low,Noida-Greater Noida Expressway,Mahamaya Flyover,Pari Chowk,24.5,30,28.4,0.0,5.2,Partly Cloudy,,0.0,80.0,0,12,2,0,1,0.0,1,3,2,3,5,0,-0.8165724574342118,0.7232485072871303,-0.4677877962978998,-0.7848372963545053,0.4035754753596212,-0.21330704060913652,-0.5482206219695338,-0.7094516597023871
2023-10-04 12:00:00,R003,190,59,Low,Delhi-Meerut Expressway,Nizamuddin Bridge,Meerut,96.0,90,28.4,0.0,5.2,Partly Cloudy,,0.0,100.0,0,12,2,0,1,0.0,2,1,4,2,5,0,-0.11818918093505205,0.7232485072871303,1.9915377504153233,1.8312870248271789,0.4035754753596212,-0.21330704060913652,-0.5482206219695338,-0.06414641427736806
2023-10-04 12:00:00,R004,102,51,Low,Outer Ring Road (Delhi),Nehru Place,Janakpuri,22.0,50,28.4,0.0,5.2,Partly Cloudy,,0.0,100.0,0,12,2,0,1,0.0,3,4,3,0,5,0,-0.7148661550314216,0.3306612723138254,-0.5537782000291314,0.08720414403938948,0.4035754753596212,-0.21330704060913652,-0.5482206219695338,-0.06414641427736806
2023-10-04 12:00:00,R005,186,69,Low,NH-48 (Delhi-Jaipur),Gurgaon Toll Plaza,Manesar,20.0,25,28.4,0.0,5.2,Partly Cloudy,,0.0,100.0,0,12,2,0,1,0.0,4,2,1,1,5,0,-0.14531086157579612,1.2139825510037614,-0.6225705230141166,-1.002847656452979,0.4035754753596212,-0.21330704060913652,-0.5482206219695338,-0.06414641427736806
2023-10-04 13:00:00,R001,81,66,Low,Delhi-Gurgaon Expressway,Dhaula Kuan,Rajiv Chowk,28.0,45,18.9,0.0,9.1,Clear,,0.0,100.0,0,13,2,0,0,0.0,0,0,0,4,0,0,-0.8572549783953279,1.066762337888772,-0.3474012310741756,-0.1308062160590842,-1.4558542552233928,-0.21330704060913652,0.9572033156433687,-0.06414641427736806
2023-10-04 13:00:00,R002,243,53,Low,Noida-Greater Noida Expressway,Mahamaya Flyover,Pari Chowk,24.5,30,18.9,0.0,9.1,Clear,Minor,1.0,80.0,0,13,2,0,0,1.0,1,3,2,3,0,0,0.24117308755480688,0.4288080810571516,-0.4677877962978998,-0.7848372963545053,-1.4558542552233928,-0.21330704060913652,0.9572033156433687,-0.7094516597023871
2023-10-04 13:00:00,R003,186,44,Low,Delhi-Meerut Expressway,Nizamuddin Bridge,Meerut,96.0,90,18.9,0.0,9.1,Clear,,0.0,100.0,0,13,2,0,0,0.0,2,1,4,2,0,0,-0.14531086157579612,-0.012852558287816397,1.9915377504153233,1.8312870248271789,-1.4558542552233928,-0.21330704060913652,0.9572033156433687,-0.06414641427736806
2023-10-04 13:00:00,R004,96,56,Low,Outer Ring Road (Delhi),Nehru Place,Janakpuri,22.0,50,18.9,0.0,9.1,Clear,,0.0,100.0,0,13,2,0,0,0.0,3,4,3,0,0,0,-0.7555486759925377,0.576028294172141,-0.5537782000291314,0.08720414403938948,-1.4558542552233928,-0.21330704060913652,0.9572033156433687,-0.06414641427736806
2023-10-04 13:00:00,R005,109,60,Low,NH-48 (Delhi-Jaipur),Gurgaon Toll Plaza,Manesar,20.0,25,18.9,0.0,9.1,Clear,,0.0,100.0,0,13,2,0,0,0.0,4,2,1,1,0,0,-0.6674032139101195,0.7723219116587934,-0.6225705230141166,-1.002847656452979,-1.4558542552233928,-0.21330704060913652,0.9572033156433687,-0.06414641427736806
2023-10-04 14:00:00,R001,279,54,Low,Delhi-Gurgaon Expressway,Dhaula Kuan,Rajiv Chowk,28.0,45,27.3,0.0,8.8,Clear,Minor,1.0,150.0,0,14,2,0,0,1.0,0,0,0,4,0,0,0.4852682133215035,0.47788148542881476,-0.3474012310741756,-0.1308062160590842,0.18827308550264105,-0.21330704060913652,0.8414014742885304,1.5491166992851797
2023-10-04 14:00:00,R002,139,43,Low,Noida-Greater Noida Expressway,Mahamaya Flyover,Pari Chowk,24.5,30,27.3,0.0,8.8,Clear,,0.0,150.0,0,14,2,0,0,0.0,1,3,2,3,0,0,-0.46399060910453893,-0.061925962659479514,-0.4677877962978998,-0.7848372963545053,0.18827308550264105,-0.21330704060913652,0.8414014742885304,1.5491166992851797
2023-10-04 14:00:00,R003,152,50,Low,Delhi-Meerut Expressway,Nizamuddin Bridge,Meerut,96.0,90,27.3,0.0,8.8,Clear,,0.0,100.0,0,14,2,0,0,0.0,2,1,4,2,0,0,-0.3758451470221207,0.2815878679421623,1.9915377504153233,1.8312870248271789,0.18827308550264105,-0.21330704060913652,0.8414014742885304,-0.06414641427736806
2023-10-04 14:00:00,R004,88,82,Low,Outer Ring Road (Delhi),Nehru Place,Janakpuri,22.0,50,27.3,0.0,8.8,Clear,,0.0,100.0,0,14,2,0,0,0.0,3,4,3,0,0,0,-0.8097920372740258,1.851936807835382,-0.5537782000291314,0.08720414403938948,0.18827308550264105,-0.21330704060913652,0.8414014742885304,-0.06414641427736806
2023-10-04 14:00:00,R005,42,39,Medium,NH-48 (Delhi-Jaipur),Gurgaon Toll Plaza,Manesar,20.0,25,27.3,0.0,8.8,Clear,,0.0,100.0,0,14,2,0,0,0.0,4,2,1,1,0,1,-1.1216913646425826,-0.25821958014613194,-0.6225705230141166,-1.002847656452979,0.18827308550264105,-0.21330704060913652,0.8414014742885304,-0.06414641427736806
2023-10-04 15:00:00,R001,195,30,Medium,Delhi-Gurgaon Expressway,Dhaula Kuan,Rajiv Chowk,28.0,45,21.6,0.0,8.1,Clear,,0.0,100.0,0,15,2,0,0,0.0,0,0,0,4,0,1,-0.08428708013412196,-0.6998802194911,-0.3474012310741756,-0.1308062160590842,-0.9273847528471671,-0.21330704060913652,0.5711971777939064,-0.06414641427736806
2023-10-04 15:00:00,R002,158,55,Low,Noida-Greater Noida Expressway,Mahamaya Flyover,Pari Chowk,24.5,30,21.6,0.0,8.1,Clear,,0.0,150.0,0,15,2,0,0,0.0,1,3,2,3,0,0,-0.3351626260610046,0.5269548898004779,-0.4677877962978998,-0.7848372963545053,-0.9273847528471671,-0.21330704060913652,0.5711971777939064,1.5491166992851797
2023-10-04 15:00:00,R003,136,47,Low,Delhi-Meerut Expressway,Nizamuddin Bridge,Meerut,96.0,90,21.6,0.0,8.1,Clear,,0.0,80.0,0,15,2,0,0,0.0,2,1,4,2,0,0,-0.484331869585097,0.13436765482717294,1.9915377504153233,1.8312870248271789,-0.9273847528471671,-0.21330704060913652,0.5711971777939064,-0.7094516597023871
2023-10-04 15:00:00,R004,156,85,Low,Outer Ring Road (Delhi),Nehru Place,Janakpuri,22.0,50,21.6,0.0,8.1,Clear,,0.0,100.0,0,15,2,0,0,0.0,3,4,3,0,0,0,-0.34872346638137663,1.9991570209503713,-0.5537782000291314,0.08720414403938948,-0.9273847528471671,-0.21330704060913652,0.5711971777939064,-0.06414641427736806
2023-10-04 15:00:00,R005,231,57,Low,NH-48 (Delhi-Jaipur),Gurgaon Toll Plaza,Manesar,20.0,25,21.6,0.0,8.1,Clear,,0.0,80.0,0,15,2,0,0,0.0,4,2,1,1,0,0,0.15980804563257467,0.625101698543804,-0.6225705230141166,-1.002847656452979,-0.9273847528471671,-0.21330704060913652,0.5711971777939064,-0.7094516597023871
2023-10-04 16:00:00,R001,186,56,Low,Delhi-Gurgaon Expressway,Dhaula Kuan,Rajiv Chowk,28.0,45,27.2,0.0,7.7,Clear,,0.0,100.0,0,16,2,0,0,0.0,0,0,0,4,0,0,-0.14531086157579612,0.576028294172141,-0.3474012310741756,-0.1308062160590842,0.16870014097018798,-0.21330704060913652,0.41679472265412176,-0.06414641427736806
2023-10-04 16:00:00,R002,132,45,Low,Noida-Greater Noida Expressway,Mahamaya Flyover,Pari Chowk,24.5,30,27.2,0.0,7.7,Clear,,0.0,100.0,0,16,2,0,0,0.0,1,3,2,3,0,0,-0.511453550225841,0.036220846083846715,-0.4677877962978998,-0.7848372963545053,0.16870014097018798,-0.21330704060913652,0.41679472265412176,-0.06414641427736806
2023-10-04 16:00:00,R003,103,57,Low,Delhi-Meerut Expressway,Nizamuddin Bridge,Meerut,96.0,90,27.2,0.0,7.7,Clear,,0.0,100.0,0,16,2,0,0,0.0,2,1,4,2,0,0,-0.7080857348712356,0.625101698543804,1.9915377504153233,1.8312870248271789,0.16870014097018798,-0.21330704060913652,0.41679472265412176,-0.06414641427736806
2023-10-04 16:00:00,R004,93,55,Low,Outer Ring Road (Delhi),Nehru Place,Janakpuri,22.0,50,27.2,0.0,7.7,Clear,,0.0,100.0,0,16,2,0,0,0.0,3,4,3,0,0,0,-0.7758899364730958,0.5269548898004779,-0.5537782000291314,0.08720414403938948,0.16870014097018798,-0.21330704060913652,0.41679472265412176,-0.06414641427736806
2023-10-04 16:00:00,R005,175,47,Low,NH-48 (Delhi-Jaipur),Gurgaon Toll Plaza,Manesar,20.0,25,27.2,0.0,7.7,Clear,,0.0,100.0,0,16,2,0,0,0.0,4,2,1,1,0,0,-0.2198954833378423,0.13436765482717294,-0.6225705230141166,-1.002847656452979,0.16870014097018798,-0.21330704060913652,0.41679472265412176,-0.06414641427736806
2023-10-04 17:00:00,R001,516,12,High,Delhi-Gurgaon Expressway,Dhaula Kuan,Rajiv Chowk,28.0,45,21.7,0.0,8.6,Partly Cloudy,Major,5.0,100.0,0,17,2,1,1,3.0,0,0,0,4,5,2,2.0922277912855898,-1.583201498181036,-0.3474012310741756,-0.1308062160590842,-0.9078118083147149,-0.21330704060913652,0.7642002467186375,-0.06414641427736806
2023-10-04 17:00:00,R002,639,13,High,Noida-Greater Noida Expressway,Mahamaya Flyover,Pari Chowk,24.5,30,21.7,0.0,8.6,Partly Cloudy,,0.0,100.0,0,17,2,1,1,0.0,1,3,2,3,5,2,2.92621947098847,-1.5341280938093729,-0.4677877962978998,-0.7848372963545053,-0.9078118083147149,-0.21330704060913652,0.7642002467186375,-0.06414641427736806
2023-10-04 17:00:00,R003,290,20,Medium,Delhi-Meerut Expressway,Nizamuddin Bridge,Meerut,96.0,90,21.7,0.0,8.6,Partly Cloudy,,0.0,150.0,1,17,2,1,1,0.0,2,1,4,2,5,1,0.5598528350835497,-1.1906142632077312,1.9915377504153233,1.8312870248271789,-0.9078118083147149,-0.21330704060913652,0.7642002467186375,1.5491166992851797
2023-10-04 17:00:00,R004,361,20,Medium,Outer Ring Road (Delhi),Nehru Place,Janakpuri,22.0,50,21.7,0.0,8.6,Partly Cloudy,,0.0,225.0,1,17,2,1,1,0.0,3,4,3,0,5,1,1.041262666456757,-1.1906142632077312,-0.5537782000291314,0.08720414403938948,-0.9078118083147149,-0.21330704060913652,0.7642002467186375,3.9690113696290013
2023-10-04 17:00:00,R005,289,31,Medium,NH-48 (Delhi-Jaipur),Gurgaon Toll Plaza,Manesar,20.0,25,21.7,0.0,8.6,Partly Cloudy,,0.0,100.0,0,17,2,1,1,0.0,4,2,1,1,5,1,0.5530724149233637,-0.6508068151194368,-0.6225705230141166,-1.002847656452979,-0.9078118083147149,-0.21330704060913652,0.7642002467186375,-0.06414641427736806
2023-10-04 18:00:00,R001,279,9,High,Delhi-Gurgaon Expressway,Dhaula Kuan,Rajiv Chowk,28.0,45,14.9,0.0,1.7,Fog,,0.0,100.0,0,18,2,1,3,0.0,0,0,0,4,1,2,0.4852682133215035,-1.7304217112960254,-0.3474012310741756,-0.1308062160590842,-2.2387720365215036,-0.21330704060913652,-1.8992421044426515,-0.06414641427736806
2023-10-04 18:00:00,R002,195,9,High,Noida-Greater Noida Expressway,Mahamaya Flyover,Pari Chowk,24.5,30,14.9,0.0,1.7,Fog,Minor,2.0,100.0,0,18,2,1,3,1.0,1,3,2,3,1,2,-0.08428708013412196,-1.7304217112960254,-0.4677877962978998,-0.7848372963545053,-2.2387720365215036,-0.21330704060913652,-1.8992421044426515,-0.06414641427736806
2023-10-04 18:00:00,R003,244,11,High,Delhi-Meerut Expressway,Nizamuddin Bridge,Meerut,96.0,90,14.9,0.0,1.7,Fog,,0.0,100.0,0,18,2,1,3,0.0,2,1,4,2,1,2,0.2479535077149929,-1.6322749025526992,1.9915377504153233,1.8312870248271789,-2.2387720365215036,-0.21330704060913652,-1.8992421044426515,-0.06414641427736806
2023-10-04 18:00:00,R004,177,19,High,Outer Ring Road (Delhi),Nehru Place,Janakpuri,22.0,50,14.9,0.0,1.7,Fog,,0.0,150.0,1,18,2,1,3,0.0,3,4,3,0,1,2,-0.2063346430174703,-1.2396876675793942,-0.5537782000291314,0.08720414403938948,-2.2387720365215036,-0.21330704060913652,-1.8992421044426515,1.5491166992851797
2023-10-04 18:00:00,R005,569,6,High,NH-48 (Delhi-Jaipur),Gurgaon Toll Plaza,Manesar,20.0,25,14.9,0.0,1.7,Fog,,0.0,225.0,1,18,2,1,3,0.0,4,2,1,1,1,2,2.4515900597754485,-1.8776419244110147,-0.6225705230141166,-1.002847656452979,-2.2387720365215036,-0.21330704060913652,-1.8992421044426515,3.9690113696290013
2023-10-04 19:00:00,R001,848,7,High,Delhi-Gurgaon Expressway,Dhaula Kuan,Rajiv Chowk,28.0,45,27.9,0.0,7.2,Clear,,0.0,75.0,1,19,2,1,0,0.0,0,0,0,4,0,2,4.343327284467348,-1.8285685200393516,-0.3474012310741756,-0.1308062160590842,0.30571075269735726,-0.21330704060913652,0.22379165372939067,-0.8707779710586419
2023-10-04 19:00:00,R002,373,15,High,Noida-Greater Noida Expressway,Mahamaya Flyover,Pari Chowk,24.5,30,27.9,0.0,7.2,Clear,,0.0,120.0,1,19,2,1,0,0.0,1,3,2,3,0,2,1.122627708378989,-1.4359812850660467,-0.4677877962978998,-0.7848372963545053,0.30571075269735726,-0.21330704060913652,0.22379165372939067,0.581158831147651
2023-10-04 19:00:00,R003,399,12,High,Delhi-Meerut Expressway,Nizamuddin Bridge,Meerut,96.0,90,27.9,0.0,7.2,Clear,,0.0,100.0,0,19,2,1,0,0.0,2,1,4,2,0,2,1.2989186325438256,-1.583201498181036,1.9915377504153233,1.8312870248271789,0.30571075269735726,-0.21330704060913652,0.22379165372939067,-0.06414641427736806
2023-10-04 19:00:00,R004,538,16,High,Outer Ring Road (Delhi),Nehru Place,Janakpuri,22.0,50,27.9,0.0,7.2,Clear,,0.0,150.0,1,19,2,1,0,0.0,3,4,3,0,0,2,2.2413970348096823,-1.3869078806943835,-0.5537782000291314,0.08720414403938948,0.30571075269735726,-0.21330704060913652,0.22379165372939067,1.5491166992851797
2023-10-04 19:00:00,R005,237,31,Medium,NH-48 (Delhi-Jaipur),Gurgaon Toll Plaza,Manesar,20.0,25,27.9,0.0,7.2,Clear,,0.0,75.0,1,19,2,1,0,0.0,4,2,1,1,0,1,0.20049056659369077,-0.6508068151194368,-0.6225705230141166,-1.002847656452979,0.30571075269735726,-0.21330704060913652,0.22379165372939067,-0.8707779710586419
2023-10-04 20:00:00,R001,585,9,High,Delhi-Gurgaon Expressway,Dhaula Kuan,Rajiv Chowk,28.0,45,29.5,0.0,7.0,Clear,,0.0,100.0,0,20,2,1,0,0.0,0,0,0,4,0,2,2.560076782338425,-1.7304217112960254,-0.3474012310741756,-0.1308062160590842,0.618877865216602,-0.21330704060913652,0.14659042615949813,-0.06414641427736806
2023-10-04 20:00:00,R002,434,20,Medium,Noida-Greater Noida Expressway,Mahamaya Flyover,Pari Chowk,24.5,30,29.5,0.0,7.0,Clear,,0.0,150.0,1,20,2,1,0,0.0,1,3,2,3,0,1,1.5362333381503361,-1.1906142632077312,-0.4677877962978998,-0.7848372963545053,0.618877865216602,-0.21330704060913652,0.14659042615949813,1.5491166992851797
2023-10-04 20:00:00,R003,406,12,High,Delhi-Meerut Expressway,Nizamuddin Bridge,Meerut,96.0,90,29.5,0.0,7.0,Clear,,0.0,100.0,0,20,2,1,0,0.0,2,1,4,2,0,2,1.3463815736651277,-1.583201498181036,1.9915377504153233,1.8312870248271789,0.618877865216602,-0.21330704060913652,0.14659042615949813,-0.06414641427736806
2023-10-04 20:00:00,R004,660,24,Medium,Outer Ring Road (Delhi),Nehru Place,Janakpuri,22.0,50,29.5,0.0,7.0,Clear,,0.0,100.0,0,20,2,1,0,0.0,3,4,3,0,0,1,3.0686082943523765,-0.9943206457210787,-0.5537782000291314,0.08720414403938948,0.618877865216602,-0.21330704060913652,0.14659042615949813,-0.06414641427736806
2023-10-04 20:00:00,R005,549,13,High,NH-48 (Delhi-Jaipur),Gurgaon Toll Plaza,Manesar,20.0,25,29.5,0.0,7.0,Clear,,0.0,100.0,0,20,2,1,0,0.0,4,2,1,1,0,2,2.3159816565717284,-1.5341280938093729,-0.6225705230141166,-1.002847656452979,0.618877865216602,-0.21330704060913652,0.14659042615949813,-0.06414641427736806
2023-10-04 21:00:00,R001,200,61,Low,Delhi-Gurgaon Expressway,Dhaula Kuan,Rajiv Chowk,28.0,45,31.3,0.0,5.8,Clear,,0.0,100.0,0,21,2,0,0,0.0,0,0,0,4,0,0,-0.05038497933319188,0.8213953160304566,-0.3474012310741756,-0.1308062160590842,0.9711908668007522,-0.21330704060913652,-0.31661693925985657,-0.06414641427736806
2023-10-04 21:00:00,R002,156,59,Low,Noida-Greater Noida Expressway,Mahamaya Flyover,Pari Chowk,24.5,30,31.3,0.0,5.8,Clear,,0.0,100.0,0,21,2,0,0,0.0,1,3,2,3,0,0,-0.34872346638137663,0.7232485072871303,-0.4677877962978998,-0.7848372963545053,0.9711908668007522,-0.21330704060913652,-0.31661693925985657,-0.06414641427736806
2023-10-04 21:00:00,R003,133,39,Medium,Delhi-Meerut Expressway,Nizamuddin Bridge,Meerut,96.0,90,31.3,0.0,5.8,Clear,,0.0,100.0,0,21,2,0,0,0.0,2,1,4,2,0,1,-0.5046731300656551,-0.25821958014613194,1.9915377504153233,1.8312870248271789,0.9711908668007522,-0.21330704060913652,-0.31661693925985657,-0.06414641427736806
2023-10-04 21:00:00,R004,189,80,Low,Outer Ring Road (Delhi),Nehru Place,Janakpuri,22.0,50,31.3,0.0,5.8,Clear,,0.0,100.0,0,21,2,0,0,0.0,3,4,3,0,0,0,-0.12496960109523807,1.7537899990920558,-0.5537782000291314,0.08720414403938948,0.9711908668007522,-0.21330704060913652,-0.31661693925985657,-0.06414641427736806
2023-10-04 21:00:00,R005,152,43,Low,NH-48 (Delhi-Jaipur),Gurgaon Toll Plaza,Manesar,20.0,25,31.3,0.0,5.8,Clear,,0.0,150.0,0,21,2,0,0,0.0,4,2,1,1,0,0,-0.3758451470221207,-0.061925962659479514,-0.6225705230141166,-1.002847656452979,0.9711908668007522,-0.21330704060913652,-0.31661693925985657,1.5491166992851797
2023-10-04 22:00:00,R001,92,57,Low,Delhi-Gurgaon Expressway,Dhaula Kuan,Rajiv Chowk,28.0,45,35.8,0.0,8.3,Clear,Minor,2.0,80.0,0,22,2,0,0,1.0,0,0,0,4,0,0,-0.7826703566332818,0.625101698543804,-0.3474012310741756,-0.1308062160590842,1.8519733707611266,-0.21330704060913652,0.6483984053637993,-0.7094516597023871
2023-10-04 22:00:00,R002,103,84,Low,Noida-Greater Noida Expressway,Mahamaya Flyover,Pari Chowk,24.5,30,35.8,0.0,8.3,Clear,,0.0,100.0,0,22,2,0,0,0.0,1,3,2,3,0,0,-0.7080857348712356,1.950083616578708,-0.4677877962978998,-0.7848372963545053,1.8519733707611266,-0.21330704060913652,0.6483984053637993,-0.06414641427736806
2023-10-04 22:00:00,R003,174,45,Low,Delhi-Meerut Expressway,Nizamuddin Bridge,Meerut,96.0,90,35.8,0.0,8.3,Clear,,0.0,100.0,0,22,2,0,0,0.0,2,1,4,2,0,0,-0.22667590349802832,0.036220846083846715,1.9915377504153233,1.8312870248271789,1.8519733707611266,-0.21330704060913652,0.6483984053637993,-0.06414641427736806
2023-10-04 22:00:00,R004,54,76,Low,Outer Ring Road (Delhi),Nehru Place,Janakpuri,22.0,50,35.8,0.0,8.3,Clear,,0.0,100.0,0,22,2,0,0,0.0,3,4,3,0,0,0,-1.0403263227203503,1.5574963816054033,-0.5537782000291314,0.08720414403938948,1.8519733707611266,-0.21330704060913652,0.6483984053637993,-0.06414641427736806
2023-10-04 22:00:00,R005,201,46,Low,NH-48 (Delhi-Jaipur),Gurgaon Toll Plaza,Manesar,20.0,25,35.8,0.0,8.3,Clear,,0.0,150.0,0,22,2,0,0,0.0,4,2,1,1,0,0,-0.04360455917300586,0.08529425045550983,-0.6225705230141166,-1.002847656452979,1.8519733707611266,-0.21330704060913652,0.6483984053637993,1.5491166992851797
2023-10-04 23:00:00,R001,244,67,Low,Delhi-Gurgaon Expressway,Dhaula Kuan,Rajiv Chowk,28.0,45,29.0,0.0,9.8,Clear,,0.0,100.0,0,23,2,0,0,0.0,0,0,0,4,0,0,0.2479535077149929,1.1158357422604352,-0.3474012310741756,-0.1308062160590842,0.5210131425543382,-0.21330704060913652,1.2274076121379927,-0.06414641427736806
2023-10-04 23:00:00,R002,182,70,Low,Noida-Greater Noida Expressway,Mahamaya Flyover,Pari Chowk,24.5,30,29.0,0.0,9.8,Clear,,0.0,50.0,0,23,2,0,0,0.0,1,3,2,3,0,0,-0.1724325422165402,1.2630559553754246,-0.4677877962978998,-0.7848372963545053,0.5210131425543382,-0.21330704060913652,1.2274076121379927,-1.6774095278399157
2023-10-04 23:00:00,R003,130,60,Low,Delhi-Meerut Expressway,Nizamuddin Bridge,Meerut,96.0,90,29.0,0.0,9.8,Clear,,0.0,100.0,0,23,2,0,0,0.0,2,1,4,2,0,0,-0.5250143905462131,0.7723219116587934,1.9915377504153233,1.8312870248271789,0.5210131425543382,-0.21330704060913652,1.2274076121379927,-0.06414641427736806
2023-10-04 23:00:00,R004,186,63,Low,Outer Ring Road (Delhi),Nehru Place,Janakpuri,22.0,50,29.0,0.0,9.8,Clear,,0.0,100.0,0,23,2,0,0,0.0,3,4,3,0,0,0,-0.14531086157579612,0.9195421247737828,-0.5537782000291314,0.08720414403938948,0.5210131425543382,-0.21330704060913652,1.2274076121379927,-0.06414641427736806
2023-10-04 23:00:00,R005,144,66,Low,NH-48 (Delhi-Jaipur),Gurgaon Toll Plaza,Manesar,20.0,25,29.0,0.0,9.8,Clear,,0.0,150.0,0,23,2,0,0,0.0,4,2,1,1,0,0,-0.43008850830360884,1.066762337888772,-0.6225705230141166,-1.002847656452979,0.5210131425543382,-0.21330704060913652,1.2274076121379927,1.5491166992851797
2023-10-05 00:00:00,R001,116,65,Low,Delhi-Gurgaon Expressway,Dhaula Kuan,Rajiv Chowk,28.0,45,35.6,0.0,7.1,Overcast,,0.0,50.0,0,0,3,0,2,0.0,0,0,0,4,4,0,-0.6199402727888174,1.017688933517109,-0.3474012310741756,-0.1308062160590842,1.8128274816962218,-0.21330704060913652,0.18519103994444422,-1.6774095278399157
2023-10-05 00:00:00,R002,121,50,Low,Noida-Greater Noida Expressway,Mahamaya Flyover,Pari Chowk,24.5,30,35.6,0.0,7.1,Overcast,,0.0,100.0,0,0,3,0,2,0.0,1,3,2,3,4,0,-0.5860381719878872,0.2815878679421623,-0.4677877962978998,-0.7848372963545053,1.8128274816962218,-0.21330704060913652,0.18519103994444422,-0.06414641427736806
2023-10-05 00:00:00,R003,122,55,Low,Delhi-Meerut Expressway,Nizamuddin Bridge,Meerut,96.0,90,35.6,0.0,7.1,Overcast,,0.0,100.0,0,0,3,0,2,0.0,2,1,4,2,4,0,-0.5792577518277012,0.5269548898004779,1.9915377504153233,1.8312870248271789,1.8128274816962218,-0.21330704060913652,0.18519103994444422,-0.06414641427736806
2023-10-05 00:00:00,R004,117,52,Low,Outer Ring Road (Delhi),Nehru Place,Janakpuri,22.0,50,35.6,0.0,7.1,Overcast,,0.0,100.0,0,0,3,0,2,0.0,3,4,3,0,4,0,-0.6131598526286313,0.3797346766854885,-0.5537782000291314,0.08720414403938948,1.8128274816962218,-0.21330704060913652,0.18519103994444422,-0.06414641427736806
2023-10-05 00:00:00,R005,268,62,Low,NH-48 (Delhi-Jaipur),Gurgaon Toll Plaza,Manesar,20.0,25,35.6,0.0,7.1,Overcast,,0.0,50.0,0,0,3,0,2,0.0,4,2,1,1,4,0,0.41068359155945733,0.8704687204021196,-0.6225705230141166,-1.002847656452979,1.8128274816962218,-0.21330704060913652,0.18519103994444422,-1.6774095278399157
2023-10-05 01:00:00,R001,80,48,Low,Delhi-Gurgaon Expressway,Dhaula Kuan,Rajiv Chowk,28.0,45,32.2,0.0,6.8,Clear,,0.0,100.0,0,1,3,0,0,0.0,0,0,0,4,0,0,-0.8640353985555139,0.18344105919883605,-0.3474012310741756,-0.1308062160590842,1.1473473675928276,-0.21330704060913652,0.06938919858960563,-0.06414641427736806
2023-10-05 01:00:00,R002,204,53,Low,Noida-Greater Noida Expressway,Mahamaya Flyover,Pari Chowk,24.5,30,32.2,0.0,6.8,Clear,,0.0,100.0,0,1,3,0,0,0.0,1,3,2,3,0,0,-0.02326329869244781,0.4288080810571516,-0.4677877962978998,-0.7848372963545053,1.1473473675928276,-0.21330704060913652,0.06938919858960563,-0.06414641427736806
2023-10-05 01:00:00,R003,90,71,Low,Delhi-Meerut Expressway,Nizamuddin Bridge,Meerut,96.0,90,32.2,0.0,6.8,Clear,,0.0,100.0,0,1,3,0,0,0.0,2,1,4,2,0,0,-0.7962311969536537,1.3121293597470878,1.9915377504153233,1.8312870248271789,1.1473473675928276,-0.21330704060913652,0.06938919858960563,-0.06414641427736806
2023-10-05 01:00:00,R004,168,47,Low,Outer Ring Road (Delhi),Nehru Place,Janakpuri,22.0,50,32.2,0.0,6.8,Clear,,0.0,100.0,0,1,3,0,0,0.0,3,4,3,0,0,0,-0.26735842445914443,0.13436765482717294,-0.5537782000291314,0.08720414403938948,1.1473473675928276,-0.21330704060913652,0.06938919858960563,-0.06414641427736806
2023-10-05 01:00:00,R005,164,75,Low,NH-48 (Delhi-Jaipur),Gurgaon Toll Plaza,Manesar,20.0,25,32.2,0.0,6.8,Clear,,0.0,50.0,0,1,3,0,0,0.0,4,2,1,1,0,0,-0.2944801050998885,1.50842297723374,-0.6225705230141166,-1.002847656452979,1.1473473675928276,-0.21330704060913652,0.06938919858960563,-1.6774095278399157
2023-10-05 02:00:00,R001,242,64,Low,Delhi-Gurgaon Expressway,Dhaula Kuan,Rajiv Chowk,28.0,45,27.2,0.0,7.4,Overcast,,0.0,50.0,0,2,3,0,2,0.0,0,0,0,4,4,0,0.23439266739462086,0.9686155291454459,-0.3474012310741756,-0.1308062160590842,0.16870014097018798,-0.21330704060913652,0.30099288129928314,-1.6774095278399157
2023-10-05 02:00:00,R002,130,64,Low,Noida-Greater Noida Expressway,Mahamaya Flyover,Pari Chowk,24.5,30,27.2,0.0,7.4,Overcast,,0.0,50.0,0,2,3,0,2,0.0,1,3,2,3,4,0,-0.5250143905462131,0.9686155291454459,-0.4677877962978998,-0.7848372963545053,0.16870014097018798,-0.21330704060913652,0.30099288129928314,-1.6774095278399157
2023-10-05 02:00:00,R003,113,75,Low,Delhi-Meerut Expressway,Nizamuddin Bridge,Meerut,96.0,90,27.2,0.0,7.4,Overcast,,0.0,100.0,0,2,3,0,2,0.0,2,1,4,2,4,0,-0.6402815332693754,1.50842297723374,1.9915377504153233,1.8312870248271789,0.16870014097018798,-0.21330704060913652,0.30099288129928314,-0.06414641427736806
2023-10-05 02:00:00,R004,91,57,Low,Outer Ring Road (Delhi),Nehru Place,Janakpuri,22.0,50,27.2,0.0,7.4,Overcast,,0.0,100.0,0,2,3,0,2,0.0,3,4,3,0,4,0,-0.7894507767934678,0.625101698543804,-0.5537782000291314,0.08720414403938948,0.16870014097018798,-0.21330704060913652,0.30099288129928314,-0.06414641427736806
2023-10-05 02:00:00,R005,109,34,Medium,NH-48 (Delhi-Jaipur),Gurgaon Toll Plaza,Manesar,20.0,25,27.2,0.0,7.4,Overcast,,0.0,50.0,0,2,3,0,2,0.0,4,2,1,1,4,1,-0.6674032139101195,-0.5035866020044475,-0.6225705230141166,-1.002847656452979,0.16870014097018798,-0.21330704060913652,0.30099288129928314,-1.6774095278399157
2023-10-05 03:00:00,R001,187,50,Low,Delhi-Gurgaon Expressway,Dhaula Kuan,Rajiv Chowk,28.0,45,30.9,0.0,7.5,Clear,,0.0,150.0,0,3,3,0,0,0.0,0,0,0,4,0,0,-0.1385304414156101,0.2815878679421623,-0.3474012310741756,-0.1308062160590842,0.8928990886709406,-0.21330704060913652,0.33959349508422926,1.5491166992851797
2023-10-05 03:00:00,R002,178,53,Low,Noida-Greater Noida Expressway,Mahamaya Flyover,Pari Chowk,24.5,30,30.9,0.0,7.5,Clear,,0.0,100.0,0,3,3,0,0,0.0,1,3,2,3,0,0,-0.19955422285728425,0.4288080810571516,-0.4677877962978998,-0.7848372963545053,0.8928990886709406,-0.21330704060913652,0.33959349508422926,-0.06414641427736806
2023-10-05 03:00:00,R003,124,41,Low,Delhi-Meerut Expressway,Nizamuddin Bridge,Meerut,96.0,90,30.9,0.0,7.5,Clear,,0.0,100.0,0,3,3,0,0,0.0,2,1,4,2,0,0,-0.5656969115073291,-0.16007277140280574,1.9915377504153233,1.8312870248271789,0.8928990886709406,-0.21330704060913652,0.33959349508422926,-0.06414641427736806
2023-10-05 03:00:00,R004,146,59,Low,Outer Ring Road (Delhi),Nehru Place,Janakpuri,22.0,50,30.9,0.0,7.5,Clear,,0.0,80.0,0,3,3,0,0,0.0,3,4,3,0,0,0,-0.4165276679832368,0.7232485072871303,-0.5537782000291314,0.08720414403938948,0.8928990886709406,-0.21330704060913652,0.33959349508422926,-0.7094516597023871
2023-10-05 03:00:00,R005,96,69,Low,NH-48 (Delhi-Jaipur),Gurgaon Toll Plaza,Manesar,20.0,25,30.9,0.0,7.5,Clear,,0.0,50.0,0,3,3,0,0,0.0,4,2,1,1,0,0,-0.7555486759925377,1.2139825510037614,-0.6225705230141166,-1.002847656452979,0.8928990886709406,-0.21330704060913652,0.33959349508422926,-1.6774095278399157
2023-10-05 04:00:00,R001,128,29,Medium,Delhi-Gurgaon Expressway,Dhaula Kuan,Rajiv Chowk,28.0,45,25.7,0.0,7.0,Clear,,0.0,150.0,0,4,3,0,0,0.0,0,0,0,4,0,1,-0.5385752308665851,-0.7489536238627631,-0.3474012310741756,-0.1308062160590842,-0.1248940270166037,-0.21330704060913652,0.14659042615949813,1.5491166992851797
2023-10-05 04:00:00,R002,142,53,Low,Noida-Greater Noida Expressway,Mahamaya Flyover,Pari Chowk,24.5,30,25.7,0.0,7.0,Clear,,0.0,100.0,0,4,3,0,0,0.0,1,3,2,3,0,0,-0.44364934862398087,0.4288080810571516,-0.4677877962978998,-0.7848372963545053,-0.1248940270166037,-0.21330704060913652,0.14659042615949813,-0.06414641427736806
2023-10-05 04:00:00,R003,123,46,Low,Delhi-Meerut Expressway,Nizamuddin Bridge,Meerut,96.0,90,25.7,0.0,7.0,Clear,,0.0,100.0,0,4,3,0,0,0.0,2,1,4,2,0,0,-0.5724773316675152,0.08529425045550983,1.9915377504153233,1.8312870248271789,-0.1248940270166037,-0.21330704060913652,0.14659042615949813,-0.06414641427736806
2023-10-05 04:00:00,R004,251,70,Low,Outer Ring Road (Delhi),Nehru Place,Janakpuri,22.0,50,25.7,0.0,7.0,Clear,,0.0,100.0,0,4,3,0,0,0.0,3,4,3,0,0,0,0.29541644883629503,1.2630559553754246,-0.5537782000291314,0.08720414403938948,-0.1248940270166037,-0.21330704060913652,0.14659042615949813,-0.06414641427736806
2023-10-05 04:00:00,R005,166,50,Low,NH-48 (Delhi-Jaipur),Gurgaon Toll Plaza,Manesar,20.0,25,25.7,0.0,7.0,Clear,,0.0,50.0,0,4,3,0,0,0.0,4,2,1,1,0,0,-0.28091926477951645,0.2815878679421623,-0.6225705230141166,-1.002847656452979,-0.1248940270166037,-0.21330704060913652,0.14659042615949813,-1.6774095278399157
2023-10-05 05:00:00,R001,194,64,Low,Delhi-Gurgaon Expressway,Dhaula Kuan,Rajiv Chowk,28.0,45,18.8,0.0,8.2,Partly Cloudy,,0.0,100.0,0,5,3,0,1,0.0,0,0,0,4,5,0,-0.09106750029430798,0.9686155291454459,-0.3474012310741756,-0.1308062160590842,-1.475427199755845,-0.21330704060913652,0.6097977915788525,-0.06414641427736806
2023-10-05 05:00:00,R002,201,72,Low,Noida-Greater Noida Expressway,Mahamaya Flyover,Pari Chowk,24.5,30,18.8,0.0,8.2,Partly Cloudy,,0.0,100.0,0,5,3,0,1,0.0,1,3,2,3,5,0,-0.04360455917300586,1.3612027641187507,-0.4677877962978998,-0.7848372963545053,-1.475427199755845,-0.21330704060913652,0.6097977915788525,-0.06414641427736806
2023-10-05 05:00:00,R003,115,57,Low,Delhi-Meerut Expressway,Nizamuddin Bridge,Meerut,96.0,90,18.8,0.0,8.2,Partly Cloudy,,0.0,100.0,0,5,3,0,1,0.0,2,1,4,2,5,0,-0.6267206929490033,0.625101698543804,1.9915377504153233,1.8312870248271789,-1.475427199755845,-0.21330704060913652,0.6097977915788525,-0.06414641427736806
2023-10-05 05:00:00,R004,190,57,Low,Outer Ring Road (Delhi),Nehru Place,Janakpuri,22.0,50,18.8,0.0,8.2,Partly Cloudy,,0.0,100.0,0,5,3,0,1,0.0,3,4,3,0,5,0,-0.11818918093505205,0.625101698543804,-0.5537782000291314,0.08720414403938948,-1.475427199755845,-0.21330704060913652,0.6097977915788525,-0.06414641427736806
2023-10-05 05:00:00,R005,164,54,Low,NH-48 (Delhi-Jaipur),Gurgaon Toll Plaza,Manesar,20.0,25,18.8,0.0,8.2,Partly Cloudy,,0.0,100.0,0,5,3,0,1,0.0,4,2,1,1,5,0,-0.2944801050998885,0.47788148542881476,-0.6225705230141166,-1.002847656452979,-1.475427199755845,-0.21330704060913652,0.6097977915788525,-0.06414641427736806
2023-10-05 06:00:00,R001,132,36,Medium,Delhi-Gurgaon Expressway,Dhaula Kuan,Rajiv Chowk,28.0,45,34.2,0.0,7.5,Clear,,0.0,100.0,0,6,3,0,0,0.0,0,0,0,4,0,1,-0.511453550225841,-0.40543979326112134,-0.3474012310741756,-0.1308062160590842,1.538806258241883,-0.21330704060913652,0.33959349508422926,-0.06414641427736806
2023-10-05 06:00:00,R002,211,54,Low,Noida-Greater Noida Expressway,Mahamaya Flyover,Pari Chowk,24.5,30,34.2,0.0,7.5,Clear,Minor,2.0,150.0,0,6,3,0,0,1.0,1,3,2,3,0,0,0.024199642428854314,0.47788148542881476,-0.4677877962978998,-0.7848372963545053,1.538806258241883,-0.21330704060913652,0.33959349508422926,1.5491166992851797
2023-10-05 06:00:00,R003,138,55,Low,Delhi-Meerut Expressway,Nizamuddin Bridge,Meerut,96.0,90,34.2,0.0,7.5,Clear,,0.0,80.0,0,6,3,0,0,0.0,2,1,4,2,0,0,-0.47077102926472497,0.5269548898004779,1.9915377504153233,1.8312870248271789,1.538806258241883,-0.21330704060913652,0.33959349508422926,-0.7094516597023871
2023-10-05 06:00:00,R004,182,58,Low,Outer Ring Road (Delhi),Nehru Place,Janakpuri,22.0,50,34.2,0.0,7.5,Clear,,0.0,100.0,0,6,3,0,0,0.0,3,4,3,0,0,0,-0.1724325422165402,0.6741751029154672,-0.5537782000291314,0.08720414403938948,1.538806258241883,-0.21330704060913652,0.33959349508422926,-0.06414641427736806
2023-10-05 06:00:00,R005,89,65,Low,NH-48 (Delhi-Jaipur),Gurgaon Toll Plaza,Manesar,20.0,25,34.2,0.0,7.5,Clear,,0.0,100.0,0,6,3,0,0,0.0,4,2,1,1,0,0,-0.8030116171138398,1.017688933517109,-0.6225705230141166,-1.002847656452979,1.538806258241883,-0.21330704060913652,0.33959349508422926,-0.06414641427736806
2023-10-05 07:00:00,R001,84,31,Medium,Delhi-Gurgaon Expressway,Dhaula Kuan,Rajiv Chowk,28.0,45,14.8,5.4,5.8,Heavy Rain,,0.0,100.0,0,7,3,0,5,0.0,0,0,0,4,2,1,-0.8369137179147699,-0.6508068151194368,-0.3474012310741756,-0.1308062160590842,-2.2583449810539564,3.9127515359496834,-0.31661693925985657,-0.06414641427736806
2023-10-05 07:00:00,R002,162,42,Low,Noida-Greater Noida Expressway,Mahamaya Flyover,Pari Chowk,24.5,30,14.8,5.4,5.8,Heavy Rain,,0.0,100.0,0,7,3,0,5,0.0,1,3,2,3,2,0,-0.30804094542026056,-0.11099936703114263,-0.4677877962978998,-0.7848372963545053,-2.2583449810539564,3.9127515359496834,-0.31661693925985657,-0.06414641427736806
2023-10-05 07:00:00,R003,79,33,Medium,Delhi-Meerut Expressway,Nizamuddin Bridge,Meerut,96.0,90,14.8,5.4,5.8,Heavy Rain,Major,4.0,80.0,0,7,3,0,5,3.0,2,1,4,2,2,1,-0.8708158187157,-0.5526600063761107,1.9915377504153233,1.8312870248271789,-2.2583449810539564,3.9127515359496834,-0.31661693925985657,-0.7094516597023871
2023-10-05 07:00:00,R004,68,33,Medium,Outer Ring Road (Delhi),Nehru Place,Janakpuri,22.0,50,14.8,5.4,5.8,Heavy Rain,,0.0,100.0,0,7,3,0,5,0.0,3,4,3,0,2,1,-0.9454004404777462,-0.5526600063761107,-0.5537782000291314,0.08720414403938948,-2.2583449810539564,3.9127515359496834,-0.31661693925985657,-0.06414641427736806
2023-10-05 07:00:00,R005,55,26,Medium,NH-48 (Delhi-Jaipur),Gurgaon Toll Plaza,Manesar,20.0,25,14.8,5.4,5.8,Heavy Rain,,0.0,50.0,0,7,3,0,5,0.0,4,2,1,1,2,1,-1.0335459025601643,-0.8961738369777524,-0.6225705230141166,-1.002847656452979,-2.2583449810539564,3.9127515359496834,-0.31661693925985657,-1.6774095278399157
2023-10-05 08:00:00,R001,376,16,High,Delhi-Gurgaon Expressway,Dhaula Kuan,Rajiv Chowk,28.0,45,26.0,0.0,7.9,Clear,,0.0,120.0,1,8,3,1,0,0.0,0,0,0,4,0,2,1.1429689688595472,-1.3869078806943835,-0.3474012310741756,-0.1308062160590842,-0.06617519341924522,-0.21330704060913652,0.49399595022401427,0.581158831147651
2023-10-05 08:00:00,R002,423,21,Medium,Noida-Greater Noida Expressway,Mahamaya Flyover,Pari Chowk,24.5,30,26.0,0.0,7.9,Clear,,0.0,100.0,0,8,3,1,0,0.0,1,3,2,3,0,1,1.46164871638829,-1.141540858836068,-0.4677877962978998,-0.7848372963545053,-0.06617519341924522,-0.21330704060913652,0.49399595022401427,-0.06414641427736806
2023-10-05 08:00:00,R003,627,22,Medium,Delhi-Meerut Expressway,Nizamuddin Bridge,Meerut,96.0,90,26.0,0.0,7.9,Clear,,0.0,150.0,1,8,3,1,0,0.0,2,1,4,2,0,1,2.844854429066238,-1.0924674544644049,1.9915377504153233,1.8312870248271789,-0.06617519341924522,-0.21330704060913652,0.49399595022401427,1.5491166992851797
2023-10-05 08:00:00,R004,490,28,Medium,Outer Ring Road (Delhi),Nehru Place,Janakpuri,22.0,50,26.0,0.0,7.9,Clear,Minor,2.0,75.0,1,8,3,1,0,1.0,3,4,3,0,0,1,1.9159368671207533,-0.7980270282344263,-0.5537782000291314,0.08720414403938948,-0.06617519341924522,-0.21330704060913652,0.49399595022401427,-0.8707779710586419
2023-10-05 08:00:00,R005,208,11,High,NH-48 (Delhi-Jaipur),Gurgaon Toll Plaza,Manesar,20.0,25,26.0,0.0,7.9,Clear,,0.0,150.0,1,8,3,1,0,0.0,4,2,1,1,0,2,0.003858381948296261,-1.6322749025526992,-0.6225705230141166,-1.002847656452979,-0.06617519341924522,-0.21330704060913652,0.49399595022401427,1.5491166992851797
2023-10-05 09:00:00,R001,553,7,High,Delhi-Gurgaon Expressway,Dhaula Kuan,Rajiv Chowk,28.0,45,25.3,0.0,1.4,Fog,,0.0,100.0,0,9,3,1,3,0.0,0,0,0,4,1,2,2.3431033372124723,-1.8285685200393516,-0.3474012310741756,-0.1308062160590842,-0.20318580514641452,-0.21330704060913652,-2.01504394579749,-0.06414641427736806
2023-10-05 09:00:00,R002,622,9,High,Noida-Greater Noida Expressway,Mahamaya Flyover,Pari Chowk,24.5,30,25.3,0.0,1.4,Fog,,0.0,100.0,0,9,3,1,3,0.0,1,3,2,3,1,2,2.8109523282653077,-1.7304217112960254,-0.4677877962978998,-0.7848372963545053,-0.20318580514641452,-0.21330704060913652,-2.01504394579749,-0.06414641427736806
2023-10-05 09:00:00,R003,276,8,High,Delhi-Meerut Expressway,Nizamuddin Bridge,Meerut,96.0,90,25.3,0.0,1.4,Fog,,0.0,100.0,0,9,3,1,3,0.0,2,1,4,2,1,2,0.46492695284094543,-1.7794951156676886,1.9915377504153233,1.8312870248271789,-0.20318580514641452,-0.21330704060913652,-2.01504394579749,-0.06414641427736806
2023-10-05 09:00:00,R004,291,15,High,Outer Ring Road (Delhi),Nehru Place,Janakpuri,22.0,50,25.3,0.0,1.4,Fog,,0.0,100.0,0,9,3,1,3,0.0,3,4,3,0,1,2,0.5666332552437358,-1.4359812850660467,-0.5537782000291314,0.08720414403938948,-0.20318580514641452,-0.21330704060913652,-2.01504394579749,-0.06414641427736806
2023-10-05 09:00:00,R005,313,8,High,NH-48 (Delhi-Jaipur),Gurgaon Toll Plaza,Manesar,20.0,25,25.3,0.0,1.4,Fog,,0.0,100.0,0,9,3,1,3,0.0,4,2,1,1,1,2,0.7158024987678281,-1.7794951156676886,-0.6225705230141166,-1.002847656452979,-0.20318580514641452,-0.21330704060913652,-2.01504394579749,-0.06414641427736806
2023-10-05 10:00:00,R001,396,10,High,Delhi-Gurgaon Expressway,Dhaula Kuan,Rajiv Chowk,28.0,45,23.9,0.0,7.7,Clear,,0.0,100.0,0,10,3,1,0,0.0,0,0,0,4,0,2,1.2785773720632676,-1.6813483069243622,-0.3474012310741756,-0.1308062160590842,-0.4772070286007538,-0.21330704060913652,0.41679472265412176,-0.06414641427736806
2023-10-05 10:00:00,R002,271,10,High,Noida-Greater Noida Expressway,Mahamaya Flyover,Pari Chowk,24.5,30,23.9,0.0,7.7,Clear,,0.0,75.0,1,10,3,1,0,0.0,1,3,2,3,0,2,0.43102485204001534,-1.6813483069243622,-0.4677877962978998,-0.7848372963545053,-0.4772070286007538,-0.21330704060913652,0.41679472265412176,-0.8707779710586419
2023-10-05 10:00:00,R003,202,13,High,Delhi-Meerut Expressway,Nizamuddin Bridge,Meerut,96.0,90,23.9,0.0,7.7,Clear,,0.0,100.0,0,10,3,1,0,0.0,2,1,4,2,0,2,-0.03682413901281984,-1.5341280938093729,1.9915377504153233,1.8312870248271789,-0.4772070286007538,-0.21330704060913652,0.41679472265412176,-0.06414641427736806
2023-10-05 10:00:00,R004,223,8,High,Outer Ring Road (Delhi),Nehru Place,Janakpuri,22.0,50,23.9,0.0,7.7,Clear,,0.0,100.0,0,10,3,1,0,0.0,3,4,3,0,0,2,0.10556468435108653,-1.7794951156676886,-0.5537782000291314,0.08720414403938948,-0.4772070286007538,-0.21330704060913652,0.41679472265412176,-0.06414641427736806
2023-10-05 10:00:00,R005,690,19,High,NH-48 (Delhi-Jaipur),Gurgaon Toll Plaza,Manesar,20.0,25,23.9,0.0,7.7,Clear,,0.0,150.0,1,10,3,1,0,0.0,4,2,1,1,0,2,3.272020899157957,-1.2396876675793942,-0.6225705230141166,-1.002847656452979,-0.4772070286007538,-0.21330704060913652,0.41679472265412176,1.5491166992851797
2023-10-05 11:00:00,R001,212,7,High,Delhi-Gurgaon Expressway,Dhaula Kuan,Rajiv Chowk,28.0,45,35.6,0.0,1.1,Fog,,0.0,120.0,1,11,3,1,3,0.0,0,0,0,4,1,2,0.03098006258904033,-1.8285685200393516,-0.3474012310741756,-0.1308062160590842,1.8128274816962218,-0.21330704060913652,-2.130845787152329,0.581158831147651
2023-10-05 11:00:00,R002,258,7,High,Noida-Greater Noida Expressway,Mahamaya Flyover,Pari Chowk,24.5,30,35.6,0.0,1.1,Fog,,0.0,100.0,0,11,3,1,3,0.0,1,3,2,3,1,2,0.34287938995759715,-1.8285685200393516,-0.4677877962978998,-0.7848372963545053,1.8128274816962218,-0.21330704060913652,-2.130845787152329,-0.06414641427736806
2023-10-05 11:00:00,R003,134,12,High,Delhi-Meerut Expressway,Nizamuddin Bridge,Meerut,96.0,90,35.6,0.0,1.1,Fog,,0.0,225.0,1,11,3,1,3,0.0,2,1,4,2,1,2,-0.497892709905469,-1.583201498181036,1.9915377504153233,1.8312870248271789,1.8128274816962218,-0.21330704060913652,-2.130845787152329,3.9690113696290013
2023-10-05 11:00:00,R004,417,9,High,Outer Ring Road (Delhi),Nehru Place,Janakpuri,22.0,50,35.6,0.0,1.1,Fog,,0.0,100.0,0,11,3,1,3,0.0,3,4,3,0,1,2,1.420966195427174,-1.7304217112960254,-0.5537782000291314,0.08720414403938948,1.8128274816962218,-0.21330704060913652,-2.130845787152329,-0.06414641427736806
2023-10-05 11:00:00,R005,272,9,High,NH-48 (Delhi-Jaipur),Gurgaon Toll Plaza,Manesar,20.0,25,35.6,0.0,1.1,Fog,,0.0,120.0,1,11,3,1,3,0.0,4,2,1,1,1,2,0.4378052722002014,-1.7304217112960254,-0.6225705230141166,-1.002847656452979,1.8128274816962218,-0.21330704060913652,-2.130845787152329,0.581158831147651
2023-10-05 12:00:00,R001,315,37,Medium,Delhi-Gurgaon Expressway,Dhaula Kuan,Rajiv Chowk,28.0,45,22.6,0.0,1.0,Fog,,0.0,150.0,0,12,3,0,3,0.0,0,0,0,4,1,1,0.7293633390882002,-0.3563663888894582,-0.3474012310741756,-0.1308062160590842,-0.7316553075226394,-0.21330704060913652,-2.169446400937275,1.5491166992851797
2023-10-05 12:00:00,R002,149,25,Medium,Noida-Greater Noida Expressway,Mahamaya Flyover,Pari Chowk,24.5,30,22.6,0.0,1.0,Fog,,0.0,100.0,0,12,3,0,3,0.0,1,3,2,3,1,1,-0.39618640750267875,-0.9452472413494156,-0.4677877962978998,-0.7848372963545053,-0.7316553075226394,-0.21330704060913652,-2.169446400937275,-0.06414641427736806
2023-10-05 12:00:00,R003,89,42,Low,Delhi-Meerut Expressway,Nizamuddin Bridge,Meerut,96.0,90,22.6,0.0,1.0,Fog,,0.0,100.0,0,12,3,0,3,0.0,2,1,4,2,1,0,-0.8030116171138398,-0.11099936703114263,1.9915377504153233,1.8312870248271789,-0.7316553075226394,-0.21330704060913652,-2.169446400937275,-0.06414641427736806
2023-10-05 12:00:00,R004,137,40,Low,Outer Ring Road (Delhi),Nehru Place,Janakpuri,22.0,50,22.6,0.0,1.0,Fog,,0.0,150.0,0,12,3,0,3,0.0,3,4,3,0,1,0,-0.47755144942491096,-0.20914617577446887,-0.5537782000291314,0.08720414403938948,-0.7316553075226394,-0.21330704060913652,-2.169446400937275,1.5491166992851797
2023-10-05 12:00:00,R005,104,21,Medium,NH-48 (Delhi-Jaipur),Gurgaon Toll Plaza,Manesar,20.0,25,22.6,0.0,1.0,Fog,,0.0,80.0,0,12,3,0,3,0.0,4,2,1,1,1,1,-0.7013053147110495,-1.141540858836068,-0.6225705230141166,-1.002847656452979,-0.7316553075226394,-0.21330704060913652,-2.169446400937275,-0.7094516597023871
2023-10-05 13:00:00,R001,69,45,Low,Delhi-Gurgaon Expressway,Dhaula Kuan,Rajiv Chowk,28.0,45,23.0,0.1,9.1,Light Rain,,0.0,100.0,0,13,3,0,3,0.0,0,0,0,4,3,0,-0.9386200203175602,0.036220846083846715,-0.3474012310741756,-0.1308062160590842,-0.6533635293928286,-0.13689854845063987,0.9572033156433687,-0.06414641427736806
2023-10-05 13:00:00,R002,68,66,Low,Noida-Greater Noida Expressway,Mahamaya Flyover,Pari Chowk,24.5,30,23.0,0.1,9.1,Light Rain,,0.0,100.0,0,13,3,0,3,0.0,1,3,2,3,3,0,-0.9454004404777462,1.066762337888772,-0.4677877962978998,-0.7848372963545053,-0.6533635293928286,-0.13689854845063987,0.9572033156433687,-0.06414641427736806
2023-10-05 13:00:00,R003,98,51,Low,Delhi-Meerut Expressway,Nizamuddin Bridge,Meerut,96.0,90,23.0,0.1,9.1,Light Rain,,0.0,100.0,0,13,3,0,3,0.0,2,1,4,2,3,0,-0.7419878356721656,0.3306612723138254,1.9915377504153233,1.8312870248271789,-0.6533635293928286,-0.13689854845063987,0.9572033156433687,-0.06414641427736806
2023-10-05 13:00:00,R004,129,52,Low,Outer Ring Road (Delhi),Nehru Place,Janakpuri,22.0,50,23.0,0.1,9.1,Light Rain,,0.0,100.0,0,13,3,0,3,0.0,3,4,3,0,3,0,-0.5317948107063991,0.3797346766854885,-0.5537782000291314,0.08720414403938948,-0.6533635293928286,-0.13689854845063987,0.9572033156433687,-0.06414641427736806
2023-10-05 13:00:00,R005,159,64,Low,NH-48 (Delhi-Jaipur),Gurgaon Toll Plaza,Manesar,20.0,25,23.0,0.1,9.1,Light Rain,,0.0,100.0,0,13,3,0,3,0.0,4,2,1,1,3,0,-0.32838220590081857,0.9686155291454459,-0.6225705230141166,-1.002847656452979,-0.6533635293928286,-0.13689854845063987,0.9572033156433687,-0.06414641427736806
2023-10-05 14:00:00,R001,91,44,Low,Delhi-Gurgaon Expressway,Dhaula Kuan,Rajiv Chowk,28.0,45,28.8,0.0,8.1,Clear,,0.0,100.0,0,14,3,0,0,0.0,0,0,0,4,0,0,-0.7894507767934678,-0.012852558287816397,-0.3474012310741756,-0.1308062160590842,0.4818672534894327,-0.21330704060913652,0.5711971777939064,-0.06414641427736806
2023-10-05 14:00:00,R002,60,59,Low,Noida-Greater Noida Expressway,Mahamaya Flyover,Pari Chowk,24.5,30,28.8,0.0,8.1,Clear,,0.0,100.0,0,14,3,0,0,0.0,1,3,2,3,0,0,-0.9996438017592343,0.7232485072871303,-0.4677877962978998,-0.7848372963545053,0.4818672534894327,-0.21330704060913652,0.5711971777939064,-0.06414641427736806
2023-10-05 14:00:00,R003,145,48,Low,Delhi-Meerut Expressway,Nizamuddin Bridge,Meerut,96.0,90,28.8,0.0,8.1,Clear,,0.0,80.0,0,14,3,0,0,0.0,2,1,4,2,0,0,-0.42330808814342286,0.18344105919883605,1.9915377504153233,1.8312870248271789,0.4818672534894327,-0.21330704060913652,0.5711971777939064,-0.7094516597023871
2023-10-05 14:00:00,R004,184,67,Low,Outer Ring Road (Delhi),Nehru Place,Janakpuri,22.0,50,28.8,0.0,8.1,Clear,,0.0,100.0,0,14,3,0,0,0.0,3,4,3,0,0,0,-0.15887170189616814,1.1158357422604352,-0.5537782000291314,0.08720414403938948,0.4818672534894327,-0.21330704060913652,0.5711971777939064,-0.06414641427736806
2023-10-05 14:00:00,R005,188,50,Low,NH-48 (Delhi-Jaipur),Gurgaon Toll Plaza,Manesar,20.0,25,28.8,0.0,8.1,Clear,,0.0,100.0,0,14,3,0,0,0.0,4,2,1,1,0,0,-0.1317500212554241,0.2815878679421623,-0.6225705230141166,-1.002847656452979,0.4818672534894327,-0.21330704060913652,0.5711971777939064,-0.06414641427736806
2023-10-05 15:00:00,R001,205,36,Medium,Delhi-Gurgaon Expressway,Dhaula Kuan,Rajiv Chowk,28.0,45,18.5,6.6,9.0,Heavy Rain,,0.0,100.0,0,15,3,0,5,0.0,0,0,0,4,2,1,-0.01648287853226179,-0.40543979326112134,-0.3474012310741756,-0.1308062160590842,-1.5341460333532035,4.829653441851643,0.9186027018584226,-0.06414641427736806
2023-10-05 15:00:00,R002,186,39,Medium,Noida-Greater Noida Expressway,Mahamaya Flyover,Pari Chowk,24.5,30,18.5,6.6,9.0,Heavy Rain,,0.0,50.0,0,15,3,0,5,0.0,1,3,2,3,2,1,-0.14531086157579612,-0.25821958014613194,-0.4677877962978998,-0.7848372963545053,-1.5341460333532035,4.829653441851643,0.9186027018584226,-1.6774095278399157
2023-10-05 15:00:00,R003,212,33,Medium,Delhi-Meerut Expressway,Nizamuddin Bridge,Meerut,96.0,90,18.5,6.6,9.0,Heavy Rain,,0.0,50.0,0,15,3,0,5,0.0,2,1,4,2,2,1,0.03098006258904033,-0.5526600063761107,1.9915377504153233,1.8312870248271789,-1.5341460333532035,4.829653441851643,0.9186027018584226,-1.6774095278399157
2023-10-05 15:00:00,R004,204,25,Medium,Outer Ring Road (Delhi),Nehru Place,Janakpuri,22.0,50,18.5,6.6,9.0,Heavy Rain,,0.0,50.0,0,15,3,0,5,0.0,3,4,3,0,2,1,-0.02326329869244781,-0.9452472413494156,-0.5537782000291314,0.08720414403938948,-1.5341460333532035,4.829653441851643,0.9186027018584226,-1.6774095278399157
2023-10-05 15:00:00,R005,151,42,Low,NH-48 (Delhi-Jaipur),Gurgaon Toll Plaza,Manesar,20.0,25,18.5,6.6,9.0,Heavy Rain,,0.0,100.0,0,15,3,0,5,0.0,4,2,1,1,2,0,-0.3826255671823067,-0.11099936703114263,-0.6225705230141166,-1.002847656452979,-1.5341460333532035,4.829653441851643,0.9186027018584226,-0.06414641427736806
2023-10-05 16:00:00,R001,111,50,Low,Delhi-Gurgaon Expressway,Dhaula Kuan,Rajiv Chowk,28.0,45,29.8,0.0,9.0,Clear,,0.0,100.0,0,16,3,0,0,0.0,0,0,0,4,0,0,-0.6538423735897474,0.2815878679421623,-0.3474012310741756,-0.1308062160590842,0.6775966988139605,-0.21330704060913652,0.9186027018584226,-0.06414641427736806
2023-10-05 16:00:00,R002,106,54,Low,Noida-Greater Noida Expressway,Mahamaya Flyover,Pari Chowk,24.5,30,29.8,0.0,9.0,Clear,,0.0,100.0,0,16,3,0,0,0.0,1,3,2,3,0,0,-0.6877444743906775,0.47788148542881476,-0.4677877962978998,-0.7848372963545053,0.6775966988139605,-0.21330704060913652,0.9186027018584226,-0.06414641427736806
2023-10-05 16:00:00,R003,124,53,Low,Delhi-Meerut Expressway,Nizamuddin Bridge,Meerut,96.0,90,29.8,0.0,9.0,Clear,,0.0,100.0,0,16,3,0,0,0.0,2,1,4,2,0,0,-0.5656969115073291,0.4288080810571516,1.9915377504153233,1.8312870248271789,0.6775966988139605,-0.21330704060913652,0.9186027018584226,-0.06414641427736806
2023-10-05 16:00:00,R004,157,71,Low,Outer Ring Road (Delhi),Nehru Place,Janakpuri,22.0,50,29.8,0.0,9.0,Clear,,0.0,150.0,0,16,3,0,0,0.0,3,4,3,0,0,0,-0.34194304622119065,1.3121293597470878,-0.5537782000291314,0.08720414403938948,0.6775966988139605,-0.21330704060913652,0.9186027018584226,1.5491166992851797
2023-10-05 16:00:00,R005,111,75,Low,NH-48 (Delhi-Jaipur),Gurgaon Toll Plaza,Manesar,20.0,25,29.8,0.0,9.0,Clear,,0.0,80.0,0,16,3,0,0,0.0,4,2,1,1,0,0,-0.6538423735897474,1.50842297723374,-0.6225705230141166,-1.002847656452979,0.6775966988139605,-0.21330704060913652,0.9186027018584226,-0.7094516597023871
2023-10-05 17:00:00,R001,397,11,High,Delhi-Gurgaon Expressway,Dhaula Kuan,Rajiv Chowk,28.0,45,21.4,0.0,1.1,Fog,,0.0,75.0,1,17,3,1,3,0.0,0,0,0,4,1,2,1.2853577922234536,-1.6322749025526992,-0.3474012310741756,-0.1308062160590842,-0.9665306419120733,-0.21330704060913652,-2.130845787152329,-0.8707779710586419
2023-10-05 17:00:00,R002,562,8,High,Noida-Greater Noida Expressway,Mahamaya Flyover,Pari Chowk,24.5,30,21.4,0.0,1.1,Fog,,0.0,150.0,1,17,3,1,3,0.0,1,3,2,3,1,2,2.4041271186541464,-1.7794951156676886,-0.4677877962978998,-0.7848372963545053,-0.9665306419120733,-0.21330704060913652,-2.130845787152329,1.5491166992851797
2023-10-05 17:00:00,R003,717,11,High,Delhi-Meerut Expressway,Nizamuddin Bridge,Meerut,96.0,90,21.4,0.0,1.1,Fog,,0.0,75.0,1,17,3,1,3,0.0,2,1,4,2,1,2,3.455092243482979,-1.6322749025526992,1.9915377504153233,1.8312870248271789,-0.9665306419120733,-0.21330704060913652,-2.130845787152329,-0.8707779710586419
2023-10-05 17:00:00,R004,391,21,Medium,Outer Ring Road (Delhi),Nehru Place,Janakpuri,22.0,50,21.4,0.0,1.1,Fog,Minor,2.0,150.0,1,17,3,1,3,1.0,3,4,3,0,1,1,1.2446752712623375,-1.141540858836068,-0.5537782000291314,0.08720414403938948,-0.9665306419120733,-0.21330704060913652,-2.130845787152329,1.5491166992851797
2023-10-05 17:00:00,R005,508,10,High,NH-48 (Delhi-Jaipur),Gurgaon Toll Plaza,Manesar,20.0,25,21.4,0.0,1.1,Fog,Major,2.0,75.0,1,17,3,1,3,3.0,4,2,1,1,1,2,2.0379844300041015,-1.6813483069243622,-0.6225705230141166,-1.002847656452979,-0.9665306419120733,-0.21330704060913652,-2.130845787152329,-0.8707779710586419
2023-10-05 18:00:00,R001,183,15,High,Delhi-Gurgaon Expressway,Dhaula Kuan,Rajiv Chowk,28.0,45,23.7,0.0,9.7,Clear,,0.0,120.0,1,18,3,1,0,0.0,0,0,0,4,0,2,-0.16565212205635418,-1.4359812850660467,-0.3474012310741756,-0.1308062160590842,-0.5163529176656593,-0.21330704060913652,1.1888069983530458,0.581158831147651
2023-10-05 18:00:00,R002,419,20,Medium,Noida-Greater Noida Expressway,Mahamaya Flyover,Pari Chowk,24.5,30,23.7,0.0,9.7,Clear,,0.0,225.0,1,18,3,1,0,0.0,1,3,2,3,0,1,1.434527035747546,-1.1906142632077312,-0.4677877962978998,-0.7848372963545053,-0.5163529176656593,-0.21330704060913652,1.1888069983530458,3.9690113696290013
2023-10-05 18:00:00,R003,299,15,High,Delhi-Meerut Expressway,Nizamuddin Bridge,Meerut,96.0,90,23.7,0.0,9.7,Clear,Minor,3.0,100.0,0,18,3,1,0,1.0,2,1,4,2,0,2,0.6208766165252239,-1.4359812850660467,1.9915377504153233,1.8312870248271789,-0.5163529176656593,-0.21330704060913652,1.1888069983530458,-0.06414641427736806
2023-10-05 18:00:00,R004,205,11,High,Outer Ring Road (Delhi),Nehru Place,Janakpuri,22.0,50,23.7,0.0,9.7,Clear,,0.0,100.0,0,18,3,1,0,0.0,3,4,3,0,0,2,-0.01648287853226179,-1.6322749025526992,-0.5537782000291314,0.08720414403938948,-0.5163529176656593,-0.21330704060913652,1.1888069983530458,-0.06414641427736806
2023-10-05 18:00:00,R005,377,15,High,NH-48 (Delhi-Jaipur),Gurgaon Toll Plaza,Manesar,20.0,25,23.7,0.0,9.7,Clear,,0.0,100.0,0,18,3,1,0,0.0,4,2,1,1,0,2,1.1497493890197332,-1.4359812850660467,-0.6225705230141166,-1.002847656452979,-0.5163529176656593,-0.21330704060913652,1.1888069983530458,-0.06414641427736806
2023-10-05 19:00:00,R001,612,7,High,Delhi-Gurgaon Expressway,Dhaula Kuan,Rajiv Chowk,28.0,45,27.8,2.8,8.8,Heavy Rain,,0.0,75.0,1,19,3,1,5,0.0,0,0,0,4,2,2,2.7431481266634474,-1.8285685200393516,-0.3474012310741756,-0.1308062160590842,0.2861378081649049,1.92613073982877,0.8414014742885304,-0.8707779710586419
2023-10-05 19:00:00,R002,593,17,High,Noida-Greater Noida Expressway,Mahamaya Flyover,Pari Chowk,24.5,30,27.8,2.8,8.8,Heavy Rain,,0.0,120.0,1,19,3,1,5,0.0,1,3,2,3,2,2,2.614320143619913,-1.3378344763227206,-0.4677877962978998,-0.7848372963545053,0.2861378081649049,1.92613073982877,0.8414014742885304,0.581158831147651
2023-10-05 19:00:00,R003,233,19,High,Delhi-Meerut Expressway,Nizamuddin Bridge,Meerut,96.0,90,27.8,2.8,8.8,Heavy Rain,,0.0,120.0,1,19,3,1,5,0.0,2,1,4,2,2,2,0.1733688859529467,-1.2396876675793942,1.9915377504153233,1.8312870248271789,0.2861378081649049,1.92613073982877,0.8414014742885304,0.581158831147651
2023-10-05 19:00:00,R004,506,15,High,Outer Ring Road (Delhi),Nehru Place,Janakpuri,22.0,50,27.8,2.8,8.8,Heavy Rain,,0.0,120.0,1,19,3,1,5,0.0,3,4,3,0,2,2,2.0244235896837295,-1.4359812850660467,-0.5537782000291314,0.08720414403938948,0.2861378081649049,1.92613073982877,0.8414014742885304,0.581158831147651
2023-10-05 19:00:00,R005,213,16,High,NH-48 (Delhi-Jaipur),Gurgaon Toll Plaza,Manesar,20.0,25,27.8,2.8,8.8,Heavy Rain,Major,3.0,100.0,0,19,3,1,5,3.0,4,2,1,1,2,2,0.037760482749226346,-1.3869078806943835,-0.6225705230141166,-1.002847656452979,0.2861378081649049,1.92613073982877,0.8414014742885304,-0.06414641427736806
2023-10-05 20:00:00,R001,277,13,High,Delhi-Gurgaon Expressway,Dhaula Kuan,Rajiv Chowk,28.0,45,31.5,0.0,6.6,Overcast,,0.0,120.0,1,20,3,1,2,0.0,0,0,0,4,4,2,0.47170737300113147,-1.5341280938093729,-0.3474012310741756,-0.1308062160590842,1.0103367558656575,-0.21330704060913652,-0.007812028980286879,0.581158831147651
2023-10-05 20:00:00,R002,551,21,Medium,Noida-Greater Noida Expressway,Mahamaya Flyover,Pari Chowk,24.5,30,31.5,0.0,6.6,Overcast,,0.0,150.0,1,20,3,1,2,0.0,1,3,2,3,4,1,2.3295424968921004,-1.141540858836068,-0.4677877962978998,-0.7848372963545053,1.0103367558656575,-0.21330704060913652,-0.007812028980286879,1.5491166992851797
2023-10-05 20:00:00,R003,314,14,High,Delhi-Meerut Expressway,Nizamuddin Bridge,Meerut,96.0,90,31.5,0.0,6.6,Overcast,,0.0,120.0,1,20,3,1,2,0.0,2,1,4,2,4,2,0.7225829189280141,-1.48505468943771,1.9915377504153233,1.8312870248271789,1.0103367558656575,-0.21330704060913652,-0.007812028980286879,0.581158831147651
2023-10-05 20:00:00,R004,191,21,Medium,Outer Ring Road (Delhi),Nehru Place,Janakpuri,22.0,50,31.5,0.0,6.6,Overcast,,0.0,100.0,0,20,3,1,2,0.0,3,4,3,0,4,1,-0.11140876077486603,-1.141540858836068,-0.5537782000291314,0.08720414403938948,1.0103367558656575,-0.21330704060913652,-0.007812028980286879,-0.06414641427736806
2023-10-05 20:00:00,R005,693,15,High,NH-48 (Delhi-Jaipur),Gurgaon Toll Plaza,Manesar,20.0,25,31.5,0.0,6.6,Overcast,,0.0,225.0,1,20,3,1,2,0.0,4,2,1,1,4,2,3.292362159638515,-1.4359812850660467,-0.6225705230141166,-1.002847656452979,1.0103367558656575,-0.21330704060913652,-0.007812028980286879,3.9690113696290013
2023-10-05 21:00:00,R001,200,24,Medium,Delhi-Gurgaon Expressway,Dhaula Kuan,Rajiv Chowk,28.0,45,22.1,2.5,5.1,Heavy Rain,,0.0,50.0,0,21,3,0,5,0.0,0,0,0,4,2,1,-0.05038497933319188,-0.9943206457210787,-0.3474012310741756,-0.1308062160590842,-0.8295200301849033,1.69690526335328,-0.5868212357544802,-1.6774095278399157
2023-10-05 21:00:00,R002,85,42,Low,Noida-Greater Noida Expressway,Mahamaya Flyover,Pari Chowk,24.5,30,22.1,2.5,5.1,Heavy Rain,,0.0,100.0,0,21,3,0,5,0.0,1,3,2,3,2,0,-0.8301332977545839,-0.11099936703114263,-0.4677877962978998,-0.7848372963545053,-0.8295200301849033,1.69690526335328,-0.5868212357544802,-0.06414641427736806
2023-10-05 21:00:00,R003,167,48,Low,Delhi-Meerut Expressway,Nizamuddin Bridge,Meerut,96.0,90,22.1,2.5,5.1,Heavy Rain,,0.0,100.0,0,21,3,0,5,0.0,2,1,4,2,2,0,-0.27413884461933047,0.18344105919883605,1.9915377504153233,1.8312870248271789,-0.8295200301849033,1.69690526335328,-0.5868212357544802,-0.06414641427736806
2023-10-05 21:00:00,R004,79,34,Medium,Outer Ring Road (Delhi),Nehru Place,Janakpuri,22.0,50,22.1,2.5,5.1,Heavy Rain,,0.0,100.0,0,21,3,0,5,0.0,3,4,3,0,2,1,-0.8708158187157,-0.5035866020044475,-0.5537782000291314,0.08720414403938948,-0.8295200301849033,1.69690526335328,-0.5868212357544802,-0.06414641427736806
2023-10-05 21:00:00,R005,131,45,Low,NH-48 (Delhi-Jaipur),Gurgaon Toll Plaza,Manesar,20.0,25,22.1,2.5,5.1,Heavy Rain,,0.0,50.0,0,21,3,0,5,0.0,4,2,1,1,2,0,-0.518233970386027,0.036220846083846715,-0.6225705230141166,-1.002847656452979,-0.8295200301849033,1.69690526335328,-0.5868212357544802,-1.6774095278399157
2023-10-05 22:00:00,R001,129,28,Medium,Delhi-Gurgaon Expressway,Dhaula Kuan,Rajiv Chowk,28.0,45,23.6,0.0,1.9,Fog,,0.0,100.0,0,22,3,0,3,0.0,0,0,0,4,1,1,-0.5317948107063991,-0.7980270282344263,-0.3474012310741756,-0.1308062160590842,-0.5359258621981117,-0.21330704060913652,-1.822040876872759,-0.06414641427736806
2023-10-05 22:00:00,R002,124,28,Medium,Noida-Greater Noida Expressway,Mahamaya Flyover,Pari Chowk,24.5,30,23.6,0.0,1.9,Fog,,0.0,50.0,0,22,3,0,3,0.0,1,3,2,3,1,1,-0.5656969115073291,-0.7980270282344263,-0.4677877962978998,-0.7848372963545053,-0.5359258621981117,-0.21330704060913652,-1.822040876872759,-1.6774095278399157
2023-10-05 22:00:00,R003,168,39,Medium,Delhi-Meerut Expressway,Nizamuddin Bridge,Meerut,96.0,90,23.6,0.0,1.9,Fog,,0.0,50.0,0,22,3,0,3,0.0,2,1,4,2,1,1,-0.26735842445914443,-0.25821958014613194,1.9915377504153233,1.8312870248271789,-0.5359258621981117,-0.21330704060913652,-1.822040876872759,-1.6774095278399157
2023-10-05 22:00:00,R004,163,27,Medium,Outer Ring Road (Delhi),Nehru Place,Janakpuri,22.0,50,23.6,0.0,1.9,Fog,,0.0,100.0,0,22,3,0,3,0.0,3,4,3,0,1,1,-0.3012605252600745,-0.8471004326060894,-0.5537782000291314,0.08720414403938948,-0.5359258621981117,-0.21330704060913652,-1.822040876872759,-0.06414641427736806
2023-10-05 22:00:00,R005,114,45,Low,NH-48 (Delhi-Jaipur),Gurgaon Toll Plaza,Manesar,20.0,25,23.6,0.0,1.9,Fog,,0.0,150.0,0,22,3,0,3,0.0,4,2,1,1,1,0,-0.6335011131091893,0.036220846083846715,-0.6225705230141166,-1.002847656452979,-0.5359258621981117,-0.21330704060913652,-1.822040876872759,1.5491166992851797
2023-10-05 23:00:00,R001,148,27,Medium,Delhi-Gurgaon Expressway,Dhaula Kuan,Rajiv Chowk,28.0,45,21.9,0.0,1.4,Fog,,0.0,100.0,0,23,3,0,3,0.0,0,0,0,4,1,1,-0.4029668276628648,-0.8471004326060894,-0.3474012310741756,-0.1308062160590842,-0.8686659192498094,-0.21330704060913652,-2.01504394579749,-0.06414641427736806
2023-10-05 23:00:00,R002,187,23,Medium,Noida-Greater Noida Expressway,Mahamaya Flyover,Pari Chowk,24.5,30,21.9,0.0,1.4,Fog,,0.0,50.0,0,23,3,0,3,0.0,1,3,2,3,1,1,-0.1385304414156101,-1.0433940500927419,-0.4677877962978998,-0.7848372963545053,-0.8686659192498094,-0.21330704060913652,-2.01504394579749,-1.6774095278399157
2023-10-05 23:00:00,R003,151,43,Low,Delhi-Meerut Expressway,Nizamuddin Bridge,Meerut,96.0,90,21.9,0.0,1.4,Fog,,0.0,100.0,0,23,3,0,3,0.0,2,1,4,2,1,0,-0.3826255671823067,-0.061925962659479514,1.9915377504153233,1.8312870248271789,-0.8686659192498094,-0.21330704060913652,-2.01504394579749,-0.06414641427736806
2023-10-05 23:00:00,R004,73,45,Low,Outer Ring Road (Delhi),Nehru Place,Janakpuri,22.0,50,21.9,0.0,1.4,Fog,,0.0,100.0,0,23,3,0,3,0.0,3,4,3,0,1,0,-0.911498339676816,0.036220846083846715,-0.5537782000291314,0.08720414403938948,-0.8686659192498094,-0.21330704060913652,-2.01504394579749,-0.06414641427736806
2023-10-05 23:00:00,R005,265,51,Low,NH-48 (Delhi-Jaipur),Gurgaon Toll Plaza,Manesar,20.0,25,21.9,0.0,1.4,Fog,,0.0,100.0,0,23,3,0,3,0.0,4,2,1,1,1,0,0.39034233107889926,0.3306612723138254,-0.6225705230141166,-1.002847656452979,-0.8686659192498094,-0.21330704060913652,-2.01504394579749,-0.06414641427736806
2023-10-06 00:00:00,R001,140,38,Medium,Delhi-Gurgaon Expressway,Dhaula Kuan,Rajiv Chowk,28.0,45,16.0,0.0,6.6,Partly Cloudy,,0.0,150.0,0,0,4,0,1,0.0,0,0,0,4,5,1,-0.45721018894435295,-0.3072929845177951,-0.3474012310741756,-0.1308062160590842,-2.0234696466645232,-0.21330704060913652,-0.007812028980286879,1.5491166992851797
2023-10-06 00:00:00,R002,73,68,Low,Noida-Greater Noida Expressway,Mahamaya Flyover,Pari Chowk,24.5,30,16.0,0.0,6.6,Partly Cloudy,,0.0,100.0,0,0,4,0,1,0.0,1,3,2,3,5,0,-0.911498339676816,1.1649091466320984,-0.4677877962978998,-0.7848372963545053,-2.0234696466645232,-0.21330704060913652,-0.007812028980286879,-0.06414641427736806
2023-10-06 00:00:00,R003,140,86,Low,Delhi-Meerut Expressway,Nizamuddin Bridge,Meerut,96.0,90,16.0,0.0,6.6,Partly Cloudy,,0.0,80.0,0,0,4,0,1,0.0,2,1,4,2,5,0,-0.45721018894435295,2.0482304253220343,1.9915377504153233,1.8312870248271789,-2.0234696466645232,-0.21330704060913652,-0.007812028980286879,-0.7094516597023871
2023-10-06 00:00:00,R004,106,53,Low,Outer Ring Road (Delhi),Nehru Place,Janakpuri,22.0,50,16.0,0.0,6.6,Partly Cloudy,,0.0,100.0,0,0,4,0,1,0.0,3,4,3,0,5,0,-0.6877444743906775,0.4288080810571516,-0.5537782000291314,0.08720414403938948,-2.0234696466645232,-0.21330704060913652,-0.007812028980286879,-0.06414641427736806
2023-10-06 00:00:00,R005,95,51,Low,NH-48 (Delhi-Jaipur),Gurgaon Toll Plaza,Manesar,20.0,25,16.0,0.0,6.6,Partly Cloudy,,0.0,100.0,0,0,4,0,1,0.0,4,2,1,1,5,0,-0.7623290961527237,0.3306612723138254,-0.6225705230141166,-1.002847656452979,-2.0234696466645232,-0.21330704060913652,-0.007812028980286879,-0.06414641427736806
2023-10-06 01:00:00,R001,157,45,Low,Delhi-Gurgaon Expressway,Dhaula Kuan,Rajiv Chowk,28.0,45,22.8,0.0,8.8,Partly Cloudy,Minor,3.0,150.0,0,1,4,0,1,1.0,0,0,0,4,5,0,-0.34194304622119065,0.036220846083846715,-0.3474012310741756,-0.1308062160590842,-0.692509418457734,-0.21330704060913652,0.8414014742885304,1.5491166992851797
2023-10-06 01:00:00,R002,216,55,Low,Noida-Greater Noida Expressway,Mahamaya Flyover,Pari Chowk,24.5,30,22.8,0.0,8.8,Partly Cloudy,,0.0,100.0,0,1,4,0,1,0.0,1,3,2,3,5,0,0.0581017432297844,0.5269548898004779,-0.4677877962978998,-0.7848372963545053,-0.692509418457734,-0.21330704060913652,0.8414014742885304,-0.06414641427736806
2023-10-06 01:00:00,R003,224,49,Low,Delhi-Meerut Expressway,Nizamuddin Bridge,Meerut,96.0,90,22.8,0.0,8.8,Partly Cloudy,,0.0,150.0,0,1,4,0,1,0.0,2,1,4,2,5,0,0.11234510451127254,0.23251446357049918,1.9915377504153233,1.8312870248271789,-0.692509418457734,-0.21330704060913652,0.8414014742885304,1.5491166992851797
2023-10-06 01:00:00,R004,235,80,Low,Outer Ring Road (Delhi),Nehru Place,Janakpuri,22.0,50,22.8,0.0,8.8,Partly Cloudy,,0.0,100.0,0,1,4,0,1,0.0,3,4,3,0,5,0,0.18692972627331872,1.7537899990920558,-0.5537782000291314,0.08720414403938948,-0.692509418457734,-0.21330704060913652,0.8414014742885304,-0.06414641427736806
2023-10-06 01:00:00,R005,231,60,Low,NH-48 (Delhi-Jaipur),Gurgaon Toll Plaza,Manesar,20.0,25,22.8,0.0,8.8,Partly Cloudy,Minor,1.0,100.0,0,1,4,0,1,1.0,4,2,1,1,5,0,0.15980804563257467,0.7723219116587934,-0.6225705230141166,-1.002847656452979,-0.692509418457734,-0.21330704060913652,0.8414014742885304,-0.06414641427736806
2023-10-06 02:00:00,R001,304,34,Medium,Delhi-Gurgaon Expressway,Dhaula Kuan,Rajiv Chowk,28.0,45,21.5,0.0,7.7,Overcast,,0.0,100.0,0,2,4,0,2,0.0,0,0,0,4,4,1,0.6547787173261539,-0.5035866020044475,-0.3474012310741756,-0.1308062160590842,-0.9469576973796202,-0.21330704060913652,0.41679472265412176,-0.06414641427736806
2023-10-06 02:00:00,R002,160,44,Low,Noida-Greater Noida Expressway,Mahamaya Flyover,Pari Chowk,24.5,30,21.5,0.0,7.7,Overcast,,0.0,100.0,0,2,4,0,2,0.0,1,3,2,3,4,0,-0.3216017857406326,-0.012852558287816397,-0.4677877962978998,-0.7848372963545053,-0.9469576973796202,-0.21330704060913652,0.41679472265412176,-0.06414641427736806
2023-10-06 02:00:00,R003,177,71,Low,Delhi-Meerut Expressway,Nizamuddin Bridge,Meerut,96.0,90,21.5,0.0,7.7,Overcast,,0.0,100.0,0,2,4,0,2,0.0,2,1,4,2,4,0,-0.2063346430174703,1.3121293597470878,1.9915377504153233,1.8312870248271789,-0.9469576973796202,-0.21330704060913652,0.41679472265412176,-0.06414641427736806
2023-10-06 02:00:00,R004,128,53,Low,Outer Ring Road (Delhi),Nehru Place,Janakpuri,22.0,50,21.5,0.0,7.7,Overcast,,0.0,150.0,0,2,4,0,2,0.0,3,4,3,0,4,0,-0.5385752308665851,0.4288080810571516,-0.5537782000291314,0.08720414403938948,-0.9469576973796202,-0.21330704060913652,0.41679472265412176,1.5491166992851797
2023-10-06 02:00:00,R005,177,46,Low,NH-48 (Delhi-Jaipur),Gurgaon Toll Plaza,Manesar,20.0,25,21.5,0.0,7.7,Overcast,,0.0,50.0,0,2,4,0,2,0.0,4,2,1,1,4,0,-0.2063346430174703,0.08529425045550983,-0.6225705230141166,-1.002847656452979,-0.9469576973796202,-0.21330704060913652,0.41679472265412176,-1.6774095278399157
2023-10-06 03:00:00,R001,82,58,Low,Delhi-Gurgaon Expressway,Dhaula Kuan,Rajiv Chowk,28.0,45,27.0,0.0,9.4,Clear,,0.0,50.0,0,3,4,0,0,0.0,0,0,0,4,0,0,-0.850474558235142,0.6741751029154672,-0.3474012310741756,-0.1308062160590842,0.12955425190528255,-0.21330704060913652,1.0730051569982075,-1.6774095278399157
2023-10-06 03:00:00,R002,125,60,Low,Noida-Greater Noida Expressway,Mahamaya Flyover,Pari Chowk,24.5,30,27.0,0.0,9.4,Clear,,0.0,100.0,0,3,4,0,0,0.0,1,3,2,3,0,0,-0.5589164913471432,0.7723219116587934,-0.4677877962978998,-0.7848372963545053,0.12955425190528255,-0.21330704060913652,1.0730051569982075,-0.06414641427736806
2023-10-06 03:00:00,R003,69,44,Low,Delhi-Meerut Expressway,Nizamuddin Bridge,Meerut,96.0,90,27.0,0.0,9.4,Clear,,0.0,50.0,0,3,4,0,0,0.0,2,1,4,2,0,0,-0.9386200203175602,-0.012852558287816397,1.9915377504153233,1.8312870248271789,0.12955425190528255,-0.21330704060913652,1.0730051569982075,-1.6774095278399157
2023-10-06 03:00:00,R004,100,47,Low,Outer Ring Road (Delhi),Nehru Place,Janakpuri,22.0,50,27.0,0.0,9.4,Clear,,0.0,150.0,0,3,4,0,0,0.0,3,4,3,0,0,0,-0.7284269953517936,0.13436765482717294,-0.5537782000291314,0.08720414403938948,0.12955425190528255,-0.21330704060913652,1.0730051569982075,1.5491166992851797
2023-10-06 03:00:00,R005,178,73,Low,NH-48 (Delhi-Jaipur),Gurgaon Toll Plaza,Manesar,20.0,25,27.0,0.0,9.4,Clear,,0.0,100.0,0,3,4,0,0,0.0,4,2,1,1,0,0,-0.19955422285728425,1.410276168490414,-0.6225705230141166,-1.002847656452979,0.12955425190528255,-0.21330704060913652,1.0730051569982075,-0.06414641427736806
2023-10-06 04:00:00,R001,96,51,Low,Delhi-Gurgaon Expressway,Dhaula Kuan,Rajiv Chowk,28.0,45,30.1,0.0,5.5,Clear,Major,2.0,50.0,0,4,4,0,0,3.0,0,0,0,4,0,0,-0.7555486759925377,0.3306612723138254,-0.3474012310741756,-0.1308062160590842,0.736315532411319,-0.21330704060913652,-0.4324187806146952,-1.6774095278399157
2023-10-06 04:00:00,R002,113,35,Medium,Noida-Greater Noida Expressway,Mahamaya Flyover,Pari Chowk,24.5,30,30.1,0.0,5.5,Clear,,0.0,150.0,0,4,4,0,0,0.0,1,3,2,3,0,1,-0.6402815332693754,-0.4545131976327844,-0.4677877962978998,-0.7848372963545053,0.736315532411319,-0.21330704060913652,-0.4324187806146952,1.5491166992851797
2023-10-06 04:00:00,R003,137,59,Low,Delhi-Meerut Expressway,Nizamuddin Bridge,Meerut,96.0,90,30.1,0.0,5.5,Clear,,0.0,80.0,0,4,4,0,0,0.0,2,1,4,2,0,0,-0.47755144942491096,0.7232485072871303,1.9915377504153233,1.8312870248271789,0.736315532411319,-0.21330704060913652,-0.4324187806146952,-0.7094516597023871
2023-10-06 04:00:00,R004,74,38,Medium,Outer Ring Road (Delhi),Nehru Place,Janakpuri,22.0,50,30.1,0.0,5.5,Clear,,0.0,150.0,0,4,4,0,0,0.0,3,4,3,0,0,1,-0.90471791951663,-0.3072929845177951,-0.5537782000291314,0.08720414403938948,0.736315532411319,-0.21330704060913652,-0.4324187806146952,1.5491166992851797
2023-10-06 04:00:00,R005,161,73,Low,NH-48 (Delhi-Jaipur),Gurgaon Toll Plaza,Manesar,20.0,25,30.1,0.0,5.5,Clear,,0.0,50.0,0,4,4,0,0,0.0,4,2,1,1,0,0,-0.31482136558044654,1.410276168490414,-0.6225705230141166,-1.002847656452979,0.736315532411319,-0.21330704060913652,-0.4324187806146952,-1.6774095278399157
2023-10-06 05:00:00,R001,145,52,Low,Delhi-Gurgaon Expressway,Dhaula Kuan,Rajiv Chowk,28.0,45,33.8,0.0,8.5,Clear,,0.0,80.0,0,5,4,0,0,0.0,0,0,0,4,0,0,-0.42330808814342286,0.3797346766854885,-0.3474012310741756,-0.1308062160590842,1.4605144801120709,-0.21330704060913652,0.7255996329336915,-0.7094516597023871
2023-10-06 05:00:00,R002,279,54,Low,Noida-Greater Noida Expressway,Mahamaya Flyover,Pari Chowk,24.5,30,33.8,0.0,8.5,Clear,,0.0,100.0,0,5,4,0,0,0.0,1,3,2,3,0,0,0.4852682133215035,0.47788148542881476,-0.4677877962978998,-0.7848372963545053,1.4605144801120709,-0.21330704060913652,0.7255996329336915,-0.06414641427736806
2023-10-06 05:00:00,R003,97,48,Low,Delhi-Meerut Expressway,Nizamuddin Bridge,Meerut,96.0,90,33.8,0.0,8.5,Clear,,0.0,80.0,0,5,4,0,0,0.0,2,1,4,2,0,0,-0.7487682558323516,0.18344105919883605,1.9915377504153233,1.8312870248271789,1.4605144801120709,-0.21330704060913652,0.7255996329336915,-0.7094516597023871
2023-10-06 05:00:00,R004,177,52,Low,Outer Ring Road (Delhi),Nehru Place,Janakpuri,22.0,50,33.8,0.0,8.5,Clear,,0.0,150.0,0,5,4,0,0,0.0,3,4,3,0,0,0,-0.2063346430174703,0.3797346766854885,-0.5537782000291314,0.08720414403938948,1.4605144801120709,-0.21330704060913652,0.7255996329336915,1.5491166992851797
2023-10-06 05:00:00,R005,224,47,Low,NH-48 (Delhi-Jaipur),Gurgaon Toll Plaza,Manesar,20.0,25,33.8,0.0,8.5,Clear,,0.0,50.0,0,5,4,0,0,0.0,4,2,1,1,0,0,0.11234510451127254,0.13436765482717294,-0.6225705230141166,-1.002847656452979,1.4605144801120709,-0.21330704060913652,0.7255996329336915,-1.6774095278399157
2023-10-06 06:00:00,R001,198,42,Low,Delhi-Gurgaon Expressway,Dhaula Kuan,Rajiv Chowk,28.0,45,29.8,0.0,5.4,Clear,,0.0,100.0,0,6,4,0,0,0.0,0,0,0,4,0,0,-0.06394581965356391,-0.11099936703114263,-0.3474012310741756,-0.1308062160590842,0.6775966988139605,-0.21330704060913652,-0.47101939439964124,-0.06414641427736806
2023-10-06 06:00:00,R002,220,51,Low,Noida-Greater Noida Expressway,Mahamaya Flyover,Pari Chowk,24.5,30,29.8,0.0,5.4,Clear,,0.0,100.0,0,6,4,0,0,0.0,1,3,2,3,0,0,0.08522342387052848,0.3306612723138254,-0.4677877962978998,-0.7848372963545053,0.6775966988139605,-0.21330704060913652,-0.47101939439964124,-0.06414641427736806
2023-10-06 06:00:00,R003,91,54,Low,Delhi-Meerut Expressway,Nizamuddin Bridge,Meerut,96.0,90,29.8,0.0,5.4,Clear,,0.0,100.0,0,6,4,0,0,0.0,2,1,4,2,0,0,-0.7894507767934678,0.47788148542881476,1.9915377504153233,1.8312870248271789,0.6775966988139605,-0.21330704060913652,-0.47101939439964124,-0.06414641427736806
2023-10-06 06:00:00,R004,239,59,Low,Outer Ring Road (Delhi),Nehru Place,Janakpuri,22.0,50,29.8,0.0,5.4,Clear,,0.0,50.0,0,6,4,0,0,0.0,3,4,3,0,0,0,0.2140514069140628,0.7232485072871303,-0.5537782000291314,0.08720414403938948,0.6775966988139605,-0.21330704060913652,-0.47101939439964124,-1.6774095278399157
2023-10-06 06:00:00,R005,93,53,Low,NH-48 (Delhi-Jaipur),Gurgaon Toll Plaza,Manesar,20.0,25,29.8,0.0,5.4,Clear,,0.0,100.0,0,6,4,0,0,0.0,4,2,1,1,0,0,-0.7758899364730958,0.4288080810571516,-0.6225705230141166,-1.002847656452979,0.6775966988139605,-0.21330704060913652,-0.47101939439964124,-0.06414641427736806
2023-10-06 07:00:00,R001,223,56,Low,Delhi-Gurgaon Expressway,Dhaula Kuan,Rajiv Chowk,28.0,45,31.4,0.0,9.9,Clear,,0.0,100.0,0,7,4,0,0,0.0,0,0,0,4,0,0,0.10556468435108653,0.576028294172141,-0.3474012310741756,-0.1308062160590842,0.9907638113332046,-0.21330704060913652,1.2660082259229388,-0.06414641427736806
2023-10-06 07:00:00,R002,68,72,Low,Noida-Greater Noida Expressway,Mahamaya Flyover,Pari Chowk,24.5,30,31.4,0.0,9.9,Clear,,0.0,100.0,0,7,4,0,0,0.0,1,3,2,3,0,0,-0.9454004404777462,1.3612027641187507,-0.4677877962978998,-0.7848372963545053,0.9907638113332046,-0.21330704060913652,1.2660082259229388,-0.06414641427736806
2023-10-06 07:00:00,R003,114,85,Low,Delhi-Meerut Expressway,Nizamuddin Bridge,Meerut,96.0,90,31.4,0.0,9.9,Clear,,0.0,100.0,0,7,4,0,0,0.0,2,1,4,2,0,0,-0.6335011131091893,1.9991570209503713,1.9915377504153233,1.8312870248271789,0.9907638113332046,-0.21330704060913652,1.2660082259229388,-0.06414641427736806
2023-10-06 07:00:00,R004,139,74,Low,Outer Ring Road (Delhi),Nehru Place,Janakpuri,22.0,50,31.4,0.0,9.9,Clear,,0.0,100.0,0,7,4,0,0,0.0,3,4,3,0,0,0,-0.46399060910453893,1.4593495728620771,-0.5537782000291314,0.08720414403938948,0.9907638113332046,-0.21330704060913652,1.2660082259229388,-0.06414641427736806
2023-10-06 07:00:00,R005,260,82,Low,NH-48 (Delhi-Jaipur),Gurgaon Toll Plaza,Manesar,20.0,25,31.4,0.0,9.9,Clear,,0.0,100.0,0,7,4,0,0,0.0,4,2,1,1,0,0,0.3564402302779692,1.851936807835382,-0.6225705230141166,-1.002847656452979,0.9907638113332046,-0.21330704060913652,1.2660082259229388,-0.06414641427736806
2023-10-06 08:00:00,R001,336,14,High,Delhi-Gurgaon Expressway,Dhaula Kuan,Rajiv Chowk,28.0,45,32.8,0.0,9.7,Clear,,0.0,100.0,0,8,4,1,0,0.0,0,0,0,4,0,2,0.8717521624521065,-1.48505468943771,-0.3474012310741756,-0.1308062160590842,1.2647850347875431,-0.21330704060913652,1.1888069983530458,-0.06414641427736806
2023-10-06 08:00:00,R002,202,13,High,Noida-Greater Noida Expressway,Mahamaya Flyover,Pari Chowk,24.5,30,32.8,0.0,9.7,Clear,,0.0,120.0,1,8,4,1,0,0.0,1,3,2,3,0,2,-0.03682413901281984,-1.5341280938093729,-0.4677877962978998,-0.7848372963545053,1.2647850347875431,-0.21330704060913652,1.1888069983530458,0.581158831147651
2023-10-06 08:00:00,R003,227,11,High,Delhi-Meerut Expressway,Nizamuddin Bridge,Meerut,96.0,90,32.8,0.0,9.7,Clear,,0.0,225.0,1,8,4,1,0,0.0,2,1,4,2,0,2,0.1326863649918306,-1.6322749025526992,1.9915377504153233,1.8312870248271789,1.2647850347875431,-0.21330704060913652,1.1888069983530458,3.9690113696290013
2023-10-06 08:00:00,R004,258,16,High,Outer Ring Road (Delhi),Nehru Place,Janakpuri,22.0,50,32.8,0.0,9.7,Clear,,0.0,100.0,0,8,4,1,0,0.0,3,4,3,0,0,2,0.34287938995759715,-1.3869078806943835,-0.5537782000291314,0.08720414403938948,1.2647850347875431,-0.21330704060913652,1.1888069983530458,-0.06414641427736806
2023-10-06 08:00:00,R005,574,26,Medium,NH-48 (Delhi-Jaipur),Gurgaon Toll Plaza,Manesar,20.0,25,32.8,0.0,9.7,Clear,,0.0,120.0,1,8,4,1,0,0.0,4,2,1,1,0,1,2.4854921605763787,-0.8961738369777524,-0.6225705230141166,-1.002847656452979,1.2647850347875431,-0.21330704060913652,1.1888069983530458,0.581158831147651
2023-10-06 09:00:00,R001,474,12,High,Delhi-Gurgaon Expressway,Dhaula Kuan,Rajiv Chowk,28.0,45,22.6,0.0,1.6,Fog,,0.0,100.0,0,9,4,1,3,0.0,0,0,0,4,1,2,1.807450144557777,-1.583201498181036,-0.3474012310741756,-0.1308062160590842,-0.7316553075226394,-0.21330704060913652,-1.937842718227598,-0.06414641427736806
2023-10-06 09:00:00,R002,546,10,High,Noida-Greater Noida Expressway,Mahamaya Flyover,Pari Chowk,24.5,30,22.6,0.0,1.6,Fog,,0.0,100.0,0,9,4,1,3,0.0,1,3,2,3,1,2,2.29564039609117,-1.6813483069243622,-0.4677877962978998,-0.7848372963545053,-0.7316553075226394,-0.21330704060913652,-1.937842718227598,-0.06414641427736806
2023-10-06 09:00:00,R003,134,16,High,Delhi-Meerut Expressway,Nizamuddin Bridge,Meerut,96.0,90,22.6,0.0,1.6,Fog,,0.0,225.0,1,9,4,1,3,0.0,2,1,4,2,1,2,-0.497892709905469,-1.3869078806943835,1.9915377504153233,1.8312870248271789,-0.7316553075226394,-0.21330704060913652,-1.937842718227598,3.9690113696290013
2023-10-06 09:00:00,R004,269,7,High,Outer Ring Road (Delhi),Nehru Place,Janakpuri,22.0,50,22.6,0.0,1.6,Fog,,0.0,150.0,1,9,4,1,3,0.0,3,4,3,0,1,2,0.4174640117196433,-1.8285685200393516,-0.5537782000291314,0.08720414403938948,-0.7316553075226394,-0.21330704060913652,-1.937842718227598,1.5491166992851797
2023-10-06 09:00:00,R005,344,12,High,NH-48 (Delhi-Jaipur),Gurgaon Toll Plaza,Manesar,20.0,25,22.6,0.0,1.6,Fog,,0.0,120.0,1,9,4,1,3,0.0,4,2,1,1,1,2,0.9259955237335946,-1.583201498181036,-0.6225705230141166,-1.002847656452979,-0.7316553075226394,-0.21330704060913652,-1.937842718227598,0.581158831147651
2023-10-06 10:00:00,R001,220,18,High,Delhi-Gurgaon Expressway,Dhaula Kuan,Rajiv Chowk,28.0,45,16.8,0.0,9.5,Clear,,0.0,100.0,0,10,4,1,0,0.0,0,0,0,4,0,2,0.08522342387052848,-1.2887610719510574,-0.3474012310741756,-0.1308062160590842,-1.8668860904049007,-0.21330704060913652,1.1116057707831537,-0.06414641427736806
2023-10-06 10:00:00,R002,468,13,High,Noida-Greater Noida Expressway,Mahamaya Flyover,Pari Chowk,24.5,30,16.8,0.0,9.5,Clear,,0.0,120.0,1,10,4,1,0,0.0,1,3,2,3,0,2,1.766767623596661,-1.5341280938093729,-0.4677877962978998,-0.7848372963545053,-1.8668860904049007,-0.21330704060913652,1.1116057707831537,0.581158831147651
2023-10-06 10:00:00,R003,459,33,Medium,Delhi-Meerut Expressway,Nizamuddin Bridge,Meerut,96.0,90,16.8,0.0,9.5,Clear,,0.0,100.0,0,10,4,1,0,0.0,2,1,4,2,0,1,1.7057438421549866,-0.5526600063761107,1.9915377504153233,1.8312870248271789,-1.8668860904049007,-0.21330704060913652,1.1116057707831537,-0.06414641427736806
2023-10-06 10:00:00,R004,595,13,High,Outer Ring Road (Delhi),Nehru Place,Janakpuri,22.0,50,16.8,0.0,9.5,Clear,,0.0,100.0,0,10,4,1,0,0.0,3,4,3,0,0,2,2.627880983940285,-1.5341280938093729,-0.5537782000291314,0.08720414403938948,-1.8668860904049007,-0.21330704060913652,1.1116057707831537,-0.06414641427736806
2023-10-06 10:00:00,R005,502,23,Medium,NH-48 (Delhi-Jaipur),Gurgaon Toll Plaza,Manesar,20.0,25,16.8,0.0,9.5,Clear,,0.0,120.0,1,10,4,1,0,0.0,4,2,1,1,0,1,1.9973019090429855,-1.0433940500927419,-0.6225705230141166,-1.002847656452979,-1.8668860904049007,-0.21330704060913652,1.1116057707831537,0.581158831147651
2023-10-06 11:00:00,R001,771,22,Medium,Delhi-Gurgaon Expressway,Dhaula Kuan,Rajiv Chowk,28.0,45,34.9,0.0,7.5,Clear,,0.0,75.0,1,11,4,1,0,0.0,0,0,0,4,0,1,3.821234932133024,-1.0924674544644049,-0.3474012310741756,-0.1308062160590842,1.6758168699690517,-0.21330704060913652,0.33959349508422926,-0.8707779710586419
2023-10-06 11:00:00,R002,671,15,High,Noida-Greater Noida Expressway,Mahamaya Flyover,Pari Chowk,24.5,30,34.9,0.0,7.5,Clear,,0.0,100.0,0,11,4,1,0,0.0,1,3,2,3,0,2,3.1431929161144225,-1.4359812850660467,-0.4677877962978998,-0.7848372963545053,1.6758168699690517,-0.21330704060913652,0.33959349508422926,-0.06414641427736806
2023-10-06 11:00:00,R003,288,13,High,Delhi-Meerut Expressway,Nizamuddin Bridge,Meerut,96.0,90,34.9,0.0,7.5,Clear,,0.0,225.0,1,11,4,1,0,0.0,2,1,4,2,0,2,0.5462919947631777,-1.5341280938093729,1.9915377504153233,1.8312870248271789,1.6758168699690517,-0.21330704060913652,0.33959349508422926,3.9690113696290013
2023-10-06 11:00:00,R004,443,19,High,Outer Ring Road (Delhi),Nehru Place,Janakpuri,22.0,50,34.9,0.0,7.5,Clear,,0.0,225.0,1,11,4,1,0,0.0,3,4,3,0,0,2,1.5972571195920104,-1.2396876675793942,-0.5537782000291314,0.08720414403938948,1.6758168699690517,-0.21330704060913652,0.33959349508422926,3.9690113696290013
2023-10-06 11:00:00,R005,341,19,High,NH-48 (Delhi-Jaipur),Gurgaon Toll Plaza,Manesar,20.0,25,34.9,0.0,7.5,Clear,Minor,3.0,225.0,1,11,4,1,0,1.0,4,2,1,1,0,2,0.9056542632530366,-1.2396876675793942,-0.6225705230141166,-1.002847656452979,1.6758168699690517,-0.21330704060913652,0.33959349508422926,3.9690113696290013
2023-10-06 12:00:00,R001,76,54,Low,Delhi-Gurgaon Expressway,Dhaula Kuan,Rajiv Chowk,28.0,45,23.6,0.0,5.6,Clear,,0.0,50.0,0,12,4,0,0,0.0,0,0,0,4,0,0,-0.8911570791962581,0.47788148542881476,-0.3474012310741756,-0.1308062160590842,-0.5359258621981117,-0.21330704060913652,-0.3938181668297491,-1.6774095278399157
2023-10-06 12:00:00,R002,69,54,Low,Noida-Greater Noida Expressway,Mahamaya Flyover,Pari Chowk,24.5,30,23.6,0.0,5.6,Clear,,0.0,100.0,0,12,4,0,0,0.0,1,3,2,3,0,0,-0.9386200203175602,0.47788148542881476,-0.4677877962978998,-0.7848372963545053,-0.5359258621981117,-0.21330704060913652,-0.3938181668297491,-0.06414641427736806
2023-10-06 12:00:00,R003,80,52,Low,Delhi-Meerut Expressway,Nizamuddin Bridge,Meerut,96.0,90,23.6,0.0,5.6,Clear,,0.0,100.0,0,12,4,0,0,0.0,2,1,4,2,0,0,-0.8640353985555139,0.3797346766854885,1.9915377504153233,1.8312870248271789,-0.5359258621981117,-0.21330704060913652,-0.3938181668297491,-0.06414641427736806
2023-10-06 12:00:00,R004,143,65,Low,Outer Ring Road (Delhi),Nehru Place,Janakpuri,22.0,50,23.6,0.0,5.6,Clear,,0.0,100.0,0,12,4,0,0,0.0,3,4,3,0,0,0,-0.4368689284637949,1.017688933517109,-0.5537782000291314,0.08720414403938948,-0.5359258621981117,-0.21330704060913652,-0.3938181668297491,-0.06414641427736806
2023-10-06 12:00:00,R005,129,46,Low,NH-48 (Delhi-Jaipur),Gurgaon Toll Plaza,Manesar,20.0,25,23.6,0.0,5.6,Clear,,0.0,100.0,0,12,4,0,0,0.0,4,2,1,1,0,0,-0.5317948107063991,0.08529425045550983,-0.6225705230141166,-1.002847656452979,-0.5359258621981117,-0.21330704060913652,-0.3938181668297491,-0.06414641427736806
2023-10-06 13:00:00,R001,229,33,Medium,Delhi-Gurgaon Expressway,Dhaula Kuan,Rajiv Chowk,28.0,45,26.8,0.0,8.2,Clear,,0.0,150.0,0,13,4,0,0,0.0,0,0,0,4,0,1,0.14624720531220262,-0.5526600063761107,-0.3474012310741756,-0.1308062160590842,0.09040836284037715,-0.21330704060913652,0.6097977915788525,1.5491166992851797
2023-10-06 13:00:00,R002,167,70,Low,Noida-Greater Noida Expressway,Mahamaya Flyover,Pari Chowk,24.5,30,26.8,0.0,8.2,Clear,,0.0,100.0,0,13,4,0,0,0.0,1,3,2,3,0,0,-0.27413884461933047,1.2630559553754246,-0.4677877962978998,-0.7848372963545053,0.09040836284037715,-0.21330704060913652,0.6097977915788525,-0.06414641427736806
2023-10-06 13:00:00,R003,70,50,Low,Delhi-Meerut Expressway,Nizamuddin Bridge,Meerut,96.0,90,26.8,0.0,8.2,Clear,,0.0,100.0,0,13,4,0,0,0.0,2,1,4,2,0,0,-0.9318396001573741,0.2815878679421623,1.9915377504153233,1.8312870248271789,0.09040836284037715,-0.21330704060913652,0.6097977915788525,-0.06414641427736806
2023-10-06 13:00:00,R004,140,82,Low,Outer Ring Road (Delhi),Nehru Place,Janakpuri,22.0,50,26.8,0.0,8.2,Clear,,0.0,150.0,0,13,4,0,0,0.0,3,4,3,0,0,0,-0.45721018894435295,1.851936807835382,-0.5537782000291314,0.08720414403938948,0.09040836284037715,-0.21330704060913652,0.6097977915788525,1.5491166992851797
2023-10-06 13:00:00,R005,162,60,Low,NH-48 (Delhi-Jaipur),Gurgaon Toll Plaza,Manesar,20.0,25,26.8,0.0,8.2,Clear,,0.0,50.0,0,13,4,0,0,0.0,4,2,1,1,0,0,-0.30804094542026056,0.7723219116587934,-0.6225705230141166,-1.002847656452979,0.09040836284037715,-0.21330704060913652,0.6097977915788525,-1.6774095278399157
2023-10-06 14:00:00,R001,184,48,Low,Delhi-Gurgaon Expressway,Dhaula Kuan,Rajiv Chowk,28.0,45,27.5,0.0,6.9,Overcast,Minor,2.0,100.0,0,14,4,0,2,1.0,0,0,0,4,4,0,-0.15887170189616814,0.18344105919883605,-0.3474012310741756,-0.1308062160590842,0.22741897456754645,-0.21330704060913652,0.10798981237455206,-0.06414641427736806
2023-10-06 14:00:00,R002,188,39,Medium,Noida-Greater Noida Expressway,Mahamaya Flyover,Pari Chowk,24.5,30,27.5,0.0,6.9,Overcast,,0.0,150.0,0,14,4,0,2,0.0,1,3,2,3,4,1,-0.1317500212554241,-0.25821958014613194,-0.4677877962978998,-0.7848372963545053,0.22741897456754645,-0.21330704060913652,0.10798981237455206,1.5491166992851797
2023-10-06 14:00:00,R003,164,57,Low,Delhi-Meerut Expressway,Nizamuddin Bridge,Meerut,96.0,90,27.5,0.0,6.9,Overcast,,0.0,100.0,0,14,4,0,2,0.0,2,1,4,2,4,0,-0.2944801050998885,0.625101698543804,1.9915377504153233,1.8312870248271789,0.22741897456754645,-0.21330704060913652,0.10798981237455206,-0.06414641427736806
2023-10-06 14:00:00,R004,158,44,Low,Outer Ring Road (Delhi),Nehru Place,Janakpuri,22.0,50,27.5,0.0,6.9,Overcast,,0.0,100.0,0,14,4,0,2,0.0,3,4,3,0,4,0,-0.3351626260610046,-0.012852558287816397,-0.5537782000291314,0.08720414403938948,0.22741897456754645,-0.21330704060913652,0.10798981237455206,-0.06414641427736806
2023-10-06 14:00:00,R005,158,57,Low,NH-48 (Delhi-Jaipur),Gurgaon Toll Plaza,Manesar,20.0,25,27.5,0.0,6.9,Overcast,,0.0,50.0,0,14,4,0,2,0.0,4,2,1,1,4,0,-0.3351626260610046,0.625101698543804,-0.6225705230141166,-1.002847656452979,0.22741897456754645,-0.21330704060913652,0.10798981237455206,-1.6774095278399157
2023-10-06 15:00:00,R001,135,32,Medium,Delhi-Gurgaon Expressway,Dhaula Kuan,Rajiv Chowk,28.0,45,27.4,0.0,9.3,Clear,,0.0,50.0,0,15,4,0,0,0.0,0,0,0,4,0,1,-0.491112289745283,-0.6017334107477738,-0.3474012310741756,-0.1308062160590842,0.2078460300350934,-0.21330704060913652,1.0344045432132616,-1.6774095278399157
2023-10-06 15:00:00,R002,64,74,Low,Noida-Greater Noida Expressway,Mahamaya Flyover,Pari Chowk,24.5,30,27.4,0.0,9.3,Clear,,0.0,80.0,0,15,4,0,0,0.0,1,3,2,3,0,0,-0.9725221211184902,1.4593495728620771,-0.4677877962978998,-0.7848372963545053,0.2078460300350934,-0.21330704060913652,1.0344045432132616,-0.7094516597023871
2023-10-06 15:00:00,R003,75,77,Low,Delhi-Meerut Expressway,Nizamuddin Bridge,Meerut,96.0,90,27.4,0.0,9.3,Clear,Minor,3.0,100.0,0,15,4,0,0,1.0,2,1,4,2,0,0,-0.8979374993564441,1.6065697859770665,1.9915377504153233,1.8312870248271789,0.2078460300350934,-0.21330704060913652,1.0344045432132616,-0.06414641427736806
2023-10-06 15:00:00,R004,109,61,Low,Outer Ring Road (Delhi),Nehru Place,Janakpuri,22.0,50,27.4,0.0,9.3,Clear,,0.0,100.0,0,15,4,0,0,0.0,3,4,3,0,0,0,-0.6674032139101195,0.8213953160304566,-0.5537782000291314,0.08720414403938948,0.2078460300350934,-0.21330704060913652,1.0344045432132616,-0.06414641427736806
2023-10-06 15:00:00,R005,157,33,Medium,NH-48 (Delhi-Jaipur),Gurgaon Toll Plaza,Manesar,20.0,25,27.4,0.0,9.3,Clear,,0.0,100.0,0,15,4,0,0,0.0,4,2,1,1,0,1,-0.34194304622119065,-0.5526600063761107,-0.6225705230141166,-1.002847656452979,0.2078460300350934,-0.21330704060913652,1.0344045432132616,-0.06414641427736806
2023-10-06 16:00:00,R001,135,38,Medium,Delhi-Gurgaon Expressway,Dhaula Kuan,Rajiv Chowk,28.0,45,27.3,0.0,10.0,Clear,,0.0,80.0,0,16,4,0,0,0.0,0,0,0,4,0,1,-0.491112289745283,-0.3072929845177951,-0.3474012310741756,-0.1308062160590842,0.18827308550264105,-0.21330704060913652,1.3046088397078848,-0.7094516597023871
2023-10-06 16:00:00,R002,147,40,Low,Noida-Greater Noida Expressway,Mahamaya Flyover,Pari Chowk,24.5,30,27.3,0.0,10.0,Clear,,0.0,100.0,0,16,4,0,0,0.0,1,3,2,3,0,0,-0.4097472478230508,-0.20914617577446887,-0.4677877962978998,-0.7848372963545053,0.18827308550264105,-0.21330704060913652,1.3046088397078848,-0.06414641427736806
2023-10-06 16:00:00,R003,47,57,Low,Delhi-Meerut Expressway,Nizamuddin Bridge,Meerut,96.0,90,27.3,0.0,10.0,Clear,,0.0,100.0,0,16,4,0,0,0.0,2,1,4,2,0,0,-1.0877892638416526,0.625101698543804,1.9915377504153233,1.8312870248271789,0.18827308550264105,-0.21330704060913652,1.3046088397078848,-0.06414641427736806
2023-10-06 16:00:00,R004,56,63,Low,Outer Ring Road (Delhi),Nehru Place,Janakpuri,22.0,50,27.3,0.0,10.0,Clear,,0.0,100.0,0,16,4,0,0,0.0,3,4,3,0,0,0,-1.0267654823999783,0.9195421247737828,-0.5537782000291314,0.08720414403938948,0.18827308550264105,-0.21330704060913652,1.3046088397078848,-0.06414641427736806
2023-10-06 16:00:00,R005,245,57,Low,NH-48 (Delhi-Jaipur),Gurgaon Toll Plaza,Manesar,20.0,25,27.3,0.0,10.0,Clear,,0.0,150.0,0,16,4,0,0,0.0,4,2,1,1,0,0,0.2547339278751789,0.625101698543804,-0.6225705230141166,-1.002847656452979,0.18827308550264105,-0.21330704060913652,1.3046088397078848,1.5491166992851797
2023-10-06 17:00:00,R001,232,11,High,Delhi-Gurgaon Expressway,Dhaula Kuan,Rajiv Chowk,28.0,45,31.9,0.0,7.8,Clear,Severe,2.0,120.0,1,17,4,1,0,5.0,0,0,0,4,0,2,0.16658846579276068,-1.6322749025526992,-0.3474012310741756,-0.1308062160590842,1.0886285339954684,-0.21330704060913652,0.4553953364390679,0.581158831147651
2023-10-06 17:00:00,R002,311,23,Medium,Noida-Greater Noida Expressway,Mahamaya Flyover,Pari Chowk,24.5,30,31.9,0.0,7.8,Clear,,0.0,100.0,0,17,4,1,0,0.0,1,3,2,3,0,1,0.702241658447456,-1.0433940500927419,-0.4677877962978998,-0.7848372963545053,1.0886285339954684,-0.21330704060913652,0.4553953364390679,-0.06414641427736806
2023-10-06 17:00:00,R003,428,35,Medium,Delhi-Meerut Expressway,Nizamuddin Bridge,Meerut,96.0,90,31.9,0.0,7.8,Clear,,0.0,75.0,1,17,4,1,0,0.0,2,1,4,2,0,1,1.49555081718922,-0.4545131976327844,1.9915377504153233,1.8312870248271789,1.0886285339954684,-0.21330704060913652,0.4553953364390679,-0.8707779710586419
2023-10-06 17:00:00,R004,487,16,High,Outer Ring Road (Delhi),Nehru Place,Janakpuri,22.0,50,31.9,0.0,7.8,Clear,,0.0,100.0,0,17,4,1,0,0.0,3,4,3,0,0,2,1.8955956066401953,-1.3869078806943835,-0.5537782000291314,0.08720414403938948,1.0886285339954684,-0.21330704060913652,0.4553953364390679,-0.06414641427736806
2023-10-06 17:00:00,R005,422,17,High,NH-48 (Delhi-Jaipur),Gurgaon Toll Plaza,Manesar,20.0,25,31.9,0.0,7.8,Clear,,0.0,100.0,0,17,4,1,0,0.0,4,2,1,1,0,2,1.4548682962281039,-1.3378344763227206,-0.6225705230141166,-1.002847656452979,1.0886285339954684,-0.21330704060913652,0.4553953364390679,-0.06414641427736806
2023-10-06 18:00:00,R001,537,10,High,Delhi-Gurgaon Expressway,Dhaula Kuan,Rajiv Chowk,28.0,45,36.4,0.0,1.5,Fog,,0.0,100.0,0,18,4,1,3,0.0,0,0,0,4,1,2,2.234616614649496,-1.6813483069243622,-0.3474012310741756,-0.1308062160590842,1.9694110379558434,-0.21330704060913652,-1.976443332012544,-0.06414641427736806
2023-10-06 18:00:00,R002,468,13,High,Noida-Greater Noida Expressway,Mahamaya Flyover,Pari Chowk,24.5,30,36.4,0.0,1.5,Fog,,0.0,100.0,0,18,4,1,3,0.0,1,3,2,3,1,2,1.766767623596661,-1.5341280938093729,-0.4677877962978998,-0.7848372963545053,1.9694110379558434,-0.21330704060913652,-1.976443332012544,-0.06414641427736806
2023-10-06 18:00:00,R003,226,17,High,Delhi-Meerut Expressway,Nizamuddin Bridge,Meerut,96.0,90,36.4,0.0,1.5,Fog,,0.0,100.0,0,18,4,1,3,0.0,2,1,4,2,1,2,0.12590594483164458,-1.3378344763227206,1.9915377504153233,1.8312870248271789,1.9694110379558434,-0.21330704060913652,-1.976443332012544,-0.06414641427736806
2023-10-06 18:00:00,R004,316,12,High,Outer Ring Road (Delhi),Nehru Place,Janakpuri,22.0,50,36.4,0.0,1.5,Fog,,0.0,100.0,0,18,4,1,3,0.0,3,4,3,0,1,2,0.7361437592483862,-1.583201498181036,-0.5537782000291314,0.08720414403938948,1.9694110379558434,-0.21330704060913652,-1.976443332012544,-0.06414641427736806
2023-10-06 18:00:00,R005,251,15,High,NH-48 (Delhi-Jaipur),Gurgaon Toll Plaza,Manesar,20.0,25,36.4,0.0,1.5,Fog,,0.0,120.0,1,18,4,1,3,0.0,4,2,1,1,1,2,0.29541644883629503,-1.4359812850660467,-0.6225705230141166,-1.002847656452979,1.9694110379558434,-0.21330704060913652,-1.976443332012544,0.581158831147651
2023-10-06 19:00:00,R001,466,12,High,Delhi-Gurgaon Expressway,Dhaula Kuan,Rajiv Chowk,28.0,45,29.0,0.0,8.1,Clear,,0.0,100.0,0,19,4,1,0,0.0,0,0,0,4,0,2,1.753206783276289,-1.583201498181036,-0.3474012310741756,-0.1308062160590842,0.5210131425543382,-0.21330704060913652,0.5711971777939064,-0.06414641427736806
2023-10-06 19:00:00,R002,371,15,High,Noida-Greater Noida Expressway,Mahamaya Flyover,Pari Chowk,24.5,30,29.0,0.0,8.1,Clear,,0.0,100.0,0,19,4,1,0,0.0,1,3,2,3,0,2,1.109066868058617,-1.4359812850660467,-0.4677877962978998,-0.7848372963545053,0.5210131425543382,-0.21330704060913652,0.5711971777939064,-0.06414641427736806
2023-10-06 19:00:00,R003,412,16,High,Delhi-Meerut Expressway,Nizamuddin Bridge,Meerut,96.0,90,29.0,0.0,8.1,Clear,,0.0,100.0,0,19,4,1,0,0.0,2,1,4,2,0,2,1.3870640946262438,-1.3869078806943835,1.9915377504153233,1.8312870248271789,0.5210131425543382,-0.21330704060913652,0.5711971777939064,-0.06414641427736806
2023-10-06 19:00:00,R004,434,19,High,Outer Ring Road (Delhi),Nehru Place,Janakpuri,22.0,50,29.0,0.0,8.1,Clear,,0.0,100.0,0,19,4,1,0,0.0,3,4,3,0,0,2,1.5362333381503361,-1.2396876675793942,-0.5537782000291314,0.08720414403938948,0.5210131425543382,-0.21330704060913652,0.5711971777939064,-0.06414641427736806
2023-10-06 19:00:00,R005,221,21,Medium,NH-48 (Delhi-Jaipur),Gurgaon Toll Plaza,Manesar,20.0,25,29.0,0.0,8.1,Clear,,0.0,75.0,1,19,4,1,0,0.0,4,2,1,1,0,1,0.09200384403071449,-1.141540858836068,-0.6225705230141166,-1.002847656452979,0.5210131425543382,-0.21330704060913652,0.5711971777939064,-0.8707779710586419
2023-10-06 20:00:00,R001,480,19,High,Delhi-Gurgaon Expressway,Dhaula Kuan,Rajiv Chowk,28.0,45,24.4,0.0,8.1,Partly Cloudy,Major,3.0,100.0,0,20,4,1,1,3.0,0,0,0,4,5,2,1.8481326655188932,-1.2396876675793942,-0.3474012310741756,-0.1308062160590842,-0.37934230593848994,-0.21330704060913652,0.5711971777939064,-0.06414641427736806
2023-10-06 20:00:00,R002,219,20,Medium,Noida-Greater Noida Expressway,Mahamaya Flyover,Pari Chowk,24.5,30,24.4,0.0,8.1,Partly Cloudy,,0.0,100.0,0,20,4,1,1,0.0,1,3,2,3,5,1,0.07844300371034245,-1.1906142632077312,-0.4677877962978998,-0.7848372963545053,-0.37934230593848994,-0.21330704060913652,0.5711971777939064,-0.06414641427736806
2023-10-06 20:00:00,R003,160,25,Medium,Delhi-Meerut Expressway,Nizamuddin Bridge,Meerut,96.0,90,24.4,0.0,8.1,Partly Cloudy,,0.0,120.0,1,20,4,1,1,0.0,2,1,4,2,5,1,-0.3216017857406326,-0.9452472413494156,1.9915377504153233,1.8312870248271789,-0.37934230593848994,-0.21330704060913652,0.5711971777939064,0.581158831147651
2023-10-06 20:00:00,R004,573,24,Medium,Outer Ring Road (Delhi),Nehru Place,Janakpuri,22.0,50,24.4,0.0,8.1,Partly Cloudy,,0.0,120.0,1,20,4,1,1,0.0,3,4,3,0,5,1,2.478711740416193,-0.9943206457210787,-0.5537782000291314,0.08720414403938948,-0.37934230593848994,-0.21330704060913652,0.5711971777939064,0.581158831147651
2023-10-06 20:00:00,R005,411,23,Medium,NH-48 (Delhi-Jaipur),Gurgaon Toll Plaza,Manesar,20.0,25,24.4,0.0,8.1,Partly Cloudy,,0.0,225.0,1,20,4,1,1,0.0,4,2,1,1,5,1,1.3802836744660578,-1.0433940500927419,-0.6225705230141166,-1.002847656452979,-0.37934230593848994,-0.21330704060913652,0.5711971777939064,3.9690113696290013
2023-10-06 21:00:00,R001,73,40,Low,Delhi-Gurgaon Expressway,Dhaula Kuan,Rajiv Chowk,28.0,45,31.9,0.0,5.9,Clear,,0.0,100.0,0,21,4,0,0,0.0,0,0,0,4,0,0,-0.911498339676816,-0.20914617577446887,-0.3474012310741756,-0.1308062160590842,1.0886285339954684,-0.21330704060913652,-0.2780163254749102,-0.06414641427736806
2023-10-06 21:00:00,R002,149,53,Low,Noida-Greater Noida Expressway,Mahamaya Flyover,Pari Chowk,24.5,30,31.9,0.0,5.9,Clear,,0.0,100.0,0,21,4,0,0,0.0,1,3,2,3,0,0,-0.39618640750267875,0.4288080810571516,-0.4677877962978998,-0.7848372963545053,1.0886285339954684,-0.21330704060913652,-0.2780163254749102,-0.06414641427736806
2023-10-06 21:00:00,R003,113,44,Low,Delhi-Meerut Expressway,Nizamuddin Bridge,Meerut,96.0,90,31.9,0.0,5.9,Clear,,0.0,100.0,0,21,4,0,0,0.0,2,1,4,2,0,0,-0.6402815332693754,-0.012852558287816397,1.9915377504153233,1.8312870248271789,1.0886285339954684,-0.21330704060913652,-0.2780163254749102,-0.06414641427736806
2023-10-06 21:00:00,R004,162,66,Low,Outer Ring Road (Delhi),Nehru Place,Janakpuri,22.0,50,31.9,0.0,5.9,Clear,,0.0,100.0,0,21,4,0,0,0.0,3,4,3,0,0,0,-0.30804094542026056,1.066762337888772,-0.5537782000291314,0.08720414403938948,1.0886285339954684,-0.21330704060913652,-0.2780163254749102,-0.06414641427736806
2023-10-06 21:00:00,R005,265,53,Low,NH-48 (Delhi-Jaipur),Gurgaon Toll Plaza,Manesar,20.0,25,31.9,0.0,5.9,Clear,,0.0,100.0,0,21,4,0,0,0.0,4,2,1,1,0,0,0.39034233107889926,0.4288080810571516,-0.6225705230141166,-1.002847656452979,1.0886285339954684,-0.21330704060913652,-0.2780163254749102,-0.06414641427736806
2023-10-06 22:00:00,R001,210,52,Low,Delhi-Gurgaon Expressway,Dhaula Kuan,Rajiv Chowk,28.0,45,32.2,0.0,5.4,Clear,,0.0,50.0,0,22,4,0,0,0.0,0,0,0,4,0,0,0.017419222268668294,0.3797346766854885,-0.3474012310741756,-0.1308062160590842,1.1473473675928276,-0.21330704060913652,-0.47101939439964124,-1.6774095278399157
2023-10-06 22:00:00,R002,257,42,Low,Noida-Greater Noida Expressway,Mahamaya Flyover,Pari Chowk,24.5,30,32.2,0.0,5.4,Clear,,0.0,50.0,0,22,4,0,0,0.0,1,3,2,3,0,0,0.3360989697974111,-0.11099936703114263,-0.4677877962978998,-0.7848372963545053,1.1473473675928276,-0.21330704060913652,-0.47101939439964124,-1.6774095278399157
2023-10-06 22:00:00,R003,75,60,Low,Delhi-Meerut Expressway,Nizamuddin Bridge,Meerut,96.0,90,32.2,0.0,5.4,Clear,,0.0,150.0,0,22,4,0,0,0.0,2,1,4,2,0,0,-0.8979374993564441,0.7723219116587934,1.9915377504153233,1.8312870248271789,1.1473473675928276,-0.21330704060913652,-0.47101939439964124,1.5491166992851797
2023-10-06 22:00:00,R004,136,58,Low,Outer Ring Road (Delhi),Nehru Place,Janakpuri,22.0,50,32.2,0.0,5.4,Clear,,0.0,100.0,0,22,4,0,0,0.0,3,4,3,0,0,0,-0.484331869585097,0.6741751029154672,-0.5537782000291314,0.08720414403938948,1.1473473675928276,-0.21330704060913652,-0.47101939439964124,-0.06414641427736806
2023-10-06 22:00:00,R005,109,74,Low,NH-48 (Delhi-Jaipur),Gurgaon Toll Plaza,Manesar,20.0,25,32.2,0.0,5.4,Clear,,0.0,50.0,0,22,4,0,0,0.0,4,2,1,1,0,0,-0.6674032139101195,1.4593495728620771,-0.6225705230141166,-1.002847656452979,1.1473473675928276,-0.21330704060913652,-0.47101939439964124,-1.6774095278399157
2023-10-06 23:00:00,R001,178,34,Medium,Delhi-Gurgaon Expressway,Dhaula Kuan,Rajiv Chowk,28.0,45,15.9,0.0,2.0,Fog,,0.0,80.0,0,23,4,0,3,0.0,0,0,0,4,1,1,-0.19955422285728425,-0.5035866020044475,-0.3474012310741756,-0.1308062160590842,-2.0430425911969756,-0.21330704060913652,-1.783440263087813,-0.7094516597023871
2023-10-06 23:00:00,R002,93,32,Medium,Noida-Greater Noida Expressway,Mahamaya Flyover,Pari Chowk,24.5,30,15.9,0.0,2.0,Fog,,0.0,100.0,0,23,4,0,3,0.0,1,3,2,3,1,1,-0.7758899364730958,-0.6017334107477738,-0.4677877962978998,-0.7848372963545053,-2.0430425911969756,-0.21330704060913652,-1.783440263087813,-0.06414641427736806
2023-10-06 23:00:00,R003,102,40,Low,Delhi-Meerut Expressway,Nizamuddin Bridge,Meerut,96.0,90,15.9,0.0,2.0,Fog,,0.0,50.0,0,23,4,0,3,0.0,2,1,4,2,1,0,-0.7148661550314216,-0.20914617577446887,1.9915377504153233,1.8312870248271789,-2.0430425911969756,-0.21330704060913652,-1.783440263087813,-1.6774095278399157
2023-10-06 23:00:00,R004,141,33,Medium,Outer Ring Road (Delhi),Nehru Place,Janakpuri,22.0,50,15.9,0.0,2.0,Fog,,0.0,50.0,0,23,4,0,3,0.0,3,4,3,0,1,1,-0.4504297687841669,-0.5526600063761107,-0.5537782000291314,0.08720414403938948,-2.0430425911969756,-0.21330704060913652,-1.783440263087813,-1.6774095278399157
2023-10-06 23:00:00,R005,106,36,Medium,NH-48 (Delhi-Jaipur),Gurgaon Toll Plaza,Manesar,20.0,25,15.9,0.0,2.0,Fog,,0.0,80.0,0,23,4,0,3,0.0,4,2,1,1,1,1,-0.6877444743906775,-0.40543979326112134,-0.6225705230141166,-1.002847656452979,-2.0430425911969756,-0.21330704060913652,-1.783440263087813,-0.7094516597023871
2023-10-07 00:00:00,R001,212,39,Medium,Delhi-Gurgaon Expressway,Dhaula Kuan,Rajiv Chowk,28.0,45,15.4,0.0,9.1,Partly Cloudy,,0.0,50.0,0,0,5,0,1,0.0,0,0,0,4,5,1,0.03098006258904033,-0.25821958014613194,-0.3474012310741756,-0.1308062160590842,-2.14090731385924,-0.21330704060913652,0.9572033156433687,-1.6774095278399157
2023-10-07 00:00:00,R002,177,67,Low,Noida-Greater Noida Expressway,Mahamaya Flyover,Pari Chowk,24.5,30,15.4,0.0,9.1,Partly Cloudy,,0.0,100.0,0,0,5,0,1,0.0,1,3,2,3,5,0,-0.2063346430174703,1.1158357422604352,-0.4677877962978998,-0.7848372963545053,-2.14090731385924,-0.21330704060913652,0.9572033156433687,-0.06414641427736806
2023-10-07 00:00:00,R003,157,45,Low,Delhi-Meerut Expressway,Nizamuddin Bridge,Meerut,96.0,90,15.4,0.0,9.1,Partly Cloudy,,0.0,150.0,0,0,5,0,1,0.0,2,1,4,2,5,0,-0.34194304622119065,0.036220846083846715,1.9915377504153233,1.8312870248271789,-2.14090731385924,-0.21330704060913652,0.9572033156433687,1.5491166992851797
2023-10-07 00:00:00,R004,168,57,Low,Outer Ring Road (Delhi),Nehru Place,Janakpuri,22.0,50,15.4,0.0,9.1,Partly Cloudy,,0.0,80.0,0,0,5,0,1,0.0,3,4,3,0,5,0,-0.26735842445914443,0.625101698543804,-0.5537782000291314,0.08720414403938948,-2.14090731385924,-0.21330704060913652,0.9572033156433687,-0.7094516597023871
2023-10-07 00:00:00,R005,249,63,Low,NH-48 (Delhi-Jaipur),Gurgaon Toll Plaza,Manesar,20.0,25,15.4,0.0,9.1,Partly Cloudy,,0.0,100.0,0,0,5,0,1,0.0,4,2,1,1,5,0,0.28185560851592295,0.9195421247737828,-0.6225705230141166,-1.002847656452979,-2.14090731385924,-0.21330704060913652,0.9572033156433687,-0.06414641427736806
2023-10-07 01:00:00,R001,198,52,Low,Delhi-Gurgaon Expressway,Dhaula Kuan,Rajiv Chowk,28.0,45,26.8,0.0,5.8,Partly Cloudy,,0.0,80.0,0,1,5,0,1,0.0,0,0,0,4,5,0,-0.06394581965356391,0.3797346766854885,-0.3474012310741756,-0.1308062160590842,0.09040836284037715,-0.21330704060913652,-0.31661693925985657,-0.7094516597023871
2023-10-07 01:00:00,R002,55,47,Low,Noida-Greater Noida Expressway,Mahamaya Flyover,Pari Chowk,24.5,30,26.8,0.0,5.8,Partly Cloudy,,0.0,50.0,0,1,5,0,1,0.0,1,3,2,3,5,0,-1.0335459025601643,0.13436765482717294,-0.4677877962978998,-0.7848372963545053,0.09040836284037715,-0.21330704060913652,-0.31661693925985657,-1.6774095278399157
2023-10-07 01:00:00,R003,182,63,Low,Delhi-Meerut Expressway,Nizamuddin Bridge,Meerut,96.0,90,26.8,0.0,5.8,Partly Cloudy,,0.0,100.0,0,1,5,0,1,0.0,2,1,4,2,5,0,-0.1724325422165402,0.9195421247737828,1.9915377504153233,1.8312870248271789,0.09040836284037715,-0.21330704060913652,-0.31661693925985657,-0.06414641427736806
2023-10-07 01:00:00,R004,132,46,Low,Outer Ring Road (Delhi),Nehru Place,Janakpuri,22.0,50,26.8,0.0,5.8,Partly Cloudy,,0.0,150.0,0,1,5,0,1,0.0,3,4,3,0,5,0,-0.511453550225841,0.08529425045550983,-0.5537782000291314,0.08720414403938948,0.09040836284037715,-0.21330704060913652,-0.31661693925985657,1.5491166992851797
2023-10-07 01:00:00,R005,87,45,Low,NH-48 (Delhi-Jaipur),Gurgaon Toll Plaza,Manesar,20.0,25,26.8,0.0,5.8,Partly Cloudy,,0.0,50.0,0,1,5,0,1,0.0,4,2,1,1,5,0,-0.8165724574342118,0.036220846083846715,-0.6225705230141166,-1.002847656452979,0.09040836284037715,-0.21330704060913652,-0.31661693925985657,-1.6774095278399157
2023-10-07 02:00:00,R001,248,25,Medium,Delhi-Gurgaon Expressway,Dhaula Kuan,Rajiv Chowk,28.0,45,28.7,0.0,1.1,Fog,,0.0,100.0,0,2,5,0,3,0.0,0,0,0,4,1,1,0.27507518835573697,-0.9452472413494156,-0.3474012310741756,-0.1308062160590842,0.46229430895697965,-0.21330704060913652,-2.130845787152329,-0.06414641427736806
2023-10-07 02:00:00,R002,107,48,Low,Noida-Greater Noida Expressway,Mahamaya Flyover,Pari Chowk,24.5,30,28.7,0.0,1.1,Fog,,0.0,100.0,0,2,5,0,3,0.0,1,3,2,3,1,0,-0.6809640542304914,0.18344105919883605,-0.4677877962978998,-0.7848372963545053,0.46229430895697965,-0.21330704060913652,-2.130845787152329,-0.06414641427736806
2023-10-07 02:00:00,R003,58,30,Medium,Delhi-Meerut Expressway,Nizamuddin Bridge,Meerut,96.0,90,28.7,0.0,1.1,Fog,,0.0,100.0,0,2,5,0,3,0.0,2,1,4,2,1,1,-1.0132046420796064,-0.6998802194911,1.9915377504153233,1.8312870248271789,0.46229430895697965,-0.21330704060913652,-2.130845787152329,-0.06414641427736806
2023-10-07 02:00:00,R004,61,37,Medium,Outer Ring Road (Delhi),Nehru Place,Janakpuri,22.0,50,28.7,0.0,1.1,Fog,,0.0,100.0,0,2,5,0,3,0.0,3,4,3,0,1,1,-0.9928633815990483,-0.3563663888894582,-0.5537782000291314,0.08720414403938948,0.46229430895697965,-0.21330704060913652,-2.130845787152329,-0.06414641427736806
2023-10-07 02:00:00,R005,83,36,Medium,NH-48 (Delhi-Jaipur),Gurgaon Toll Plaza,Manesar,20.0,25,28.7,0.0,1.1,Fog,,0.0,50.0,0,2,5,0,3,0.0,4,2,1,1,1,1,-0.8436941380749559,-0.40543979326112134,-0.6225705230141166,-1.002847656452979,0.46229430895697965,-0.21330704060913652,-2.130845787152329,-1.6774095278399157
2023-10-07 03:00:00,R001,121,38,Medium,Delhi-Gurgaon Expressway,Dhaula Kuan,Rajiv Chowk,28.0,45,32.4,0.0,1.8,Fog,,0.0,100.0,0,3,5,0,3,0.0,0,0,0,4,1,1,-0.5860381719878872,-0.3072929845177951,-0.3474012310741756,-0.1308062160590842,1.1864932566577322,-0.21330704060913652,-1.8606414906577056,-0.06414641427736806
2023-10-07 03:00:00,R002,132,43,Low,Noida-Greater Noida Expressway,Mahamaya Flyover,Pari Chowk,24.5,30,32.4,0.0,1.8,Fog,,0.0,100.0,0,3,5,0,3,0.0,1,3,2,3,1,0,-0.511453550225841,-0.061925962659479514,-0.4677877962978998,-0.7848372963545053,1.1864932566577322,-0.21330704060913652,-1.8606414906577056,-0.06414641427736806
2023-10-07 03:00:00,R003,197,36,Medium,Delhi-Meerut Expressway,Nizamuddin Bridge,Meerut,96.0,90,32.4,0.0,1.8,Fog,,0.0,50.0,0,3,5,0,3,0.0,2,1,4,2,1,1,-0.07072623981374992,-0.40543979326112134,1.9915377504153233,1.8312870248271789,1.1864932566577322,-0.21330704060913652,-1.8606414906577056,-1.6774095278399157
2023-10-07 03:00:00,R004,186,24,Medium,Outer Ring Road (Delhi),Nehru Place,Janakpuri,22.0,50,32.4,0.0,1.8,Fog,,0.0,50.0,0,3,5,0,3,0.0,3,4,3,0,1,1,-0.14531086157579612,-0.9943206457210787,-0.5537782000291314,0.08720414403938948,1.1864932566577322,-0.21330704060913652,-1.8606414906577056,-1.6774095278399157
2023-10-07 03:00:00,R005,51,24,Medium,NH-48 (Delhi-Jaipur),Gurgaon Toll Plaza,Manesar,20.0,25,32.4,0.0,1.8,Fog,,0.0,100.0,0,3,5,0,3,0.0,4,2,1,1,1,1,-1.0606675832009085,-0.9943206457210787,-0.6225705230141166,-1.002847656452979,1.1864932566577322,-0.21330704060913652,-1.8606414906577056,-0.06414641427736806
2023-10-07 04:00:00,R001,102,57,Low,Delhi-Gurgaon Expressway,Dhaula Kuan,Rajiv Chowk,28.0,45,26.6,0.0,9.1,Clear,,0.0,100.0,0,4,5,0,0,0.0,0,0,0,4,0,0,-0.7148661550314216,0.625101698543804,-0.3474012310741756,-0.1308062160590842,0.051262473775471724,-0.21330704060913652,0.9572033156433687,-0.06414641427736806
2023-10-07 04:00:00,R002,210,53,Low,Noida-Greater Noida Expressway,Mahamaya Flyover,Pari Chowk,24.5,30,26.6,0.0,9.1,Clear,,0.0,100.0,0,4,5,0,0,0.0,1,3,2,3,0,0,0.017419222268668294,0.4288080810571516,-0.4677877962978998,-0.7848372963545053,0.051262473775471724,-0.21330704060913652,0.9572033156433687,-0.06414641427736806
2023-10-07 04:00:00,R003,213,76,Low,Delhi-Meerut Expressway,Nizamuddin Bridge,Meerut,96.0,90,26.6,0.0,9.1,Clear,,0.0,100.0,0,4,5,0,0,0.0,2,1,4,2,0,0,0.037760482749226346,1.5574963816054033,1.9915377504153233,1.8312870248271789,0.051262473775471724,-0.21330704060913652,0.9572033156433687,-0.06414641427736806
2023-10-07 04:00:00,R004,104,63,Low,Outer Ring Road (Delhi),Nehru Place,Janakpuri,22.0,50,26.6,0.0,9.1,Clear,,0.0,100.0,0,4,5,0,0,0.0,3,4,3,0,0,0,-0.7013053147110495,0.9195421247737828,-0.5537782000291314,0.08720414403938948,0.051262473775471724,-0.21330704060913652,0.9572033156433687,-0.06414641427736806
2023-10-07 04:00:00,R005,191,60,Low,NH-48 (Delhi-Jaipur),Gurgaon Toll Plaza,Manesar,20.0,25,26.6,0.0,9.1,Clear,,0.0,80.0,0,4,5,0,0,0.0,4,2,1,1,0,0,-0.11140876077486603,0.7723219116587934,-0.6225705230141166,-1.002847656452979,0.051262473775471724,-0.21330704060913652,0.9572033156433687,-0.7094516597023871
2023-10-07 05:00:00,R001,117,30,Medium,Delhi-Gurgaon Expressway,Dhaula Kuan,Rajiv Chowk,28.0,45,23.6,0.0,0.7,Fog,,0.0,100.0,0,5,5,0,3,0.0,0,0,0,4,1,1,-0.6131598526286313,-0.6998802194911,-0.3474012310741756,-0.1308062160590842,-0.5359258621981117,-0.21330704060913652,-2.2852482422921137,-0.06414641427736806
2023-10-07 05:00:00,R002,100,27,Medium,Noida-Greater Noida Expressway,Mahamaya Flyover,Pari Chowk,24.5,30,23.6,0.0,0.7,Fog,,0.0,100.0,0,5,5,0,3,0.0,1,3,2,3,1,1,-0.7284269953517936,-0.8471004326060894,-0.4677877962978998,-0.7848372963545053,-0.5359258621981117,-0.21330704060913652,-2.2852482422921137,-0.06414641427736806
2023-10-07 05:00:00,R003,221,33,Medium,Delhi-Meerut Expressway,Nizamuddin Bridge,Meerut,96.0,90,23.6,0.0,0.7,Fog,Minor,2.0,100.0,0,5,5,0,3,1.0,2,1,4,2,1,1,0.09200384403071449,-0.5526600063761107,1.9915377504153233,1.8312870248271789,-0.5359258621981117,-0.21330704060913652,-2.2852482422921137,-0.06414641427736806
2023-10-07 05:00:00,R004,143,31,Medium,Outer Ring Road (Delhi),Nehru Place,Janakpuri,22.0,50,23.6,0.0,0.7,Fog,,0.0,100.0,0,5,5,0,3,0.0,3,4,3,0,1,1,-0.4368689284637949,-0.6508068151194368,-0.5537782000291314,0.08720414403938948,-0.5359258621981117,-0.21330704060913652,-2.2852482422921137,-0.06414641427736806
2023-10-07 05:00:00,R005,91,33,Medium,NH-48 (Delhi-Jaipur),Gurgaon Toll Plaza,Manesar,20.0,25,23.6,0.0,0.7,Fog,,0.0,100.0,0,5,5,0,3,0.0,4,2,1,1,1,1,-0.7894507767934678,-0.5526600063761107,-0.6225705230141166,-1.002847656452979,-0.5359258621981117,-0.21330704060913652,-2.2852482422921137,-0.06414641427736806
2023-10-07 06:00:00,R001,148,56,Low,Delhi-Gurgaon Expressway,Dhaula Kuan,Rajiv Chowk,28.0,45,26.7,0.0,9.2,Partly Cloudy,,0.0,150.0,0,6,5,0,1,0.0,0,0,0,4,5,0,-0.4029668276628648,0.576028294172141,-0.3474012310741756,-0.1308062160590842,0.07083541830792409,-0.21330704060913652,0.9958039294283147,1.5491166992851797
2023-10-07 06:00:00,R002,86,49,Low,Noida-Greater Noida Expressway,Mahamaya Flyover,Pari Chowk,24.5,30,26.7,0.0,9.2,Partly Cloudy,Major,3.0,50.0,0,6,5,0,1,3.0,1,3,2,3,5,0,-0.8233528775943979,0.23251446357049918,-0.4677877962978998,-0.7848372963545053,0.07083541830792409,-0.21330704060913652,0.9958039294283147,-1.6774095278399157
2023-10-07 06:00:00,R003,99,72,Low,Delhi-Meerut Expressway,Nizamuddin Bridge,Meerut,96.0,90,26.7,0.0,9.2,Partly Cloudy,,0.0,100.0,0,6,5,0,1,0.0,2,1,4,2,5,0,-0.7352074155119797,1.3612027641187507,1.9915377504153233,1.8312870248271789,0.07083541830792409,-0.21330704060913652,0.9958039294283147,-0.06414641427736806
2023-10-07 06:00:00,R004,188,57,Low,Outer Ring Road (Delhi),Nehru Place,Janakpuri,22.0,50,26.7,0.0,9.2,Partly Cloudy,,0.0,100.0,0,6,5,0,1,0.0,3,4,3,0,5,0,-0.1317500212554241,0.625101698543804,-0.5537782000291314,0.08720414403938948,0.07083541830792409,-0.21330704060913652,0.9958039294283147,-0.06414641427736806
2023-10-07 06:00:00,R005,236,60,Low,NH-48 (Delhi-Jaipur),Gurgaon Toll Plaza,Manesar,20.0,25,26.7,0.0,9.2,Partly Cloudy,Minor,1.0,100.0,0,6,5,0,1,1.0,4,2,1,1,5,0,0.19371014643350476,0.7723219116587934,-0.6225705230141166,-1.002847656452979,0.07083541830792409,-0.21330704060913652,0.9958039294283147,-0.06414641427736806
2023-10-07 07:00:00,R001,232,60,Low,Delhi-Gurgaon Expressway,Dhaula Kuan,Rajiv Chowk,28.0,45,21.6,3.2,7.1,Light Rain,,0.0,100.0,0,7,5,0,3,0.0,0,0,0,4,3,0,0.16658846579276068,0.7723219116587934,-0.3474012310741756,-0.1308062160590842,-0.9273847528471671,2.231764708462757,0.18519103994444422,-0.06414641427736806
2023-10-07 07:00:00,R002,125,55,Low,Noida-Greater Noida Expressway,Mahamaya Flyover,Pari Chowk,24.5,30,21.6,3.2,7.1,Light Rain,,0.0,100.0,0,7,5,0,3,0.0,1,3,2,3,3,0,-0.5589164913471432,0.5269548898004779,-0.4677877962978998,-0.7848372963545053,-0.9273847528471671,2.231764708462757,0.18519103994444422,-0.06414641427736806
2023-10-07 07:00:00,R003,96,50,Low,Delhi-Meerut Expressway,Nizamuddin Bridge,Meerut,96.0,90,21.6,3.2,7.1,Light Rain,,0.0,150.0,0,7,5,0,3,0.0,2,1,4,2,3,0,-0.7555486759925377,0.2815878679421623,1.9915377504153233,1.8312870248271789,-0.9273847528471671,2.231764708462757,0.18519103994444422,1.5491166992851797
2023-10-07 07:00:00,R004,97,47,Low,Outer Ring Road (Delhi),Nehru Place,Janakpuri,22.0,50,21.6,3.2,7.1,Light Rain,,0.0,100.0,0,7,5,0,3,0.0,3,4,3,0,3,0,-0.7487682558323516,0.13436765482717294,-0.5537782000291314,0.08720414403938948,-0.9273847528471671,2.231764708462757,0.18519103994444422,-0.06414641427736806
2023-10-07 07:00:00,R005,86,41,Low,NH-48 (Delhi-Jaipur),Gurgaon Toll Plaza,Manesar,20.0,25,21.6,3.2,7.1,Light Rain,,0.0,100.0,0,7,5,0,3,0.0,4,2,1,1,3,0,-0.8233528775943979,-0.16007277140280574,-0.6225705230141166,-1.002847656452979,-0.9273847528471671,2.231764708462757,0.18519103994444422,-0.06414641427736806
2023-10-07 08:00:00,R001,67,39,Medium,Delhi-Gurgaon Expressway,Dhaula Kuan,Rajiv Chowk,28.0,45,27.0,0.0,8.8,Clear,,0.0,100.0,0,8,5,0,0,0.0,0,0,0,4,0,1,-0.9521808606379322,-0.25821958014613194,-0.3474012310741756,-0.1308062160590842,0.12955425190528255,-0.21330704060913652,0.8414014742885304,-0.06414641427736806
2023-10-07 08:00:00,R002,122,72,Low,Noida-Greater Noida Expressway,Mahamaya Flyover,Pari Chowk,24.5,30,27.0,0.0,8.8,Clear,,0.0,100.0,0,8,5,0,0,0.0,1,3,2,3,0,0,-0.5792577518277012,1.3612027641187507,-0.4677877962978998,-0.7848372963545053,0.12955425190528255,-0.21330704060913652,0.8414014742885304,-0.06414641427736806
2023-10-07 08:00:00,R003,128,45,Low,Delhi-Meerut Expressway,Nizamuddin Bridge,Meerut,96.0,90,27.0,0.0,8.8,Clear,,0.0,100.0,0,8,5,0,0,0.0,2,1,4,2,0,0,-0.5385752308665851,0.036220846083846715,1.9915377504153233,1.8312870248271789,0.12955425190528255,-0.21330704060913652,0.8414014742885304,-0.06414641427736806
2023-10-07 08:00:00,R004,249,58,Low,Outer Ring Road (Delhi),Nehru Place,Janakpuri,22.0,50,27.0,0.0,8.8,Clear,,0.0,50.0,0,8,5,0,0,0.0,3,4,3,0,0,0,0.28185560851592295,0.6741751029154672,-0.5537782000291314,0.08720414403938948,0.12955425190528255,-0.21330704060913652,0.8414014742885304,-1.6774095278399157
2023-10-07 08:00:00,R005,165,88,Low,NH-48 (Delhi-Jaipur),Gurgaon Toll Plaza,Manesar,20.0,25,27.0,0.0,8.8,Clear,,0.0,100.0,0,8,5,0,0,0.0,4,2,1,1,0,0,-0.2876996849397025,2.1463772340653606,-0.6225705230141166,-1.002847656452979,0.12955425190528255,-0.21330704060913652,0.8414014742885304,-0.06414641427736806
2023-10-07 09:00:00,R001,116,23,Medium,Delhi-Gurgaon Expressway,Dhaula Kuan,Rajiv Chowk,28.0,45,25.2,0.0,1.8,Fog,,0.0,80.0,0,9,5,0,3,0.0,0,0,0,4,1,1,-0.6199402727888174,-1.0433940500927419,-0.3474012310741756,-0.1308062160590842,-0.22275874967886758,-0.21330704060913652,-1.8606414906577056,-0.7094516597023871
2023-10-07 09:00:00,R002,120,27,Medium,Noida-Greater Noida Expressway,Mahamaya Flyover,Pari Chowk,24.5,30,25.2,0.0,1.8,Fog,,0.0,100.0,0,9,5,0,3,0.0,1,3,2,3,1,1,-0.5928185921480733,-0.8471004326060894,-0.4677877962978998,-0.7848372963545053,-0.22275874967886758,-0.21330704060913652,-1.8606414906577056,-0.06414641427736806
2023-10-07 09:00:00,R003,92,42,Low,Delhi-Meerut Expressway,Nizamuddin Bridge,Meerut,96.0,90,25.2,0.0,1.8,Fog,,0.0,100.0,0,9,5,0,3,0.0,2,1,4,2,1,0,-0.7826703566332818,-0.11099936703114263,1.9915377504153233,1.8312870248271789,-0.22275874967886758,-0.21330704060913652,-1.8606414906577056,-0.06414641427736806
2023-10-07 09:00:00,R004,158,30,Medium,Outer Ring Road (Delhi),Nehru Place,Janakpuri,22.0,50,25.2,0.0,1.8,Fog,,0.0,100.0,0,9,5,0,3,0.0,3,4,3,0,1,1,-0.3351626260610046,-0.6998802194911,-0.5537782000291314,0.08720414403938948,-0.22275874967886758,-0.21330704060913652,-1.8606414906577056,-0.06414641427736806
2023-10-07 09:00:00,R005,261,43,Low,NH-48 (Delhi-Jaipur),Gurgaon Toll Plaza,Manesar,20.0,25,25.2,0.0,1.8,Fog,,0.0,100.0,0,9,5,0,3,0.0,4,2,1,1,1,0,0.36322065043815516,-0.061925962659479514,-0.6225705230141166,-1.002847656452979,-0.22275874967886758,-0.21330704060913652,-1.8606414906577056,-0.06414641427736806
2023-10-07 10:00:00,R001,252,47,Low,Delhi-Gurgaon Expressway,Dhaula Kuan,Rajiv Chowk,28.0,45,21.7,0.0,9.8,Clear,,0.0,50.0,0,10,5,0,0,0.0,0,0,0,4,0,0,0.302196868996481,0.13436765482717294,-0.3474012310741756,-0.1308062160590842,-0.9078118083147149,-0.21330704060913652,1.2274076121379927,-1.6774095278399157
2023-10-07 10:00:00,R002,149,59,Low,Noida-Greater Noida Expressway,Mahamaya Flyover,Pari Chowk,24.5,30,21.7,0.0,9.8,Clear,,0.0,80.0,0,10,5,0,0,0.0,1,3,2,3,0,0,-0.39618640750267875,0.7232485072871303,-0.4677877962978998,-0.7848372963545053,-0.9078118083147149,-0.21330704060913652,1.2274076121379927,-0.7094516597023871
2023-10-07 10:00:00,R003,108,69,Low,Delhi-Meerut Expressway,Nizamuddin Bridge,Meerut,96.0,90,21.7,0.0,9.8,Clear,,0.0,100.0,0,10,5,0,0,0.0,2,1,4,2,0,0,-0.6741836340703055,1.2139825510037614,1.9915377504153233,1.8312870248271789,-0.9078118083147149,-0.21330704060913652,1.2274076121379927,-0.06414641427736806
2023-10-07 10:00:00,R004,178,56,Low,Outer Ring Road (Delhi),Nehru Place,Janakpuri,22.0,50,21.7,0.0,9.8,Clear,,0.0,100.0,0,10,5,0,0,0.0,3,4,3,0,0,0,-0.19955422285728425,0.576028294172141,-0.5537782000291314,0.08720414403938948,-0.9078118083147149,-0.21330704060913652,1.2274076121379927,-0.06414641427736806
2023-10-07 10:00:00,R005,167,68,Low,NH-48 (Delhi-Jaipur),Gurgaon Toll Plaza,Manesar,20.0,25,21.7,0.0,9.8,Clear,,0.0,100.0,0,10,5,0,0,0.0,4,2,1,1,0,0,-0.27413884461933047,1.1649091466320984,-0.6225705230141166,-1.002847656452979,-0.9078118083147149,-0.21330704060913652,1.2274076121379927,-0.06414641427736806
2023-10-07 11:00:00,R001,60,55,Low,Delhi-Gurgaon Expressway,Dhaula Kuan,Rajiv Chowk,28.0,45,24.3,0.0,6.1,Partly Cloudy,,0.0,100.0,0,11,5,0,1,0.0,0,0,0,4,5,0,-0.9996438017592343,0.5269548898004779,-0.3474012310741756,-0.1308062160590842,-0.3989152504709423,-0.21330704060913652,-0.20081509790501798,-0.06414641427736806
2023-10-07 11:00:00,R002,78,59,Low,Noida-Greater Noida Expressway,Mahamaya Flyover,Pari Chowk,24.5,30,24.3,0.0,6.1,Partly Cloudy,,0.0,100.0,0,11,5,0,1,0.0,1,3,2,3,5,0,-0.877596238875886,0.7232485072871303,-0.4677877962978998,-0.7848372963545053,-0.3989152504709423,-0.21330704060913652,-0.20081509790501798,-0.06414641427736806
2023-10-07 11:00:00,R003,165,60,Low,Delhi-Meerut Expressway,Nizamuddin Bridge,Meerut,96.0,90,24.3,0.0,6.1,Partly Cloudy,Minor,3.0,80.0,0,11,5,0,1,1.0,2,1,4,2,5,0,-0.2876996849397025,0.7723219116587934,1.9915377504153233,1.8312870248271789,-0.3989152504709423,-0.21330704060913652,-0.20081509790501798,-0.7094516597023871
2023-10-07 11:00:00,R004,183,48,Low,Outer Ring Road (Delhi),Nehru Place,Janakpuri,22.0,50,24.3,0.0,6.1,Partly Cloudy,,0.0,100.0,0,11,5,0,1,0.0,3,4,3,0,5,0,-0.16565212205635418,0.18344105919883605,-0.5537782000291314,0.08720414403938948,-0.3989152504709423,-0.21330704060913652,-0.20081509790501798,-0.06414641427736806
2023-10-07 11:00:00,R005,225,69,Low,NH-48 (Delhi-Jaipur),Gurgaon Toll Plaza,Manesar,20.0,25,24.3,0.0,6.1,Partly Cloudy,,0.0,100.0,0,11,5,0,1,0.0,4,2,1,1,5,0,0.11912552467145855,1.2139825510037614,-0.6225705230141166,-1.002847656452979,-0.3989152504709423,-0.21330704060913652,-0.20081509790501798,-0.06414641427736806
2023-10-07 12:00:00,R001,234,49,Low,Delhi-Gurgaon Expressway,Dhaula Kuan,Rajiv Chowk,28.0,45,17.3,0.0,5.6,Partly Cloudy,,0.0,80.0,0,12,5,0,1,0.0,0,0,0,4,5,0,0.1801493061131327,0.23251446357049918,-0.3474012310741756,-0.1308062160590842,-1.7690213677426367,-0.21330704060913652,-0.3938181668297491,-0.7094516597023871
2023-10-07 12:00:00,R002,97,55,Low,Noida-Greater Noida Expressway,Mahamaya Flyover,Pari Chowk,24.5,30,17.3,0.0,5.6,Partly Cloudy,,0.0,150.0,0,12,5,0,1,0.0,1,3,2,3,5,0,-0.7487682558323516,0.5269548898004779,-0.4677877962978998,-0.7848372963545053,-1.7690213677426367,-0.21330704060913652,-0.3938181668297491,1.5491166992851797
2023-10-07 12:00:00,R003,95,43,Low,Delhi-Meerut Expressway,Nizamuddin Bridge,Meerut,96.0,90,17.3,0.0,5.6,Partly Cloudy,,0.0,150.0,0,12,5,0,1,0.0,2,1,4,2,5,0,-0.7623290961527237,-0.061925962659479514,1.9915377504153233,1.8312870248271789,-1.7690213677426367,-0.21330704060913652,-0.3938181668297491,1.5491166992851797
2023-10-07 12:00:00,R004,226,58,Low,Outer Ring Road (Delhi),Nehru Place,Janakpuri,22.0,50,17.3,0.0,5.6,Partly Cloudy,,0.0,50.0,0,12,5,0,1,0.0,3,4,3,0,5,0,0.12590594483164458,0.6741751029154672,-0.5537782000291314,0.08720414403938948,-1.7690213677426367,-0.21330704060913652,-0.3938181668297491,-1.6774095278399157
2023-10-07 12:00:00,R005,92,56,Low,NH-48 (Delhi-Jaipur),Gurgaon Toll Plaza,Manesar,20.0,25,17.3,0.0,5.6,Partly Cloudy,,0.0,100.0,0,12,5,0,1,0.0,4,2,1,1,5,0,-0.7826703566332818,0.576028294172141,-0.6225705230141166,-1.002847656452979,-1.7690213677426367,-0.21330704060913652,-0.3938181668297491,-0.06414641427736806
2023-10-07 13:00:00,R001,109,52,Low,Delhi-Gurgaon Expressway,Dhaula Kuan,Rajiv Chowk,28.0,45,31.4,0.0,7.6,Partly Cloudy,Major,4.0,100.0,0,13,5,0,1,3.0,0,0,0,4,5,0,-0.6674032139101195,0.3797346766854885,-0.3474012310741756,-0.1308062160590842,0.9907638113332046,-0.21330704060913652,0.3781941088691753,-0.06414641427736806
2023-10-07 13:00:00,R002,233,66,Low,Noida-Greater Noida Expressway,Mahamaya Flyover,Pari Chowk,24.5,30,31.4,0.0,7.6,Partly Cloudy,,0.0,50.0,0,13,5,0,1,0.0,1,3,2,3,5,0,0.1733688859529467,1.066762337888772,-0.4677877962978998,-0.7848372963545053,0.9907638113332046,-0.21330704060913652,0.3781941088691753,-1.6774095278399157
2023-10-07 13:00:00,R003,263,65,Low,Delhi-Meerut Expressway,Nizamuddin Bridge,Meerut,96.0,90,31.4,0.0,7.6,Partly Cloudy,,0.0,80.0,0,13,5,0,1,0.0,2,1,4,2,5,0,0.37678149075852724,1.017688933517109,1.9915377504153233,1.8312870248271789,0.9907638113332046,-0.21330704060913652,0.3781941088691753,-0.7094516597023871
2023-10-07 13:00:00,R004,248,77,Low,Outer Ring Road (Delhi),Nehru Place,Janakpuri,22.0,50,31.4,0.0,7.6,Partly Cloudy,,0.0,80.0,0,13,5,0,1,0.0,3,4,3,0,5,0,0.27507518835573697,1.6065697859770665,-0.5537782000291314,0.08720414403938948,0.9907638113332046,-0.21330704060913652,0.3781941088691753,-0.7094516597023871
2023-10-07 13:00:00,R005,119,56,Low,NH-48 (Delhi-Jaipur),Gurgaon Toll Plaza,Manesar,20.0,25,31.4,0.0,7.6,Partly Cloudy,,0.0,100.0,0,13,5,0,1,0.0,4,2,1,1,5,0,-0.5995990123082593,0.576028294172141,-0.6225705230141166,-1.002847656452979,0.9907638113332046,-0.21330704060913652,0.3781941088691753,-0.06414641427736806
2023-10-07 14:00:00,R001,278,48,Low,Delhi-Gurgaon Expressway,Dhaula Kuan,Rajiv Chowk,28.0,45,30.9,0.0,7.8,Overcast,Minor,3.0,100.0,0,14,5,0,2,1.0,0,0,0,4,4,0,0.47848779316131745,0.18344105919883605,-0.3474012310741756,-0.1308062160590842,0.8928990886709406,-0.21330704060913652,0.4553953364390679,-0.06414641427736806
2023-10-07 14:00:00,R002,205,64,Low,Noida-Greater Noida Expressway,Mahamaya Flyover,Pari Chowk,24.5,30,30.9,0.0,7.8,Overcast,,0.0,100.0,0,14,5,0,2,0.0,1,3,2,3,4,0,-0.01648287853226179,0.9686155291454459,-0.4677877962978998,-0.7848372963545053,0.8928990886709406,-0.21330704060913652,0.4553953364390679,-0.06414641427736806
2023-10-07 14:00:00,R003,159,80,Low,Delhi-Meerut Expressway,Nizamuddin Bridge,Meerut,96.0,90,30.9,0.0,7.8,Overcast,,0.0,50.0,0,14,5,0,2,0.0,2,1,4,2,4,0,-0.32838220590081857,1.7537899990920558,1.9915377504153233,1.8312870248271789,0.8928990886709406,-0.21330704060913652,0.4553953364390679,-1.6774095278399157
2023-10-07 14:00:00,R004,91,47,Low,Outer Ring Road (Delhi),Nehru Place,Janakpuri,22.0,50,30.9,0.0,7.8,Overcast,,0.0,150.0,0,14,5,0,2,0.0,3,4,3,0,4,0,-0.7894507767934678,0.13436765482717294,-0.5537782000291314,0.08720414403938948,0.8928990886709406,-0.21330704060913652,0.4553953364390679,1.5491166992851797
2023-10-07 14:00:00,R005,163,57,Low,NH-48 (Delhi-Jaipur),Gurgaon Toll Plaza,Manesar,20.0,25,30.9,0.0,7.8,Overcast,,0.0,80.0,0,14,5,0,2,0.0,4,2,1,1,4,0,-0.3012605252600745,0.625101698543804,-0.6225705230141166,-1.002847656452979,0.8928990886709406,-0.21330704060913652,0.4553953364390679,-0.7094516597023871
2023-10-07 15:00:00,R001,300,54,Low,Delhi-Gurgaon Expressway,Dhaula Kuan,Rajiv Chowk,28.0,45,25.3,0.0,9.4,Partly Cloudy,,0.0,100.0,0,15,5,0,1,0.0,0,0,0,4,5,0,0.6276570366854098,0.47788148542881476,-0.3474012310741756,-0.1308062160590842,-0.20318580514641452,-0.21330704060913652,1.0730051569982075,-0.06414641427736806
2023-10-07 15:00:00,R002,127,54,Low,Noida-Greater Noida Expressway,Mahamaya Flyover,Pari Chowk,24.5,30,25.3,0.0,9.4,Partly Cloudy,,0.0,150.0,0,15,5,0,1,0.0,1,3,2,3,5,0,-0.5453556510267712,0.47788148542881476,-0.4677877962978998,-0.7848372963545053,-0.20318580514641452,-0.21330704060913652,1.0730051569982075,1.5491166992851797
2023-10-07 15:00:00,R003,205,38,Medium,Delhi-Meerut Expressway,Nizamuddin Bridge,Meerut,96.0,90,25.3,0.0,9.4,Partly Cloudy,,0.0,100.0,0,15,5,0,1,0.0,2,1,4,2,5,1,-0.01648287853226179,-0.3072929845177951,1.9915377504153233,1.8312870248271789,-0.20318580514641452,-0.21330704060913652,1.0730051569982075,-0.06414641427736806
2023-10-07 15:00:00,R004,245,52,Low,Outer Ring Road (Delhi),Nehru Place,Janakpuri,22.0,50,25.3,0.0,9.4,Partly Cloudy,,0.0,150.0,0,15,5,0,1,0.0,3,4,3,0,5,0,0.2547339278751789,0.3797346766854885,-0.5537782000291314,0.08720414403938948,-0.20318580514641452,-0.21330704060913652,1.0730051569982075,1.5491166992851797
2023-10-07 15:00:00,R005,165,57,Low,NH-48 (Delhi-Jaipur),Gurgaon Toll Plaza,Manesar,20.0,25,25.3,0.0,9.4,Partly Cloudy,,0.0,100.0,0,15,5,0,1,0.0,4,2,1,1,5,0,-0.2876996849397025,0.625101698543804,-0.6225705230141166,-1.002847656452979,-0.20318580514641452,-0.21330704060913652,1.0730051569982075,-0.06414641427736806
2023-10-07 16:00:00,R001,102,52,Low,Delhi-Gurgaon Expressway,Dhaula Kuan,Rajiv Chowk,28.0,45,30.2,0.0,8.5,Clear,,0.0,100.0,0,16,5,0,0,0.0,0,0,0,4,0,0,-0.7148661550314216,0.3797346766854885,-0.3474012310741756,-0.1308062160590842,0.7558884769437714,-0.21330704060913652,0.7255996329336915,-0.06414641427736806
2023-10-07 16:00:00,R002,265,48,Low,Noida-Greater Noida Expressway,Mahamaya Flyover,Pari Chowk,24.5,30,30.2,0.0,8.5,Clear,,0.0,100.0,0,16,5,0,0,0.0,1,3,2,3,0,0,0.39034233107889926,0.18344105919883605,-0.4677877962978998,-0.7848372963545053,0.7558884769437714,-0.21330704060913652,0.7255996329336915,-0.06414641427736806
2023-10-07 16:00:00,R003,121,60,Low,Delhi-Meerut Expressway,Nizamuddin Bridge,Meerut,96.0,90,30.2,0.0,8.5,Clear,,0.0,100.0,0,16,5,0,0,0.0,2,1,4,2,0,0,-0.5860381719878872,0.7723219116587934,1.9915377504153233,1.8312870248271789,0.7558884769437714,-0.21330704060913652,0.7255996329336915,-0.06414641427736806
2023-10-07 16:00:00,R004,171,60,Low,Outer Ring Road (Delhi),Nehru Place,Janakpuri,22.0,50,30.2,0.0,8.5,Clear,,0.0,100.0,0,16,5,0,0,0.0,3,4,3,0,0,0,-0.2470171639785864,0.7723219116587934,-0.5537782000291314,0.08720414403938948,0.7558884769437714,-0.21330704060913652,0.7255996329336915,-0.06414641427736806
2023-10-07 16:00:00,R005,239,90,Low,NH-48 (Delhi-Jaipur),Gurgaon Toll Plaza,Manesar,20.0,25,30.2,0.0,8.5,Clear,,0.0,100.0,0,16,5,0,0,0.0,4,2,1,1,0,0,0.2140514069140628,2.244524042808687,-0.6225705230141166,-1.002847656452979,0.7558884769437714,-0.21330704060913652,0.7255996329336915,-0.06414641427736806
2023-10-07 17:00:00,R001,144,45,Low,Delhi-Gurgaon Expressway,Dhaula Kuan,Rajiv Chowk,28.0,45,33.8,0.0,5.7,Clear,,0.0,50.0,0,17,5,0,0,0.0,0,0,0,4,0,0,-0.43008850830360884,0.036220846083846715,-0.3474012310741756,-0.1308062160590842,1.4605144801120709,-0.21330704060913652,-0.3552175530448027,-1.6774095278399157
2023-10-07 17:00:00,R002,178,57,Low,Noida-Greater Noida Expressway,Mahamaya Flyover,Pari Chowk,24.5,30,33.8,0.0,5.7,Clear,,0.0,100.0,0,17,5,0,0,0.0,1,3,2,3,0,0,-0.19955422285728425,0.625101698543804,-0.4677877962978998,-0.7848372963545053,1.4605144801120709,-0.21330704060913652,-0.3552175530448027,-0.06414641427736806
2023-10-07 17:00:00,R003,92,71,Low,Delhi-Meerut Expressway,Nizamuddin Bridge,Meerut,96.0,90,33.8,0.0,5.7,Clear,,0.0,150.0,0,17,5,0,0,0.0,2,1,4,2,0,0,-0.7826703566332818,1.3121293597470878,1.9915377504153233,1.8312870248271789,1.4605144801120709,-0.21330704060913652,-0.3552175530448027,1.5491166992851797
2023-10-07 17:00:00,R004,78,88,Low,Outer Ring Road (Delhi),Nehru Place,Janakpuri,22.0,50,33.8,0.0,5.7,Clear,,0.0,150.0,0,17,5,0,0,0.0,3,4,3,0,0,0,-0.877596238875886,2.1463772340653606,-0.5537782000291314,0.08720414403938948,1.4605144801120709,-0.21330704060913652,-0.3552175530448027,1.5491166992851797
2023-10-07 17:00:00,R005,184,66,Low,NH-48 (Delhi-Jaipur),Gurgaon Toll Plaza,Manesar,20.0,25,33.8,0.0,5.7,Clear,,0.0,80.0,0,17,5,0,0,0.0,4,2,1,1,0,0,-0.15887170189616814,1.066762337888772,-0.6225705230141166,-1.002847656452979,1.4605144801120709,-0.21330704060913652,-0.3552175530448027,-0.7094516597023871
2023-10-07 18:00:00,R001,117,35,Medium,Delhi-Gurgaon Expressway,Dhaula Kuan,Rajiv Chowk,28.0,45,32.3,0.0,7.0,Clear,,0.0,100.0,0,18,5,0,0,0.0,0,0,0,4,0,1,-0.6131598526286313,-0.4545131976327844,-0.3474012310741756,-0.1308062160590842,1.1669203121252791,-0.21330704060913652,0.14659042615949813,-0.06414641427736806
2023-10-07 18:00:00,R002,86,70,Low,Noida-Greater Noida Expressway,Mahamaya Flyover,Pari Chowk,24.5,30,32.3,0.0,7.0,Clear,,0.0,100.0,0,18,5,0,0,0.0,1,3,2,3,0,0,-0.8233528775943979,1.2630559553754246,-0.4677877962978998,-0.7848372963545053,1.1669203121252791,-0.21330704060913652,0.14659042615949813,-0.06414641427736806
2023-10-07 18:00:00,R003,59,73,Low,Delhi-Meerut Expressway,Nizamuddin Bridge,Meerut,96.0,90,32.3,0.0,7.0,Clear,,0.0,100.0,0,18,5,0,0,0.0,2,1,4,2,0,0,-1.0064242219194204,1.410276168490414,1.9915377504153233,1.8312870248271789,1.1669203121252791,-0.21330704060913652,0.14659042615949813,-0.06414641427736806
2023-10-07 18:00:00,R004,138,60,Low,Outer Ring Road (Delhi),Nehru Place,Janakpuri,22.0,50,32.3,0.0,7.0,Clear,Minor,3.0,100.0,0,18,5,0,0,1.0,3,4,3,0,0,0,-0.47077102926472497,0.7723219116587934,-0.5537782000291314,0.08720414403938948,1.1669203121252791,-0.21330704060913652,0.14659042615949813,-0.06414641427736806
2023-10-07 18:00:00,R005,118,79,Low,NH-48 (Delhi-Jaipur),Gurgaon Toll Plaza,Manesar,20.0,25,32.3,0.0,7.0,Clear,,0.0,100.0,0,18,5,0,0,0.0,4,2,1,1,0,0,-0.6063794324684453,1.7047165947203926,-0.6225705230141166,-1.002847656452979,1.1669203121252791,-0.21330704060913652,0.14659042615949813,-0.06414641427736806
2023-10-07 19:00:00,R001,108,46,Low,Delhi-Gurgaon Expressway,Dhaula Kuan,Rajiv Chowk,28.0,45,18.2,0.0,9.5,Clear,,0.0,100.0,0,19,5,0,0,0.0,0,0,0,4,0,0,-0.6741836340703055,0.08529425045550983,-0.3474012310741756,-0.1308062160590842,-1.592864866950562,-0.21330704060913652,1.1116057707831537,-0.06414641427736806
2023-10-07 19:00:00,R002,75,61,Low,Noida-Greater Noida Expressway,Mahamaya Flyover,Pari Chowk,24.5,30,18.2,0.0,9.5,Clear,,0.0,100.0,0,19,5,0,0,0.0,1,3,2,3,0,0,-0.8979374993564441,0.8213953160304566,-0.4677877962978998,-0.7848372963545053,-1.592864866950562,-0.21330704060913652,1.1116057707831537,-0.06414641427736806
2023-10-07 19:00:00,R003,184,67,Low,Delhi-Meerut Expressway,Nizamuddin Bridge,Meerut,96.0,90,18.2,0.0,9.5,Clear,,0.0,100.0,0,19,5,0,0,0.0,2,1,4,2,0,0,-0.15887170189616814,1.1158357422604352,1.9915377504153233,1.8312870248271789,-1.592864866950562,-0.21330704060913652,1.1116057707831537,-0.06414641427736806
2023-10-07 19:00:00,R004,172,51,Low,Outer Ring Road (Delhi),Nehru Place,Janakpuri,22.0,50,18.2,0.0,9.5,Clear,,0.0,80.0,0,19,5,0,0,0.0,3,4,3,0,0,0,-0.24023674381840035,0.3306612723138254,-0.5537782000291314,0.08720414403938948,-1.592864866950562,-0.21330704060913652,1.1116057707831537,-0.7094516597023871
2023-10-07 19:00:00,R005,109,49,Low,NH-48 (Delhi-Jaipur),Gurgaon Toll Plaza,Manesar,20.0,25,18.2,0.0,9.5,Clear,,0.0,100.0,0,19,5,0,0,0.0,4,2,1,1,0,0,-0.6674032139101195,0.23251446357049918,-0.6225705230141166,-1.002847656452979,-1.592864866950562,-0.21330704060913652,1.1116057707831537,-0.06414641427736806
2023-10-07 20:00:00,R001,102,48,Low,Delhi-Gurgaon Expressway,Dhaula Kuan,Rajiv Chowk,28.0,45,34.5,0.0,7.0,Clear,,0.0,100.0,0,20,5,0,0,0.0,0,0,0,4,0,0,-0.7148661550314216,0.18344105919883605,-0.3474012310741756,-0.1308062160590842,1.597525091839241,-0.21330704060913652,0.14659042615949813,-0.06414641427736806
2023-10-07 20:00:00,R002,122,62,Low,Noida-Greater Noida Expressway,Mahamaya Flyover,Pari Chowk,24.5,30,34.5,0.0,7.0,Clear,,0.0,80.0,0,20,5,0,0,0.0,1,3,2,3,0,0,-0.5792577518277012,0.8704687204021196,-0.4677877962978998,-0.7848372963545053,1.597525091839241,-0.21330704060913652,0.14659042615949813,-0.7094516597023871
2023-10-07 20:00:00,R003,150,83,Low,Delhi-Meerut Expressway,Nizamuddin Bridge,Meerut,96.0,90,34.5,0.0,7.0,Clear,,0.0,100.0,0,20,5,0,0,0.0,2,1,4,2,0,0,-0.38940598734249277,1.9010102122070451,1.9915377504153233,1.8312870248271789,1.597525091839241,-0.21330704060913652,0.14659042615949813,-0.06414641427736806
2023-10-07 20:00:00,R004,173,47,Low,Outer Ring Road (Delhi),Nehru Place,Janakpuri,22.0,50,34.5,0.0,7.0,Clear,,0.0,100.0,0,20,5,0,0,0.0,3,4,3,0,0,0,-0.23345632365821434,0.13436765482717294,-0.5537782000291314,0.08720414403938948,1.597525091839241,-0.21330704060913652,0.14659042615949813,-0.06414641427736806
2023-10-07 20:00:00,R005,93,50,Low,NH-48 (Delhi-Jaipur),Gurgaon Toll Plaza,Manesar,20.0,25,34.5,0.0,7.0,Clear,,0.0,100.0,0,20,5,0,0,0.0,4,2,1,1,0,0,-0.7758899364730958,0.2815878679421623,-0.6225705230141166,-1.002847656452979,1.597525091839241,-0.21330704060913652,0.14659042615949813,-0.06414641427736806
2023-10-07 21:00:00,R001,184,60,Low,Delhi-Gurgaon Expressway,Dhaula Kuan,Rajiv Chowk,28.0,45,25.4,0.0,9.3,Partly Cloudy,,0.0,100.0,0,21,5,0,1,0.0,0,0,0,4,5,0,-0.15887170189616814,0.7723219116587934,-0.3474012310741756,-0.1308062160590842,-0.18361286061396218,-0.21330704060913652,1.0344045432132616,-0.06414641427736806
2023-10-07 21:00:00,R002,257,76,Low,Noida-Greater Noida Expressway,Mahamaya Flyover,Pari Chowk,24.5,30,25.4,0.0,9.3,Partly Cloudy,,0.0,100.0,0,21,5,0,1,0.0,1,3,2,3,5,0,0.3360989697974111,1.5574963816054033,-0.4677877962978998,-0.7848372963545053,-0.18361286061396218,-0.21330704060913652,1.0344045432132616,-0.06414641427736806
2023-10-07 21:00:00,R003,128,50,Low,Delhi-Meerut Expressway,Nizamuddin Bridge,Meerut,96.0,90,25.4,0.0,9.3,Partly Cloudy,Minor,2.0,100.0,0,21,5,0,1,1.0,2,1,4,2,5,0,-0.5385752308665851,0.2815878679421623,1.9915377504153233,1.8312870248271789,-0.18361286061396218,-0.21330704060913652,1.0344045432132616,-0.06414641427736806
2023-10-07 21:00:00,R004,214,58,Low,Outer Ring Road (Delhi),Nehru Place,Janakpuri,22.0,50,25.4,0.0,9.3,Partly Cloudy,,0.0,100.0,0,21,5,0,1,0.0,3,4,3,0,5,0,0.044540902909412365,0.6741751029154672,-0.5537782000291314,0.08720414403938948,-0.18361286061396218,-0.21330704060913652,1.0344045432132616,-0.06414641427736806
2023-10-07 21:00:00,R005,96,57,Low,NH-48 (Delhi-Jaipur),Gurgaon Toll Plaza,Manesar,20.0,25,25.4,0.0,9.3,Partly Cloudy,,0.0,80.0,0,21,5,0,1,0.0,4,2,1,1,5,0,-0.7555486759925377,0.625101698543804,-0.6225705230141166,-1.002847656452979,-0.18361286061396218,-0.21330704060913652,1.0344045432132616,-0.7094516597023871
2023-10-07 22:00:00,R001,193,40,Low,Delhi-Gurgaon Expressway,Dhaula Kuan,Rajiv Chowk,28.0,45,16.5,0.0,1.2,Fog,,0.0,100.0,0,22,5,0,3,0.0,0,0,0,4,1,0,-0.097847920454494,-0.20914617577446887,-0.3474012310741756,-0.1308062160590842,-1.925604924002259,-0.21330704060913652,-2.092245173367383,-0.06414641427736806
2023-10-07 22:00:00,R002,99,31,Medium,Noida-Greater Noida Expressway,Mahamaya Flyover,Pari Chowk,24.5,30,16.5,0.0,1.2,Fog,Major,5.0,100.0,0,22,5,0,3,3.0,1,3,2,3,1,1,-0.7352074155119797,-0.6508068151194368,-0.4677877962978998,-0.7848372963545053,-1.925604924002259,-0.21330704060913652,-2.092245173367383,-0.06414641427736806
2023-10-07 22:00:00,R003,167,29,Medium,Delhi-Meerut Expressway,Nizamuddin Bridge,Meerut,96.0,90,16.5,0.0,1.2,Fog,,0.0,100.0,0,22,5,0,3,0.0,2,1,4,2,1,1,-0.27413884461933047,-0.7489536238627631,1.9915377504153233,1.8312870248271789,-1.925604924002259,-0.21330704060913652,-2.092245173367383,-0.06414641427736806
2023-10-07 22:00:00,R004,100,36,Medium,Outer Ring Road (Delhi),Nehru Place,Janakpuri,22.0,50,16.5,0.0,1.2,Fog,,0.0,150.0,0,22,5,0,3,0.0,3,4,3,0,1,1,-0.7284269953517936,-0.40543979326112134,-0.5537782000291314,0.08720414403938948,-1.925604924002259,-0.21330704060913652,-2.092245173367383,1.5491166992851797
2023-10-07 22:00:00,R005,76,40,Low,NH-48 (Delhi-Jaipur),Gurgaon Toll Plaza,Manesar,20.0,25,16.5,0.0,1.2,Fog,,0.0,100.0,0,22,5,0,3,0.0,4,2,1,1,1,0,-0.8911570791962581,-0.20914617577446887,-0.6225705230141166,-1.002847656452979,-1.925604924002259,-0.21330704060913652,-2.092245173367383,-0.06414641427736806
2023-10-07 23:00:00,R001,103,19,High,Delhi-Gurgaon Expressway,Dhaula Kuan,Rajiv Chowk,28.0,45,24.7,0.0,1.2,Fog,,0.0,50.0,0,23,5,0,3,0.0,0,0,0,4,1,2,-0.7080857348712356,-1.2396876675793942,-0.3474012310741756,-0.1308062160590842,-0.3206234723411315,-0.21330704060913652,-2.092245173367383,-1.6774095278399157
2023-10-07 23:00:00,R002,114,44,Low,Noida-Greater Noida Expressway,Mahamaya Flyover,Pari Chowk,24.5,30,24.7,0.0,1.2,Fog,,0.0,100.0,0,23,5,0,3,0.0,1,3,2,3,1,0,-0.6335011131091893,-0.012852558287816397,-0.4677877962978998,-0.7848372963545053,-0.3206234723411315,-0.21330704060913652,-2.092245173367383,-0.06414641427736806
2023-10-07 23:00:00,R003,131,27,Medium,Delhi-Meerut Expressway,Nizamuddin Bridge,Meerut,96.0,90,24.7,0.0,1.2,Fog,,0.0,100.0,0,23,5,0,3,0.0,2,1,4,2,1,1,-0.518233970386027,-0.8471004326060894,1.9915377504153233,1.8312870248271789,-0.3206234723411315,-0.21330704060913652,-2.092245173367383,-0.06414641427736806
2023-10-07 23:00:00,R004,229,34,Medium,Outer Ring Road (Delhi),Nehru Place,Janakpuri,22.0,50,24.7,0.0,1.2,Fog,,0.0,100.0,0,23,5,0,3,0.0,3,4,3,0,1,1,0.14624720531220262,-0.5035866020044475,-0.5537782000291314,0.08720414403938948,-0.3206234723411315,-0.21330704060913652,-2.092245173367383,-0.06414641427736806
2023-10-07 23:00:00,R005,139,43,Low,NH-48 (Delhi-Jaipur),Gurgaon Toll Plaza,Manesar,20.0,25,24.7,0.0,1.2,Fog,,0.0,100.0,0,23,5,0,3,0.0,4,2,1,1,1,0,-0.46399060910453893,-0.061925962659479514,-0.6225705230141166,-1.002847656452979,-0.3206234723411315,-0.21330704060913652,-2.092245173367383,-0.06414641427736806
