Timestamp,Location,Latitude,Longitude,Traffic Volume,Avg Speed (km/h),Weather,Rain(mm),Accident,Event,Public Transport Density,Congestion Level
2026-05-01 00:00,Connaught Place,28.6315,77.2167,793,6,Rain,19,No,No,57,Very High
2026-05-01 00:10,Connaught Place,28.6315,77.2167,403,44,Fog,0,No,No,33,Low
2026-05-01 00:20,India Gate,28.6129,77.2295,120,47,Clear,0,Yes,Yes,45,Low
2026-05-01 00:30,Cyber Hub Gurgaon,28.4959,77.0882,539,8,Heavy Rain,12,Yes,No,60,Very High
2026-05-01 00:40,IGI Airport T3,28.5562,77.1,337,48,Clear,0,No,No,23,Low
2026-05-01 00:50,Sector 62 Noida,28.628,77.3649,354,35,Heavy Rain,2,No,No,84,Medium
2026-05-01 01:00,Sector 62 Noida,28.628,77.3649,502,25,Heavy Rain,8,No,No,43,Medium
2026-05-01 01:10,MG Road Gurgaon,28.4794,77.0806,442,41,Clear,0,No,No,96,Low
2026-05-01 01:20,IGI Airport T3,28.5562,77.1,774,7,Heavy Rain,2,No,No,12,Very High
2026-05-01 01:30,Akshardham Route,28.6127,77.2773,485,26,Rain,12,No,No,34,Medium
2026-05-01 01:40,India Gate,28.6129,77.2295,423,42,Fog,0,No,No,46,Low
2026-05-01 01:50,MG Road Gurgaon,28.4794,77.0806,727,7,Clear,0,Yes,No,61,Very High
2026-05-01 02:00,Sector 62 Noida,28.628,77.3649,183,43,Clear,0,Yes,No,70,Low
2026-05-01 02:10,Sector 62 Noida,28.628,77.3649,848,5,Heavy Rain,5,No,No,75,Very High
2026-05-01 02:20,MG Road Gurgaon,28.4794,77.0806,656,27,Fog,0,No,No,52,Medium
2026-05-01 02:30,India Gate,28.6129,77.2295,648,27,Cloudy,0,No,No,69,Medium
2026-05-01 02:40,DND Flyway,28.5942,77.3053,175,47,Heavy Rain,10,No,No,20,Low
2026-05-01 02:50,Greater Noida West,28.59,77.43,441,26,Fog,0,Yes,No,32,Medium
2026-05-01 03:00,Lajpat Nagar,28.5677,77.243,695,5,Heavy Rain,13,Yes,No,40,Very High
2026-05-01 03:10,IGI Airport T3,28.5562,77.1,564,33,Fog,0,No,No,39,Medium
2026-05-01 03:20,India Gate,28.6129,77.2295,306,50,Cloudy,0,No,No,81,Low
2026-05-01 03:30,Cyber Hub Gurgaon,28.4959,77.0882,204,57,Fog,0,No,No,46,Low
2026-05-01 03:40,Karol Bagh,28.6519,77.1909,67,66,Clear,0,No,No,59,Low
2026-05-01 03:50,Lajpat Nagar,28.5677,77.243,116,63,Clear,0,No,No,56,Low
2026-05-01 04:00,IGI Airport T3,28.5562,77.1,119,63,Fog,0,No,No,16,Low
2026-05-01 04:10,Dwarka Sector 21,28.5511,77.0565,621,29,Cloudy,0,No,No,49,Medium
2026-05-01 04:20,Akshardham Route,28.6127,77.2773,483,38,Clear,0,No,Yes,69,Medium
2026-05-01 04:30,Sector 18 Noida,28.5706,77.324,681,13,Rain,20,No,No,15,Very High
2026-05-01 04:40,India Gate,28.6129,77.2295,572,20,Heavy Rain,7,No,No,84,High
2026-05-01 04:50,Dwarka Sector 21,28.5511,77.0565,488,38,Cloudy,0,No,Yes,55,Medium
2026-05-01 05:00,Sector 62 Noida,28.628,77.3649,676,13,Rain,4,No,No,99,Very High
2026-05-01 05:10,Greater Noida West,28.59,77.43,58,52,Cloudy,0,Yes,No,60,Low
2026-05-01 05:20,DND Flyway,28.5942,77.3053,774,19,Cloudy,0,No,No,55,Very High
2026-05-01 05:30,Akshardham Route,28.6127,77.2773,304,38,Rain,11,No,No,49,Medium
2026-05-01 05:40,Botanical Garden,28.5636,77.334,355,47,Fog,0,No,No,32,Low
2026-05-01 05:50,DND Flyway,28.5942,77.3053,437,29,Heavy Rain,19,No,Yes,15,Medium
2026-05-01 06:00,DND Flyway,28.5942,77.3053,568,33,Cloudy,0,No,No,84,Medium
2026-05-01 06:10,Sector 18 Noida,28.5706,77.324,518,21,Fog,0,Yes,No,57,High
2026-05-01 06:20,Lajpat Nagar,28.5677,77.243,485,38,Cloudy,0,No,No,55,Medium
2026-05-01 06:30,MG Road Gurgaon,28.4794,77.0806,58,67,Clear,0,No,Yes,45,Low
2026-05-01 06:40,Cyber Hub Gurgaon,28.4959,77.0882,525,8,Rain,6,Yes,No,52,Very High
2026-05-01 06:50,MG Road Gurgaon,28.4794,77.0806,125,50,Rain,1,No,Yes,42,Low
2026-05-01 07:00,Lajpat Nagar,28.5677,77.243,130,62,Clear,0,No,No,90,Low
2026-05-01 07:10,Greater Noida West,28.59,77.43,659,5,Rain,8,Yes,Yes,71,Very High
2026-05-01 07:20,Sector 62 Noida,28.628,77.3649,224,56,Cloudy,0,No,No,10,Low
2026-05-01 07:30,Botanical Garden,28.5636,77.334,804,5,Clear,0,Yes,No,49,Very High
2026-05-01 07:40,Sector 62 Noida,28.628,77.3649,763,8,Rain,8,No,No,34,Very High
2026-05-01 07:50,Sector 62 Noida,28.628,77.3649,330,36,Heavy Rain,14,No,No,34,Medium
2026-05-01 08:00,Vaishali Ghaziabad,28.646,77.339,85,50,Fog,0,Yes,No,93,Low
2026-05-01 08:10,Vaishali Ghaziabad,28.646,77.339,706,11,Heavy Rain,1,No,No,26,Very High
2026-05-01 08:20,Pari Chowk,28.4671,77.503,141,34,Rain,10,Yes,No,49,Medium
2026-05-01 08:30,Botanical Garden,28.5636,77.334,524,36,Clear,0,No,No,38,Medium
2026-05-01 08:40,Sector 62 Noida,28.628,77.3649,800,17,Clear,0,No,No,79,Very High
2026-05-01 08:50,Botanical Garden,28.5636,77.334,592,16,Cloudy,0,Yes,No,24,High
2026-05-01 09:00,IGI Airport T3,28.5562,77.1,365,31,Clear,0,Yes,No,23,Medium
2026-05-01 09:10,Cyber Hub Gurgaon,28.4959,77.0882,717,11,Heavy Rain,18,No,No,93,Very High
2026-05-01 09:20,Akshardham Route,28.6127,77.2773,720,7,Clear,0,Yes,Yes,86,Very High
2026-05-01 09:30,Sector 62 Noida,28.628,77.3649,311,50,Fog,0,No,No,66,Low
2026-05-01 09:40,Botanical Garden,28.5636,77.334,230,55,Cloudy,0,No,Yes,54,Low
2026-05-01 09:50,Cyber Hub Gurgaon,28.4959,77.0882,546,34,Fog,0,No,No,89,Medium
2026-05-01 10:00,Karol Bagh,28.6519,77.1909,176,32,Rain,13,Yes,No,94,Medium
2026-05-01 10:10,Lajpat Nagar,28.5677,77.243,614,15,Cloudy,0,Yes,No,85,High
2026-05-01 10:20,IGI Airport T3,28.5562,77.1,358,32,Cloudy,0,Yes,No,24,Medium
2026-05-01 10:30,Dwarka Sector 21,28.5511,77.0565,876,12,Clear,0,No,No,55,Very High
2026-05-01 10:40,India Gate,28.6129,77.2295,383,45,Fog,0,No,No,87,Low
2026-05-01 10:50,Greater Noida West,28.59,77.43,611,30,Clear,0,No,No,85,Medium
2026-05-01 11:00,Cyber Hub Gurgaon,28.4959,77.0882,712,23,Fog,0,No,No,23,Very High
2026-05-01 11:10,India Gate,28.6129,77.2295,292,24,Heavy Rain,10,Yes,No,25,High
2026-05-01 11:20,Akshardham Route,28.6127,77.2773,303,35,Clear,0,Yes,No,47,Medium
2026-05-01 11:30,India Gate,28.6129,77.2295,338,48,Clear,0,No,No,53,Low
2026-05-01 11:40,Pari Chowk,28.4671,77.503,557,33,Cloudy,0,No,No,68,Medium
2026-05-01 11:50,Sector 18 Noida,28.5706,77.324,212,41,Cloudy,0,Yes,No,53,Low
2026-05-01 12:00,Sector 62 Noida,28.628,77.3649,533,8,Heavy Rain,17,Yes,Yes,91,Very High
2026-05-01 12:10,Botanical Garden,28.5636,77.334,539,35,Clear,0,No,No,61,Medium
2026-05-01 12:20,Sector 62 Noida,28.628,77.3649,625,17,Rain,16,No,Yes,46,High
2026-05-01 12:30,Connaught Place,28.6315,77.2167,785,5,Cloudy,0,Yes,No,63,Very High
2026-05-01 12:40,Connaught Place,28.6315,77.2167,206,42,Fog,0,Yes,No,90,Low
2026-05-01 12:50,Vaishali Ghaziabad,28.646,77.339,133,62,Cloudy,0,No,No,44,Low
2026-05-01 13:00,DND Flyway,28.5942,77.3053,413,16,Heavy Rain,8,Yes,No,73,High
2026-05-01 13:10,DND Flyway,28.5942,77.3053,337,33,Cloudy,0,Yes,No,30,Medium
2026-05-01 13:20,Lajpat Nagar,28.5677,77.243,818,16,Cloudy,0,No,No,70,Very High
2026-05-01 13:30,Connaught Place,28.6315,77.2167,246,54,Fog,0,No,No,33,Low
2026-05-01 13:40,India Gate,28.6129,77.2295,101,52,Rain,18,No,No,21,Low
2026-05-01 13:50,Botanical Garden,28.5636,77.334,799,17,Fog,0,No,No,37,Very High
2026-05-01 14:00,IGI Airport T3,28.5562,77.1,250,39,Fog,0,Yes,Yes,28,Medium
2026-05-01 14:10,Karol Bagh,28.6519,77.1909,402,32,Heavy Rain,5,No,Yes,24,Medium
2026-05-01 14:20,Karol Bagh,28.6519,77.1909,724,5,Heavy Rain,14,Yes,No,86,Very High
2026-05-01 14:30,DND Flyway,28.5942,77.3053,734,10,Rain,19,No,No,11,Very High
2026-05-01 14:40,Lajpat Nagar,28.5677,77.243,264,26,Rain,5,Yes,No,73,Medium
2026-05-01 14:50,Cyber Hub Gurgaon,28.4959,77.0882,852,14,Fog,0,No,No,13,Very High
2026-05-01 15:00,Karol Bagh,28.6519,77.1909,817,5,Fog,0,Yes,No,36,Very High
2026-05-01 15:10,Connaught Place,28.6315,77.2167,479,12,Heavy Rain,9,Yes,Yes,100,Very High
2026-05-01 15:20,MG Road Gurgaon,28.4794,77.0806,825,5,Heavy Rain,18,No,Yes,11,Very High
2026-05-01 15:30,Cyber Hub Gurgaon,28.4959,77.0882,212,56,Clear,0,No,No,66,Low
2026-05-01 15:40,DND Flyway,28.5942,77.3053,279,52,Cloudy,0,No,No,13,Low
2026-05-01 15:50,Vaishali Ghaziabad,28.646,77.339,638,13,Cloudy,0,Yes,Yes,66,Very High
2026-05-01 16:00,Botanical Garden,28.5636,77.334,107,51,Heavy Rain,20,No,No,79,Low
2026-05-01 16:10,Dwarka Sector 21,28.5511,77.0565,77,38,Rain,19,Yes,Yes,28,Medium
2026-05-01 16:20,DND Flyway,28.5942,77.3053,656,27,Cloudy,0,No,No,32,Medium
2026-05-01 16:30,Karol Bagh,28.6519,77.1909,856,5,Rain,20,Yes,Yes,91,Very High
2026-05-01 16:40,Vaishali Ghaziabad,28.646,77.339,806,17,Fog,0,No,No,53,Very High
2026-05-01 16:50,Sector 18 Noida,28.5706,77.324,288,39,Heavy Rain,7,No,Yes,25,Medium
2026-05-01 17:00,Cyber Hub Gurgaon,28.4959,77.0882,199,57,Cloudy,0,No,No,12,Low
2026-05-01 17:10,MG Road Gurgaon,28.4794,77.0806,703,24,Fog,0,No,No,50,Very High
2026-05-01 17:20,Pari Chowk,28.4671,77.503,539,20,Cloudy,0,Yes,No,69,High
2026-05-01 17:30,Sector 18 Noida,28.5706,77.324,873,5,Rain,6,No,No,25,Very High
2026-05-01 17:40,Sector 62 Noida,28.628,77.3649,517,21,Fog,0,Yes,No,36,High
2026-05-01 17:50,MG Road Gurgaon,28.4794,77.0806,464,25,Cloudy,0,Yes,No,57,Medium
2026-05-01 18:00,Sector 18 Noida,28.5706,77.324,456,28,Rain,4,No,No,72,Medium
2026-05-01 18:10,MG Road Gurgaon,28.4794,77.0806,325,37,Rain,19,No,No,52,Medium
2026-05-01 18:20,Karol Bagh,28.6519,77.1909,899,5,Rain,12,Yes,No,66,Very High
2026-05-01 18:30,Karol Bagh,28.6519,77.1909,813,5,Rain,8,Yes,Yes,33,Very High
2026-05-01 18:40,Dwarka Sector 21,28.5511,77.0565,373,34,Heavy Rain,12,No,No,89,Medium
2026-05-01 18:50,Greater Noida West,28.59,77.43,787,5,Rain,8,Yes,No,52,Very High
2026-05-01 19:00,Lajpat Nagar,28.5677,77.243,257,53,Cloudy,0,No,No,29,Low
2026-05-01 19:10,DND Flyway,28.5942,77.3053,347,35,Heavy Rain,11,No,Yes,36,Medium
2026-05-01 19:20,Sector 62 Noida,28.628,77.3649,345,47,Cloudy,0,No,No,16,Low
2026-05-01 19:30,MG Road Gurgaon,28.4794,77.0806,305,38,Heavy Rain,16,No,No,30,Medium
2026-05-01 19:40,Pari Chowk,28.4671,77.503,548,34,Clear,0,No,No,13,Medium
2026-05-01 19:50,Pari Chowk,28.4671,77.503,494,26,Heavy Rain,2,No,No,87,Medium
2026-05-01 20:00,Lajpat Nagar,28.5677,77.243,407,43,Fog,0,No,Yes,22,Low
2026-05-01 20:10,Pari Chowk,28.4671,77.503,674,26,Cloudy,0,No,No,49,Medium
2026-05-01 20:20,Pari Chowk,28.4671,77.503,413,43,Fog,0,No,No,73,Low
2026-05-01 20:30,MG Road Gurgaon,28.4794,77.0806,786,6,Rain,10,No,No,17,Very High
2026-05-01 20:40,Sector 18 Noida,28.5706,77.324,560,21,Rain,1,No,No,45,High
2026-05-01 20:50,Sector 18 Noida,28.5706,77.324,241,54,Fog,0,No,No,38,Low
2026-05-01 21:00,Botanical Garden,28.5636,77.334,402,44,Cloudy,0,No,No,17,Low
2026-05-01 21:10,Sector 62 Noida,28.628,77.3649,646,27,Clear,0,No,No,36,Medium
2026-05-01 21:20,Cyber Hub Gurgaon,28.4959,77.0882,662,26,Cloudy,0,No,No,20,Medium
2026-05-01 21:30,Dwarka Sector 21,28.5511,77.0565,204,57,Fog,0,No,Yes,87,Low
2026-05-01 21:40,Akshardham Route,28.6127,77.2773,894,5,Heavy Rain,13,No,No,27,Very High
2026-05-01 21:50,India Gate,28.6129,77.2295,316,34,Clear,0,Yes,No,15,Medium
2026-05-01 22:00,Vaishali Ghaziabad,28.646,77.339,647,27,Cloudy,0,No,No,77,Medium
2026-05-01 22:10,Connaught Place,28.6315,77.2167,642,13,Cloudy,0,Yes,No,42,Very High
2026-05-01 22:20,Karol Bagh,28.6519,77.1909,115,63,Fog,0,No,No,32,Low
2026-05-01 22:30,MG Road Gurgaon,28.4794,77.0806,407,31,Rain,14,No,No,28,Medium
2026-05-01 22:40,DND Flyway,28.5942,77.3053,732,22,Fog,0,No,No,93,Very High
2026-05-01 22:50,Sector 18 Noida,28.5706,77.324,555,33,Fog,0,No,No,23,Medium
2026-05-01 23:00,Akshardham Route,28.6127,77.2773,890,5,Rain,20,Yes,No,88,Very High
2026-05-01 23:10,DND Flyway,28.5942,77.3053,801,5,Heavy Rain,3,No,No,77,Very High
2026-05-01 23:20,India Gate,28.6129,77.2295,868,5,Heavy Rain,12,No,No,85,Very High
2026-05-01 23:30,Akshardham Route,28.6127,77.2773,448,29,Heavy Rain,11,No,Yes,67,Medium
2026-05-01 23:40,DND Flyway,28.5942,77.3053,213,56,Cloudy,0,No,No,59,Low
2026-05-01 23:50,Sector 62 Noida,28.628,77.3649,510,24,Heavy Rain,7,No,No,70,High
2026-05-02 00:00,Sector 62 Noida,28.628,77.3649,820,16,Cloudy,0,No,Yes,55,Very High
2026-05-02 00:10,Sector 18 Noida,28.5706,77.324,574,32,Clear,0,No,Yes,47,Medium
2026-05-02 00:20,Sector 62 Noida,28.628,77.3649,697,5,Heavy Rain,6,Yes,No,39,Very High
2026-05-02 00:30,Botanical Garden,28.5636,77.334,602,30,Clear,0,No,No,30,Medium
2026-05-02 00:40,Pari Chowk,28.4671,77.503,378,18,Rain,19,Yes,No,16,High
2026-05-02 00:50,Dwarka Sector 21,28.5511,77.0565,896,11,Cloudy,0,No,No,16,Very High
2026-05-02 01:00,Connaught Place,28.6315,77.2167,64,39,Rain,4,Yes,Yes,43,Medium
2026-05-02 01:10,Connaught Place,28.6315,77.2167,845,14,Clear,0,No,No,33,Very High
2026-05-02 01:20,Vaishali Ghaziabad,28.646,77.339,724,22,Clear,0,No,No,68,Very High
2026-05-02 01:30,Vaishali Ghaziabad,28.646,77.339,126,62,Cloudy,0,No,Yes,48,Low
2026-05-02 01:40,Botanical Garden,28.5636,77.334,489,11,Rain,19,Yes,No,26,Very High
2026-05-02 01:50,Akshardham Route,28.6127,77.2773,425,42,Clear,0,No,No,37,Low
2026-05-02 02:00,DND Flyway,28.5942,77.3053,666,11,Clear,0,Yes,No,53,Very High
2026-05-02 02:10,Sector 18 Noida,28.5706,77.324,663,26,Fog,0,No,Yes,26,Medium
2026-05-02 02:20,India Gate,28.6129,77.2295,397,32,Heavy Rain,8,No,Yes,65,Medium
2026-05-02 02:30,Karol Bagh,28.6519,77.1909,845,14,Fog,0,No,No,76,Very High
2026-05-02 02:40,Connaught Place,28.6315,77.2167,329,49,Clear,0,No,No,69,Low
2026-05-02 02:50,Dwarka Sector 21,28.5511,77.0565,787,6,Heavy Rain,12,No,Yes,89,Very High
2026-05-02 03:00,Pari Chowk,28.4671,77.503,787,18,Cloudy,0,No,No,34,Very High
2026-05-02 03:10,Pari Chowk,28.4671,77.503,423,27,Clear,0,Yes,No,69,Medium
2026-05-02 03:20,Sector 62 Noida,28.628,77.3649,835,15,Cloudy,0,No,Yes,83,Very High
2026-05-02 03:30,Greater Noida West,28.59,77.43,714,11,Rain,14,No,No,76,Very High
2026-05-02 03:40,Pari Chowk,28.4671,77.503,52,52,Fog,0,Yes,No,88,Low
2026-05-02 03:50,Cyber Hub Gurgaon,28.4959,77.0882,492,26,Heavy Rain,17,No,No,71,Medium
2026-05-02 04:00,Akshardham Route,28.6127,77.2773,530,35,Fog,0,No,No,49,Medium
2026-05-02 04:10,Sector 18 Noida,28.5706,77.324,545,22,Heavy Rain,4,No,Yes,16,High
2026-05-02 04:20,Vaishali Ghaziabad,28.646,77.339,316,22,Heavy Rain,15,Yes,Yes,18,High
2026-05-02 04:30,Lajpat Nagar,28.5677,77.243,464,13,Heavy Rain,3,Yes,No,70,Very High
2026-05-02 04:40,IGI Airport T3,28.5562,77.1,163,60,Fog,0,No,No,26,Low
2026-05-02 04:50,Lajpat Nagar,28.5677,77.243,199,57,Fog,0,No,No,76,Low
2026-05-02 05:00,Vaishali Ghaziabad,28.646,77.339,776,19,Cloudy,0,No,No,53,Very High
2026-05-02 05:10,Greater Noida West,28.59,77.43,687,5,Heavy Rain,13,Yes,Yes,18,Very High
2026-05-02 05:20,Sector 62 Noida,28.628,77.3649,900,10,Cloudy,0,No,Yes,84,Very High
2026-05-02 05:30,Connaught Place,28.6315,77.2167,770,19,Cloudy,0,No,No,57,Very High
2026-05-02 05:40,Akshardham Route,28.6127,77.2773,503,37,Fog,0,No,No,33,Medium
2026-05-02 05:50,Karol Bagh,28.6519,77.1909,842,5,Heavy Rain,9,No,Yes,75,Very High
2026-05-02 06:00,Lajpat Nagar,28.5677,77.243,188,31,Rain,9,Yes,No,39,Medium
2026-05-02 06:10,IGI Airport T3,28.5562,77.1,533,35,Cloudy,0,No,Yes,67,Medium
2026-05-02 06:20,Akshardham Route,28.6127,77.2773,657,27,Cloudy,0,No,No,96,Medium
2026-05-02 06:30,IGI Airport T3,28.5562,77.1,667,26,Fog,0,No,No,88,Medium
2026-05-02 06:40,Sector 62 Noida,28.628,77.3649,322,37,Heavy Rain,4,No,No,52,Medium
2026-05-02 06:50,Karol Bagh,28.6519,77.1909,442,29,Heavy Rain,9,No,Yes,80,Medium
2026-05-02 07:00,Botanical Garden,28.5636,77.334,222,44,Rain,16,No,Yes,12,Low
2026-05-02 07:10,India Gate,28.6129,77.2295,153,48,Heavy Rain,2,No,Yes,19,Low
2026-05-02 07:20,DND Flyway,28.5942,77.3053,548,34,Cloudy,0,No,Yes,82,Medium
2026-05-02 07:30,Dwarka Sector 21,28.5511,77.0565,501,37,Clear,0,No,No,93,Medium
2026-05-02 07:40,Greater Noida West,28.59,77.43,228,28,Heavy Rain,3,Yes,No,11,Medium
2026-05-02 07:50,Vaishali Ghaziabad,28.646,77.339,354,47,Fog,0,No,Yes,99,Low
2026-05-02 08:00,IGI Airport T3,28.5562,77.1,413,31,Heavy Rain,7,No,No,35,Medium
2026-05-02 08:10,Akshardham Route,28.6127,77.2773,828,5,Rain,7,No,No,86,Very High
2026-05-02 08:20,Sector 18 Noida,28.5706,77.324,609,18,Rain,4,No,No,65,High
2026-05-02 08:30,Connaught Place,28.6315,77.2167,590,31,Fog,0,No,No,10,Medium
2026-05-02 08:40,Vaishali Ghaziabad,28.646,77.339,702,12,Rain,3,No,No,51,Very High
2026-05-02 08:50,Pari Chowk,28.4671,77.503,647,27,Cloudy,0,No,No,60,Medium
2026-05-02 09:00,MG Road Gurgaon,28.4794,77.0806,247,54,Clear,0,No,No,53,Low
2026-05-02 09:10,Lajpat Nagar,28.5677,77.243,729,7,Cloudy,0,Yes,Yes,91,Very High
2026-05-02 09:20,Dwarka Sector 21,28.5511,77.0565,423,27,Cloudy,0,Yes,No,90,Medium
2026-05-02 09:30,Dwarka Sector 21,28.5511,77.0565,644,28,Cloudy,0,No,No,99,Medium
2026-05-02 09:40,Vaishali Ghaziabad,28.646,77.339,417,28,Clear,0,Yes,No,77,Medium
2026-05-02 09:50,Karol Bagh,28.6519,77.1909,854,14,Fog,0,No,No,91,Very High
2026-05-02 10:00,India Gate,28.6129,77.2295,265,53,Fog,0,No,No,27,Low
2026-05-02 10:10,Cyber Hub Gurgaon,28.4959,77.0882,856,5,Rain,18,Yes,Yes,97,Very High
2026-05-02 10:20,Vaishali Ghaziabad,28.646,77.339,465,39,Cloudy,0,No,No,19,Medium
2026-05-02 10:30,Cyber Hub Gurgaon,28.4959,77.0882,356,47,Clear,0,No,Yes,30,Low
2026-05-02 10:40,DND Flyway,28.5942,77.3053,767,19,Fog,0,No,No,86,Very High
2026-05-02 10:50,India Gate,28.6129,77.2295,434,42,Cloudy,0,No,No,77,Low
2026-05-02 11:00,IGI Airport T3,28.5562,77.1,739,21,Cloudy,0,No,No,32,Very High
2026-05-02 11:10,DND Flyway,28.5942,77.3053,358,32,Clear,0,Yes,No,16,Medium
2026-05-02 11:20,Botanical Garden,28.5636,77.334,438,41,Clear,0,No,Yes,92,Low
2026-05-02 11:30,India Gate,28.6129,77.2295,603,30,Clear,0,No,No,11,Medium
2026-05-02 11:40,Dwarka Sector 21,28.5511,77.0565,709,23,Cloudy,0,No,No,78,Very High
2026-05-02 11:50,Botanical Garden,28.5636,77.334,76,53,Heavy Rain,10,No,Yes,35,Low
2026-05-02 12:00,Botanical Garden,28.5636,77.334,164,60,Clear,0,No,No,57,Low
2026-05-02 12:10,Akshardham Route,28.6127,77.2773,323,49,Cloudy,0,No,No,44,Low
2026-05-02 12:20,Dwarka Sector 21,28.5511,77.0565,477,39,Cloudy,0,No,Yes,86,Medium
2026-05-02 12:30,Karol Bagh,28.6519,77.1909,477,24,Clear,0,Yes,No,39,High
2026-05-02 12:40,Dwarka Sector 21,28.5511,77.0565,816,16,Clear,0,No,Yes,70,Very High
2026-05-02 12:50,IGI Airport T3,28.5562,77.1,667,26,Cloudy,0,No,Yes,64,Medium
2026-05-02 13:00,Vaishali Ghaziabad,28.646,77.339,223,44,Rain,13,No,No,99,Low
2026-05-02 13:10,IGI Airport T3,28.5562,77.1,172,47,Heavy Rain,12,No,No,30,Low
2026-05-02 13:20,DND Flyway,28.5942,77.3053,708,5,Rain,16,Yes,Yes,66,Very High
2026-05-02 13:30,Connaught Place,28.6315,77.2167,252,54,Fog,0,No,No,86,Low
2026-05-02 13:40,Cyber Hub Gurgaon,28.4959,77.0882,363,34,Rain,3,No,Yes,30,Medium
2026-05-02 13:50,IGI Airport T3,28.5562,77.1,679,25,Fog,0,No,No,17,Medium
2026-05-02 14:00,Karol Bagh,28.6519,77.1909,184,58,Cloudy,0,No,No,50,Low
2026-05-02 14:10,Greater Noida West,28.59,77.43,348,47,Fog,0,No,No,15,Low
2026-05-02 14:20,Greater Noida West,28.59,77.43,778,7,Heavy Rain,18,No,No,34,Very High
2026-05-02 14:30,MG Road Gurgaon,28.4794,77.0806,97,37,Heavy Rain,18,Yes,No,72,Medium
2026-05-02 14:40,Greater Noida West,28.59,77.43,647,15,Rain,16,No,No,26,High
2026-05-02 14:50,Cyber Hub Gurgaon,28.4959,77.0882,271,37,Clear,0,Yes,No,86,Medium
2026-05-02 15:00,Pari Chowk,28.4671,77.503,335,33,Fog,0,Yes,No,22,Medium
2026-05-02 15:10,IGI Airport T3,28.5562,77.1,875,12,Fog,0,No,No,58,Very High
2026-05-02 15:20,MG Road Gurgaon,28.4794,77.0806,542,34,Cloudy,0,No,No,59,Medium
2026-05-02 15:30,MG Road Gurgaon,28.4794,77.0806,351,35,Rain,20,No,Yes,36,Medium
2026-05-02 15:40,Sector 62 Noida,28.628,77.3649,654,5,Rain,8,Yes,Yes,89,Very High
2026-05-02 15:50,India Gate,28.6129,77.2295,672,14,Heavy Rain,1,No,No,85,Very High
2026-05-02 16:00,Connaught Place,28.6315,77.2167,568,33,Fog,0,No,No,46,Medium
2026-05-02 16:10,Botanical Garden,28.5636,77.334,498,22,Clear,0,Yes,No,14,High
2026-05-02 16:20,Sector 62 Noida,28.628,77.3649,139,61,Clear,0,No,No,18,Low
2026-05-02 16:30,India Gate,28.6129,77.2295,380,30,Cloudy,0,Yes,No,30,Medium
2026-05-02 16:40,Sector 62 Noida,28.628,77.3649,352,20,Rain,17,Yes,No,30,High
2026-05-02 16:50,Sector 18 Noida,28.5706,77.324,355,47,Clear,0,No,No,72,Low
2026-05-02 17:00,Sector 62 Noida,28.628,77.3649,121,35,Heavy Rain,3,Yes,No,96,Medium
2026-05-02 17:10,Pari Chowk,28.4671,77.503,894,5,Rain,17,No,No,50,Very High
2026-05-02 17:20,DND Flyway,28.5942,77.3053,839,15,Cloudy,0,No,No,83,Very High
2026-05-02 17:30,Lajpat Nagar,28.5677,77.243,714,5,Rain,19,Yes,No,27,Very High
2026-05-02 17:40,Botanical Garden,28.5636,77.334,523,36,Cloudy,0,No,No,100,Medium
2026-05-02 17:50,Dwarka Sector 21,28.5511,77.0565,330,33,Cloudy,0,Yes,No,33,Medium
2026-05-02 18:00,Connaught Place,28.6315,77.2167,689,13,Heavy Rain,18,No,No,98,Very High
2026-05-02 18:10,Cyber Hub Gurgaon,28.4959,77.0882,470,39,Cloudy,0,No,No,56,Medium
2026-05-02 18:20,India Gate,28.6129,77.2295,162,48,Heavy Rain,3,No,Yes,71,Low
2026-05-02 18:30,Connaught Place,28.6315,77.2167,376,45,Cloudy,0,No,No,41,Low
2026-05-02 18:40,Sector 18 Noida,28.5706,77.324,265,53,Clear,0,No,Yes,99,Low
2026-05-02 18:50,DND Flyway,28.5942,77.3053,268,53,Clear,0,No,No,29,Low
2026-05-02 19:00,Vaishali Ghaziabad,28.646,77.339,483,23,Fog,0,Yes,No,82,High
2026-05-02 19:10,Connaught Place,28.6315,77.2167,252,42,Rain,17,No,No,23,Low
2026-05-02 19:20,India Gate,28.6129,77.2295,484,23,Clear,0,Yes,No,79,High
2026-05-02 19:30,Greater Noida West,28.59,77.43,218,56,Clear,0,No,No,18,Low
2026-05-02 19:40,India Gate,28.6129,77.2295,109,63,Clear,0,No,No,94,Low
2026-05-02 19:50,Connaught Place,28.6315,77.2167,54,55,Rain,13,No,No,72,Low
2026-05-02 20:00,Sector 62 Noida,28.628,77.3649,755,5,Cloudy,0,Yes,No,76,Very High
2026-05-02 20:10,Cyber Hub Gurgaon,28.4959,77.0882,506,10,Rain,2,Yes,No,55,Very High
2026-05-02 20:20,IGI Airport T3,28.5562,77.1,817,5,Fog,0,Yes,No,10,Very High
2026-05-02 20:30,Cyber Hub Gurgaon,28.4959,77.0882,776,19,Fog,0,No,No,62,Very High
2026-05-02 20:40,India Gate,28.6129,77.2295,713,23,Cloudy,0,No,No,83,Very High
2026-05-02 20:50,Lajpat Nagar,28.5677,77.243,124,62,Fog,0,No,No,93,Low
2026-05-02 21:00,Connaught Place,28.6315,77.2167,848,5,Heavy Rain,19,No,No,27,Very High
2026-05-02 21:10,India Gate,28.6129,77.2295,833,15,Fog,0,No,No,28,Very High
2026-05-02 21:20,Akshardham Route,28.6127,77.2773,778,7,Heavy Rain,12,No,No,38,Very High
2026-05-02 21:30,MG Road Gurgaon,28.4794,77.0806,786,18,Cloudy,0,No,No,55,Very High
2026-05-02 21:40,Botanical Garden,28.5636,77.334,849,14,Fog,0,No,No,11,Very High
2026-05-02 21:50,Botanical Garden,28.5636,77.334,253,42,Heavy Rain,1,No,No,87,Low
2026-05-02 22:00,MG Road Gurgaon,28.4794,77.0806,302,50,Cloudy,0,No,No,86,Low
2026-05-02 22:10,Akshardham Route,28.6127,77.2773,258,53,Fog,0,No,Yes,35,Low
2026-05-02 22:20,Sector 62 Noida,28.628,77.3649,270,52,Cloudy,0,No,Yes,29,Low
2026-05-02 22:30,Greater Noida West,28.59,77.43,81,53,Heavy Rain,3,No,No,48,Low
2026-05-02 22:40,Dwarka Sector 21,28.5511,77.0565,897,5,Fog,0,Yes,No,44,Very High
2026-05-02 22:50,Dwarka Sector 21,28.5511,77.0565,251,42,Rain,4,No,Yes,18,Low
2026-05-02 23:00,Vaishali Ghaziabad,28.646,77.339,286,51,Cloudy,0,No,Yes,66,Low
2026-05-02 23:10,Dwarka Sector 21,28.5511,77.0565,277,52,Clear,0,No,Yes,82,Low
2026-05-02 23:20,Cyber Hub Gurgaon,28.4959,77.0882,564,33,Clear,0,No,Yes,10,Medium
2026-05-02 23:30,Sector 62 Noida,28.628,77.3649,595,16,Cloudy,0,Yes,No,78,High
2026-05-02 23:40,Connaught Place,28.6315,77.2167,447,41,Fog,0,No,No,15,Low
2026-05-02 23:50,Botanical Garden,28.5636,77.334,898,11,Clear,0,No,No,81,Very High
2026-05-03 00:00,Cyber Hub Gurgaon,28.4959,77.0882,687,25,Cloudy,0,No,Yes,89,Medium
2026-05-03 00:10,DND Flyway,28.5942,77.3053,602,30,Cloudy,0,No,No,90,Medium
2026-05-03 00:20,Pari Chowk,28.4671,77.503,425,30,Heavy Rain,19,No,No,32,Medium
2026-05-03 00:30,Sector 62 Noida,28.628,77.3649,847,14,Cloudy,0,No,No,58,Very High
2026-05-03 00:40,Botanical Garden,28.5636,77.334,817,5,Rain,7,No,No,95,Very High
2026-05-03 00:50,Pari Chowk,28.4671,77.503,338,33,Cloudy,0,Yes,No,39,Medium
2026-05-03 01:00,Sector 62 Noida,28.628,77.3649,56,67,Clear,0,No,No,45,Low
2026-05-03 01:10,DND Flyway,28.5942,77.3053,805,5,Fog,0,Yes,Yes,23,Very High
2026-05-03 01:20,Greater Noida West,28.59,77.43,336,36,Heavy Rain,17,No,No,75,Medium
2026-05-03 01:30,IGI Airport T3,28.5562,77.1,831,5,Heavy Rain,18,No,No,12,Very High
2026-05-03 01:40,Sector 62 Noida,28.628,77.3649,782,5,Rain,4,Yes,Yes,55,Very High
2026-05-03 01:50,Connaught Place,28.6315,77.2167,688,10,Cloudy,0,Yes,No,31,Very High
2026-05-03 02:00,Botanical Garden,28.5636,77.334,150,48,Rain,15,No,No,64,Low
2026-05-03 02:10,Karol Bagh,28.6519,77.1909,478,24,Cloudy,0,Yes,No,18,High
2026-05-03 02:20,Sector 62 Noida,28.628,77.3649,633,28,Fog,0,No,No,23,Medium
2026-05-03 02:30,Karol Bagh,28.6519,77.1909,781,18,Fog,0,No,No,90,Very High
2026-05-03 02:40,Karol Bagh,28.6519,77.1909,677,5,Heavy Rain,6,Yes,No,80,Very High
2026-05-03 02:50,Lajpat Nagar,28.5677,77.243,707,11,Rain,18,No,No,40,Very High
2026-05-03 03:00,Botanical Garden,28.5636,77.334,480,38,Cloudy,0,No,No,46,Medium
2026-05-03 03:10,IGI Airport T3,28.5562,77.1,351,35,Rain,5,No,No,46,Medium
2026-05-03 03:20,Akshardham Route,28.6127,77.2773,518,21,Cloudy,0,Yes,Yes,34,High
2026-05-03 03:30,Akshardham Route,28.6127,77.2773,84,38,Rain,13,Yes,No,80,Medium
2026-05-03 03:40,Connaught Place,28.6315,77.2167,144,49,Rain,6,No,No,56,Low
2026-05-03 03:50,IGI Airport T3,28.5562,77.1,450,25,Clear,0,Yes,Yes,90,Medium
2026-05-03 04:00,Lajpat Nagar,28.5677,77.243,140,49,Heavy Rain,10,No,No,63,Low
2026-05-03 04:10,Karol Bagh,28.6519,77.1909,205,57,Fog,0,No,No,86,Low
2026-05-03 04:20,Cyber Hub Gurgaon,28.4959,77.0882,415,31,Rain,14,No,Yes,37,Medium
2026-05-03 04:30,Connaught Place,28.6315,77.2167,429,42,Cloudy,0,No,No,40,Low
2026-05-03 04:40,Botanical Garden,28.5636,77.334,540,34,Clear,0,No,No,37,Medium
2026-05-03 04:50,MG Road Gurgaon,28.4794,77.0806,620,17,Rain,17,No,No,63,High
2026-05-03 05:00,Greater Noida West,28.59,77.43,675,25,Cloudy,0,No,No,68,Medium
2026-05-03 05:10,Dwarka Sector 21,28.5511,77.0565,727,10,Heavy Rain,15,No,No,55,Very High
2026-05-03 05:20,IGI Airport T3,28.5562,77.1,884,12,Clear,0,No,No,44,Very High
2026-05-03 05:30,Greater Noida West,28.59,77.43,212,44,Rain,17,No,No,10,Low
2026-05-03 05:40,Akshardham Route,28.6127,77.2773,715,11,Heavy Rain,6,No,No,90,Very High
2026-05-03 05:50,MG Road Gurgaon,28.4794,77.0806,603,30,Cloudy,0,No,No,46,Medium
2026-05-03 06:00,Pari Chowk,28.4671,77.503,369,34,Rain,9,No,No,79,Medium
2026-05-03 06:10,India Gate,28.6129,77.2295,156,60,Clear,0,No,No,70,Low
2026-05-03 06:20,Pari Chowk,28.4671,77.503,167,47,Heavy Rain,18,No,No,66,Low
2026-05-03 06:30,Akshardham Route,28.6127,77.2773,748,21,Fog,0,No,Yes,100,Very High
2026-05-03 06:40,Sector 18 Noida,28.5706,77.324,308,38,Rain,9,No,Yes,68,Medium
2026-05-03 06:50,India Gate,28.6129,77.2295,54,55,Heavy Rain,7,No,No,39,Low
2026-05-03 07:00,Sector 62 Noida,28.628,77.3649,877,12,Cloudy,0,No,Yes,43,Very High
2026-05-03 07:10,Akshardham Route,28.6127,77.2773,179,59,Fog,0,No,No,34,Low
2026-05-03 07:20,Botanical Garden,28.5636,77.334,475,27,Rain,11,No,No,16,Medium
2026-05-03 07:30,Botanical Garden,28.5636,77.334,597,5,Rain,4,Yes,No,99,Very High
2026-05-03 07:40,Akshardham Route,28.6127,77.2773,522,24,Heavy Rain,14,No,No,55,High
2026-05-03 07:50,IGI Airport T3,28.5562,77.1,575,32,Fog,0,No,No,63,Medium
2026-05-03 08:00,DND Flyway,28.5942,77.3053,376,45,Fog,0,No,No,100,Low
2026-05-03 08:10,Greater Noida West,28.59,77.43,160,45,Fog,0,Yes,No,32,Low
2026-05-03 08:20,Pari Chowk,28.4671,77.503,136,61,Fog,0,No,No,96,Low
2026-05-03 08:30,Cyber Hub Gurgaon,28.4959,77.0882,763,8,Rain,14,No,Yes,45,Very High
2026-05-03 08:40,Akshardham Route,28.6127,77.2773,616,17,Rain,5,No,No,34,High
2026-05-03 08:50,Connaught Place,28.6315,77.2167,355,35,Heavy Rain,17,No,No,36,Medium
2026-05-03 09:00,Connaught Place,28.6315,77.2167,65,66,Cloudy,0,No,No,85,Low
2026-05-03 09:10,Lajpat Nagar,28.5677,77.243,568,33,Cloudy,0,No,No,91,Medium
2026-05-03 09:20,India Gate,28.6129,77.2295,729,7,Fog,0,Yes,No,12,Very High
2026-05-03 09:30,Cyber Hub Gurgaon,28.4959,77.0882,372,34,Heavy Rain,14,No,No,52,Medium
2026-05-03 09:40,India Gate,28.6129,77.2295,265,41,Rain,3,No,No,21,Low
2026-05-03 09:50,Lajpat Nagar,28.5677,77.243,739,6,Fog,0,Yes,Yes,75,Very High
2026-05-03 10:00,IGI Airport T3,28.5562,77.1,613,18,Rain,1,No,No,48,High
2026-05-03 10:10,MG Road Gurgaon,28.4794,77.0806,77,65,Cloudy,0,No,No,59,Low
2026-05-03 10:20,Pari Chowk,28.4671,77.503,176,59,Clear,0,No,Yes,39,Low
2026-05-03 10:30,DND Flyway,28.5942,77.3053,439,29,Rain,14,No,No,100,Medium
2026-05-03 10:40,Dwarka Sector 21,28.5511,77.0565,316,37,Heavy Rain,12,No,Yes,23,Medium
2026-05-03 10:50,Vaishali Ghaziabad,28.646,77.339,607,30,Cloudy,0,No,Yes,49,Medium
2026-05-03 11:00,Connaught Place,28.6315,77.2167,534,23,Rain,11,No,No,40,High
2026-05-03 11:10,Cyber Hub Gurgaon,28.4959,77.0882,248,54,Clear,0,No,No,59,Low
2026-05-03 11:20,Vaishali Ghaziabad,28.646,77.339,727,7,Cloudy,0,Yes,No,39,Very High
2026-05-03 11:30,Sector 62 Noida,28.628,77.3649,883,5,Heavy Rain,12,No,No,59,Very High
2026-05-03 11:40,Botanical Garden,28.5636,77.334,510,36,Cloudy,0,No,No,57,Medium
2026-05-03 11:50,Dwarka Sector 21,28.5511,77.0565,550,19,Clear,0,Yes,No,69,High
2026-05-03 12:00,MG Road Gurgaon,28.4794,77.0806,549,19,Clear,0,Yes,No,85,High
2026-05-03 12:10,Sector 62 Noida,28.628,77.3649,108,63,Cloudy,0,No,No,97,Low
2026-05-03 12:20,Pari Chowk,28.4671,77.503,768,19,Clear,0,No,No,60,Very High
2026-05-03 12:30,Cyber Hub Gurgaon,28.4959,77.0882,850,5,Rain,8,No,Yes,75,Very High
2026-05-03 12:40,Dwarka Sector 21,28.5511,77.0565,644,16,Heavy Rain,1,No,No,81,High
2026-05-03 12:50,MG Road Gurgaon,28.4794,77.0806,799,17,Fog,0,No,No,100,Very High
2026-05-03 13:00,Karol Bagh,28.6519,77.1909,703,12,Rain,7,No,No,52,Very High
2026-05-03 13:10,India Gate,28.6129,77.2295,796,5,Rain,14,No,No,75,Very High
2026-05-03 13:20,Akshardham Route,28.6127,77.2773,431,42,Cloudy,0,No,No,63,Low
2026-05-03 13:30,Connaught Place,28.6315,77.2167,407,43,Clear,0,No,No,64,Low
2026-05-03 13:40,DND Flyway,28.5942,77.3053,222,56,Clear,0,No,No,58,Low
2026-05-03 13:50,Karol Bagh,28.6519,77.1909,158,33,Rain,17,Yes,No,34,Medium
2026-05-03 14:00,Akshardham Route,28.6127,77.2773,514,21,Fog,0,Yes,No,60,High
2026-05-03 14:10,India Gate,28.6129,77.2295,567,6,Heavy Rain,16,Yes,No,32,Very High
2026-05-03 14:20,Sector 18 Noida,28.5706,77.324,424,27,Clear,0,Yes,No,90,Medium
2026-05-03 14:30,Greater Noida West,28.59,77.43,197,45,Heavy Rain,14,No,No,32,Low
2026-05-03 14:40,Karol Bagh,28.6519,77.1909,712,23,Clear,0,No,No,76,Very High
2026-05-03 14:50,Cyber Hub Gurgaon,28.4959,77.0882,710,11,Rain,11,No,Yes,94,Very High
2026-05-03 15:00,Botanical Garden,28.5636,77.334,598,31,Fog,0,No,No,80,Medium
2026-05-03 15:10,Karol Bagh,28.6519,77.1909,228,55,Cloudy,0,No,Yes,72,Low
2026-05-03 15:20,Akshardham Route,28.6127,77.2773,546,34,Fog,0,No,No,79,Medium
2026-05-03 15:30,Lajpat Nagar,28.5677,77.243,259,53,Fog,0,No,Yes,84,Low
2026-05-03 15:40,Vaishali Ghaziabad,28.646,77.339,760,20,Fog,0,No,No,29,Very High
2026-05-03 15:50,DND Flyway,28.5942,77.3053,186,58,Cloudy,0,No,No,15,Low
2026-05-03 16:00,IGI Airport T3,28.5562,77.1,865,13,Clear,0,No,No,38,Very High
2026-05-03 16:10,Connaught Place,28.6315,77.2167,130,35,Rain,18,Yes,No,78,Medium
2026-05-03 16:20,India Gate,28.6129,77.2295,154,48,Rain,1,No,No,75,Low
2026-05-03 16:30,Botanical Garden,28.5636,77.334,815,16,Clear,0,No,No,30,Very High
2026-05-03 16:40,DND Flyway,28.5942,77.3053,355,35,Heavy Rain,7,No,No,51,Medium
2026-05-03 16:50,MG Road Gurgaon,28.4794,77.0806,857,5,Heavy Rain,7,Yes,No,73,Very High
2026-05-03 17:00,Karol Bagh,28.6519,77.1909,204,45,Rain,15,No,No,33,Low
2026-05-03 17:10,Sector 62 Noida,28.628,77.3649,853,14,Clear,0,No,No,88,Very High
2026-05-03 17:20,India Gate,28.6129,77.2295,111,63,Cloudy,0,No,Yes,48,Low
2026-05-03 17:30,Greater Noida West,28.59,77.43,342,48,Clear,0,No,No,10,Low
2026-05-03 17:40,India Gate,28.6129,77.2295,75,53,Heavy Rain,8,No,No,40,Low
2026-05-03 17:50,Greater Noida West,28.59,77.43,479,39,Clear,0,No,No,44,Medium
2026-05-03 18:00,Vaishali Ghaziabad,28.646,77.339,446,14,Heavy Rain,14,Yes,No,25,Very High
2026-05-03 18:10,IGI Airport T3,28.5562,77.1,180,31,Rain,14,Yes,No,74,Medium
2026-05-03 18:20,Botanical Garden,28.5636,77.334,238,55,Cloudy,0,No,No,56,Low
2026-05-03 18:30,Dwarka Sector 21,28.5511,77.0565,315,49,Clear,0,No,No,40,Low
2026-05-03 18:40,Pari Chowk,28.4671,77.503,254,54,Clear,0,No,No,22,Low
2026-05-03 18:50,Sector 62 Noida,28.628,77.3649,533,23,Rain,4,No,No,62,High
2026-05-03 19:00,MG Road Gurgaon,28.4794,77.0806,688,10,Clear,0,Yes,Yes,48,Very High
2026-05-03 19:10,MG Road Gurgaon,28.4794,77.0806,762,8,Heavy Rain,1,No,No,13,Very High
2026-05-03 19:20,Dwarka Sector 21,28.5511,77.0565,573,32,Cloudy,0,No,No,48,Medium
2026-05-03 19:30,Dwarka Sector 21,28.5511,77.0565,495,25,Heavy Rain,8,No,No,25,Medium
2026-05-03 19:40,Pari Chowk,28.4671,77.503,750,20,Clear,0,No,No,37,Very High
2026-05-03 19:50,DND Flyway,28.5942,77.3053,206,57,Fog,0,No,No,25,Low
2026-05-03 20:00,Greater Noida West,28.59,77.43,860,5,Rain,8,No,No,15,Very High
2026-05-03 20:10,Lajpat Nagar,28.5677,77.243,91,64,Clear,0,No,No,20,Low
2026-05-03 20:20,India Gate,28.6129,77.2295,216,29,Rain,17,Yes,Yes,89,Medium
2026-05-03 20:30,Lajpat Nagar,28.5677,77.243,582,17,Fog,0,Yes,No,88,High
2026-05-03 20:40,Sector 18 Noida,28.5706,77.324,764,20,Clear,0,No,No,40,Very High
2026-05-03 20:50,Karol Bagh,28.6519,77.1909,864,13,Clear,0,No,Yes,33,Very High
2026-05-03 21:00,Sector 18 Noida,28.5706,77.324,625,29,Clear,0,No,No,84,Medium
2026-05-03 21:10,Cyber Hub Gurgaon,28.4959,77.0882,773,19,Clear,0,No,No,20,Very High
2026-05-03 21:20,Cyber Hub Gurgaon,28.4959,77.0882,553,34,Fog,0,No,No,44,Medium
2026-05-03 21:30,DND Flyway,28.5942,77.3053,639,28,Clear,0,No,No,83,Medium
2026-05-03 21:40,Dwarka Sector 21,28.5511,77.0565,196,45,Heavy Rain,16,No,No,73,Low
2026-05-03 21:50,Pari Chowk,28.4671,77.503,616,5,Rain,15,Yes,Yes,37,Very High
2026-05-03 22:00,Akshardham Route,28.6127,77.2773,107,51,Heavy Rain,19,No,Yes,88,Low
2026-05-03 22:10,Karol Bagh,28.6519,77.1909,714,23,Clear,0,No,No,22,Very High
2026-05-03 22:20,MG Road Gurgaon,28.4794,77.0806,453,25,Clear,0,Yes,No,31,Medium
2026-05-03 22:30,Cyber Hub Gurgaon,28.4959,77.0882,503,22,Fog,0,Yes,Yes,82,High
2026-05-03 22:40,Akshardham Route,28.6127,77.2773,272,52,Fog,0,No,Yes,83,Low
2026-05-03 22:50,Lajpat Nagar,28.5677,77.243,257,26,Heavy Rain,4,Yes,No,71,Medium
2026-05-03 23:00,Vaishali Ghaziabad,28.646,77.339,602,30,Clear,0,No,Yes,51,Medium
2026-05-03 23:10,Sector 62 Noida,28.628,77.3649,482,38,Clear,0,No,No,50,Medium
2026-05-03 23:20,DND Flyway,28.5942,77.3053,198,42,Fog,0,Yes,No,70,Low
2026-05-03 23:30,Greater Noida West,28.59,77.43,706,11,Rain,18,No,Yes,65,Very High
2026-05-03 23:40,MG Road Gurgaon,28.4794,77.0806,331,48,Cloudy,0,No,No,51,Low
2026-05-03 23:50,Greater Noida West,28.59,77.43,702,12,Rain,7,No,No,55,Very High
2026-05-04 00:00,Dwarka Sector 21,28.5511,77.0565,738,21,Cloudy,0,No,Yes,29,Very High
2026-05-04 00:10,Botanical Garden,28.5636,77.334,481,38,Cloudy,0,No,Yes,67,Medium
2026-05-04 00:20,Botanical Garden,28.5636,77.334,334,36,Heavy Rain,18,No,No,18,Medium
2026-05-04 00:30,Vaishali Ghaziabad,28.646,77.339,467,39,Cloudy,0,No,No,22,Medium
2026-05-04 00:40,Pari Chowk,28.4671,77.503,170,44,Clear,0,Yes,Yes,60,Low
2026-05-04 00:50,Dwarka Sector 21,28.5511,77.0565,684,13,Heavy Rain,3,No,No,99,Very High
2026-05-04 01:00,Cyber Hub Gurgaon,28.4959,77.0882,432,42,Clear,0,No,Yes,54,Low
2026-05-04 01:10,Pari Chowk,28.4671,77.503,255,38,Cloudy,0,Yes,Yes,12,Medium
2026-05-04 01:20,MG Road Gurgaon,28.4794,77.0806,190,58,Clear,0,No,No,97,Low
2026-05-04 01:30,Karol Bagh,28.6519,77.1909,465,39,Fog,0,No,No,62,Medium
2026-05-04 01:40,Karol Bagh,28.6519,77.1909,253,42,Rain,5,No,Yes,50,Low
2026-05-04 01:50,Pari Chowk,28.4671,77.503,434,27,Cloudy,0,Yes,No,83,Medium
2026-05-04 02:00,Lajpat Nagar,28.5677,77.243,732,22,Clear,0,No,Yes,24,Very High
2026-05-04 02:10,Karol Bagh,28.6519,77.1909,262,53,Fog,0,No,No,58,Low
2026-05-04 02:20,Dwarka Sector 21,28.5511,77.0565,834,15,Fog,0,No,No,45,Very High
2026-05-04 02:30,Cyber Hub Gurgaon,28.4959,77.0882,782,18,Fog,0,No,No,96,Very High
2026-05-04 02:40,Vaishali Ghaziabad,28.646,77.339,872,12,Fog,0,No,No,91,Very High
2026-05-04 02:50,Botanical Garden,28.5636,77.334,541,34,Cloudy,0,No,Yes,78,Medium
2026-05-04 03:00,MG Road Gurgaon,28.4794,77.0806,297,39,Rain,11,No,No,67,Medium
2026-05-04 03:10,Lajpat Nagar,28.5677,77.243,61,39,Heavy Rain,18,Yes,No,96,Medium
2026-05-04 03:20,India Gate,28.6129,77.2295,675,10,Fog,0,Yes,No,72,Very High
2026-05-04 03:30,Connaught Place,28.6315,77.2167,609,18,Heavy Rain,14,No,No,61,High
2026-05-04 03:40,Connaught Place,28.6315,77.2167,717,11,Rain,20,No,No,87,Very High
2026-05-04 03:50,Botanical Garden,28.5636,77.334,507,25,Heavy Rain,18,No,No,59,Medium
2026-05-04 04:00,Connaught Place,28.6315,77.2167,426,30,Heavy Rain,17,No,No,25,Medium
2026-05-04 04:10,IGI Airport T3,28.5562,77.1,684,5,Heavy Rain,1,Yes,No,61,Very High
2026-05-04 04:20,India Gate,28.6129,77.2295,582,20,Heavy Rain,3,No,No,89,High
2026-05-04 04:30,Karol Bagh,28.6519,77.1909,674,26,Cloudy,0,No,No,95,Medium
2026-05-04 04:40,Pari Chowk,28.4671,77.503,158,60,Fog,0,No,No,53,Low
2026-05-04 04:50,MG Road Gurgaon,28.4794,77.0806,851,14,Clear,0,No,Yes,82,Very High
2026-05-04 05:00,Akshardham Route,28.6127,77.2773,269,53,Fog,0,No,No,27,Low
2026-05-04 05:10,Akshardham Route,28.6127,77.2773,553,34,Cloudy,0,No,Yes,84,Medium
2026-05-04 05:20,Pari Chowk,28.4671,77.503,633,16,Heavy Rain,4,No,No,27,High
2026-05-04 05:30,Sector 18 Noida,28.5706,77.324,627,17,Rain,2,No,No,54,High
2026-05-04 05:40,Botanical Garden,28.5636,77.334,162,48,Rain,17,No,Yes,72,Low
2026-05-04 05:50,Dwarka Sector 21,28.5511,77.0565,406,28,Fog,0,Yes,No,13,Medium
2026-05-04 06:00,Cyber Hub Gurgaon,28.4959,77.0882,196,30,Heavy Rain,1,Yes,Yes,44,Medium
2026-05-04 06:10,Greater Noida West,28.59,77.43,423,30,Rain,5,No,No,77,Medium
2026-05-04 06:20,Lajpat Nagar,28.5677,77.243,778,19,Fog,0,No,No,89,Very High
2026-05-04 06:30,Pari Chowk,28.4671,77.503,358,47,Clear,0,No,No,48,Low
2026-05-04 06:40,Cyber Hub Gurgaon,28.4959,77.0882,254,54,Clear,0,No,Yes,94,Low
2026-05-04 06:50,Karol Bagh,28.6519,77.1909,70,39,Heavy Rain,17,Yes,No,82,Medium
2026-05-04 07:00,Botanical Garden,28.5636,77.334,682,10,Cloudy,0,Yes,No,21,Very High
2026-05-04 07:10,DND Flyway,28.5942,77.3053,268,41,Heavy Rain,6,No,No,17,Low
2026-05-04 07:20,Karol Bagh,28.6519,77.1909,706,23,Cloudy,0,No,No,86,Very High
2026-05-04 07:30,Karol Bagh,28.6519,77.1909,835,5,Rain,9,No,No,15,Very High
2026-05-04 07:40,Lajpat Nagar,28.5677,77.243,64,66,Cloudy,0,No,Yes,46,Low
2026-05-04 07:50,Vaishali Ghaziabad,28.646,77.339,90,64,Fog,0,No,No,22,Low
2026-05-04 08:00,Sector 62 Noida,28.628,77.3649,301,23,Rain,13,Yes,No,76,High
2026-05-04 08:10,Karol Bagh,28.6519,77.1909,165,32,Heavy Rain,13,Yes,No,32,Medium
2026-05-04 08:20,DND Flyway,28.5942,77.3053,664,26,Fog,0,No,Yes,30,Medium
2026-05-04 08:30,Lajpat Nagar,28.5677,77.243,579,32,Clear,0,No,No,46,Medium
2026-05-04 08:40,Lajpat Nagar,28.5677,77.243,202,57,Cloudy,0,No,No,16,Low
2026-05-04 08:50,Connaught Place,28.6315,77.2167,792,6,Rain,9,No,No,68,Very High
2026-05-04 09:00,Cyber Hub Gurgaon,28.4959,77.0882,616,17,Rain,10,No,No,96,High
2026-05-04 09:10,Cyber Hub Gurgaon,28.4959,77.0882,824,16,Cloudy,0,No,No,48,Very High
2026-05-04 09:20,Greater Noida West,28.59,77.43,293,36,Fog,0,Yes,No,47,Medium
2026-05-04 09:30,Vaishali Ghaziabad,28.646,77.339,895,11,Fog,0,No,No,12,Very High
2026-05-04 09:40,Dwarka Sector 21,28.5511,77.0565,562,33,Cloudy,0,No,No,22,Medium
2026-05-04 09:50,Akshardham Route,28.6127,77.2773,423,42,Cloudy,0,No,No,60,Low
2026-05-04 10:00,Lajpat Nagar,28.5677,77.243,94,52,Heavy Rain,2,No,No,97,Low
2026-05-04 10:10,Sector 62 Noida,28.628,77.3649,866,13,Fog,0,No,No,40,Very High
2026-05-04 10:20,Sector 62 Noida,28.628,77.3649,807,5,Heavy Rain,18,No,No,36,Very High
2026-05-04 10:30,Akshardham Route,28.6127,77.2773,725,10,Rain,10,No,Yes,39,Very High
2026-05-04 10:40,Greater Noida West,28.59,77.43,256,53,Fog,0,No,Yes,99,Low
2026-05-04 10:50,DND Flyway,28.5942,77.3053,220,56,Clear,0,No,Yes,15,Low
2026-05-04 11:00,Akshardham Route,28.6127,77.2773,411,31,Heavy Rain,18,No,No,97,Medium
2026-05-04 11:10,Vaishali Ghaziabad,28.646,77.339,96,64,Cloudy,0,No,No,23,Low
2026-05-04 11:20,Pari Chowk,28.4671,77.503,205,57,Clear,0,No,Yes,85,Low
2026-05-04 11:30,Sector 62 Noida,28.628,77.3649,638,5,Heavy Rain,15,Yes,No,87,Very High
2026-05-04 11:40,Lajpat Nagar,28.5677,77.243,125,50,Rain,16,No,No,21,Low
2026-05-04 11:50,Akshardham Route,28.6127,77.2773,113,63,Cloudy,0,No,No,66,Low
2026-05-04 12:00,Lajpat Nagar,28.5677,77.243,193,58,Clear,0,No,No,12,Low
2026-05-04 12:10,Greater Noida West,28.59,77.43,726,22,Clear,0,No,No,100,Very High
2026-05-04 12:20,DND Flyway,28.5942,77.3053,572,17,Cloudy,0,Yes,Yes,37,High
2026-05-04 12:30,IGI Airport T3,28.5562,77.1,160,60,Cloudy,0,No,Yes,92,Low
2026-05-04 12:40,IGI Airport T3,28.5562,77.1,886,5,Fog,0,Yes,No,68,Very High
2026-05-04 12:50,Sector 62 Noida,28.628,77.3649,369,46,Cloudy,0,No,No,64,Low
2026-05-04 13:00,IGI Airport T3,28.5562,77.1,807,17,Fog,0,No,No,100,Very High
2026-05-04 13:10,Cyber Hub Gurgaon,28.4959,77.0882,181,58,Cloudy,0,No,No,27,Low
2026-05-04 13:20,Pari Chowk,28.4671,77.503,860,13,Clear,0,No,Yes,15,Very High
2026-05-04 13:30,Greater Noida West,28.59,77.43,414,28,Fog,0,Yes,No,69,Medium
2026-05-04 13:40,Connaught Place,28.6315,77.2167,186,58,Clear,0,No,No,20,Low
2026-05-04 13:50,Sector 62 Noida,28.628,77.3649,551,34,Fog,0,No,No,10,Medium
2026-05-04 14:00,IGI Airport T3,28.5562,77.1,899,11,Clear,0,No,No,28,Very High
2026-05-04 14:10,Vaishali Ghaziabad,28.646,77.339,583,20,Rain,4,No,Yes,58,High
2026-05-04 14:20,Akshardham Route,28.6127,77.2773,795,17,Fog,0,No,Yes,21,Very High
2026-05-04 14:30,Karol Bagh,28.6519,77.1909,389,18,Rain,11,Yes,No,55,High
2026-05-04 14:40,Sector 18 Noida,28.5706,77.324,501,25,Rain,12,No,No,44,Medium
2026-05-04 14:50,Sector 62 Noida,28.628,77.3649,240,54,Fog,0,No,No,85,Low
2026-05-04 15:00,Sector 62 Noida,28.628,77.3649,729,22,Cloudy,0,No,No,25,Very High
2026-05-04 15:10,Pari Chowk,28.4671,77.503,382,33,Heavy Rain,5,No,No,32,Medium
2026-05-04 15:20,Akshardham Route,28.6127,77.2773,164,48,Rain,14,No,No,80,Low
2026-05-04 15:30,Vaishali Ghaziabad,28.646,77.339,586,31,Fog,0,No,No,42,Medium
2026-05-04 15:40,Connaught Place,28.6315,77.2167,176,44,Fog,0,Yes,No,29,Low
2026-05-04 15:50,Connaught Place,28.6315,77.2167,754,20,Fog,0,No,No,13,Very High
2026-05-04 16:00,Lajpat Nagar,28.5677,77.243,364,31,Fog,0,Yes,No,18,Medium
2026-05-04 16:10,Akshardham Route,28.6127,77.2773,389,45,Cloudy,0,No,Yes,100,Low
2026-05-04 16:20,Sector 62 Noida,28.628,77.3649,217,44,Rain,11,No,No,57,Low
2026-05-04 16:30,Cyber Hub Gurgaon,28.4959,77.0882,450,40,Clear,0,No,No,14,Low
2026-05-04 16:40,Connaught Place,28.6315,77.2167,688,5,Rain,8,Yes,No,30,Very High
2026-05-04 16:50,Pari Chowk,28.4671,77.503,643,28,Cloudy,0,No,Yes,85,Medium
2026-05-04 17:00,Connaught Place,28.6315,77.2167,460,40,Fog,0,No,No,89,Low
2026-05-04 17:10,Pari Chowk,28.4671,77.503,725,10,Heavy Rain,18,No,No,63,Very High
2026-05-04 17:20,Greater Noida West,28.59,77.43,866,5,Rain,9,Yes,No,10,Very High
2026-05-04 17:30,Greater Noida West,28.59,77.43,570,32,Cloudy,0,No,Yes,27,Medium
2026-05-04 17:40,IGI Airport T3,28.5562,77.1,310,50,Fog,0,No,No,98,Low
2026-05-04 17:50,India Gate,28.6129,77.2295,321,49,Clear,0,No,Yes,21,Low
2026-05-04 18:00,Cyber Hub Gurgaon,28.4959,77.0882,460,13,Heavy Rain,17,Yes,No,68,Very High
2026-05-04 18:10,Botanical Garden,28.5636,77.334,698,24,Fog,0,No,Yes,27,High
2026-05-04 18:20,Greater Noida West,28.59,77.43,781,5,Cloudy,0,Yes,No,69,Very High
2026-05-04 18:30,Connaught Place,28.6315,77.2167,176,59,Fog,0,No,No,33,Low
2026-05-04 18:40,MG Road Gurgaon,28.4794,77.0806,319,34,Clear,0,Yes,No,33,Medium
2026-05-04 18:50,Vaishali Ghaziabad,28.646,77.339,501,25,Rain,11,No,Yes,26,Medium
2026-05-04 19:00,Lajpat Nagar,28.5677,77.243,237,43,Heavy Rain,5,No,No,91,Low
2026-05-04 19:10,Greater Noida West,28.59,77.43,105,48,Cloudy,0,Yes,No,56,Low
2026-05-04 19:20,DND Flyway,28.5942,77.3053,497,25,Heavy Rain,18,No,Yes,80,Medium
2026-05-04 19:30,Karol Bagh,28.6519,77.1909,484,38,Clear,0,No,No,96,Medium
2026-05-04 19:40,Vaishali Ghaziabad,28.646,77.339,819,5,Heavy Rain,3,No,Yes,21,Very High
2026-05-04 19:50,Sector 62 Noida,28.628,77.3649,677,13,Rain,4,No,No,28,Very High
2026-05-04 20:00,India Gate,28.6129,77.2295,153,33,Rain,8,Yes,No,23,Medium
2026-05-04 20:10,Botanical Garden,28.5636,77.334,740,6,Clear,0,Yes,No,29,Very High
2026-05-04 20:20,Botanical Garden,28.5636,77.334,809,5,Fog,0,Yes,No,21,Very High
2026-05-04 20:30,Botanical Garden,28.5636,77.334,346,47,Cloudy,0,No,No,74,Low
2026-05-04 20:40,Karol Bagh,28.6519,77.1909,663,14,Heavy Rain,7,No,No,17,Very High
2026-05-04 20:50,Karol Bagh,28.6519,77.1909,161,33,Rain,5,Yes,Yes,27,Medium
2026-05-04 21:00,IGI Airport T3,28.5562,77.1,360,31,Cloudy,0,Yes,Yes,88,Medium
2026-05-04 21:10,DND Flyway,28.5942,77.3053,73,54,Rain,15,No,Yes,79,Low
2026-05-04 21:20,Sector 18 Noida,28.5706,77.324,534,35,Fog,0,No,Yes,91,Medium
2026-05-04 21:30,IGI Airport T3,28.5562,77.1,655,15,Heavy Rain,12,No,Yes,97,High
2026-05-04 21:40,Lajpat Nagar,28.5677,77.243,176,47,Heavy Rain,6,No,Yes,98,Low
2026-05-04 21:50,Dwarka Sector 21,28.5511,77.0565,188,43,Fog,0,Yes,No,95,Low
2026-05-04 22:00,Sector 62 Noida,28.628,77.3649,202,57,Clear,0,No,No,68,Low
2026-05-04 22:10,Dwarka Sector 21,28.5511,77.0565,266,41,Heavy Rain,3,No,No,76,Low
2026-05-04 22:20,DND Flyway,28.5942,77.3053,524,21,Cloudy,0,Yes,No,66,High
2026-05-04 22:30,IGI Airport T3,28.5562,77.1,899,11,Cloudy,0,No,No,38,Very High
2026-05-04 22:40,Connaught Place,28.6315,77.2167,892,5,Rain,19,No,No,71,Very High
2026-05-04 22:50,Sector 62 Noida,28.628,77.3649,95,64,Cloudy,0,No,No,59,Low
2026-05-04 23:00,Sector 18 Noida,28.5706,77.324,810,16,Fog,0,No,No,42,Very High
2026-05-04 23:10,Sector 18 Noida,28.5706,77.324,338,21,Heavy Rain,7,Yes,No,36,High
2026-05-04 23:20,DND Flyway,28.5942,77.3053,91,49,Clear,0,Yes,No,88,Low
2026-05-04 23:30,DND Flyway,28.5942,77.3053,156,48,Rain,13,No,No,65,Low
2026-05-04 23:40,Sector 62 Noida,28.628,77.3649,269,53,Cloudy,0,No,Yes,61,Low
2026-05-04 23:50,Sector 18 Noida,28.5706,77.324,304,38,Heavy Rain,19,No,Yes,10,Medium
2026-05-05 00:00,Pari Chowk,28.4671,77.503,824,16,Clear,0,No,No,99,Very High
2026-05-05 00:10,Connaught Place,28.6315,77.2167,822,5,Cloudy,0,Yes,No,61,Very High
2026-05-05 00:20,Vaishali Ghaziabad,28.646,77.339,449,41,Fog,0,No,No,41,Low
2026-05-05 00:30,Karol Bagh,28.6519,77.1909,108,63,Clear,0,No,No,58,Low
2026-05-05 00:40,Karol Bagh,28.6519,77.1909,533,35,Cloudy,0,No,Yes,51,Medium
2026-05-05 00:50,Botanical Garden,28.5636,77.334,821,16,Clear,0,No,No,50,Very High
2026-05-05 01:00,Sector 18 Noida,28.5706,77.324,191,58,Fog,0,No,No,34,Low
2026-05-05 01:10,Karol Bagh,28.6519,77.1909,62,66,Cloudy,0,No,No,79,Low
2026-05-05 01:20,Vaishali Ghaziabad,28.646,77.339,224,44,Rain,5,No,Yes,82,Low
2026-05-05 01:30,Pari Chowk,28.4671,77.503,731,22,Clear,0,No,Yes,63,Very High
2026-05-05 01:40,Akshardham Route,28.6127,77.2773,380,45,Cloudy,0,No,No,52,Low
2026-05-05 01:50,Dwarka Sector 21,28.5511,77.0565,336,36,Rain,16,No,No,50,Medium
2026-05-05 02:00,Sector 18 Noida,28.5706,77.324,296,36,Clear,0,Yes,No,70,Medium
2026-05-05 02:10,MG Road Gurgaon,28.4794,77.0806,719,23,Clear,0,No,No,23,Very High
2026-05-05 02:20,Connaught Place,28.6315,77.2167,820,5,Heavy Rain,4,No,No,69,Very High
2026-05-05 02:30,Lajpat Nagar,28.5677,77.243,390,32,Heavy Rain,5,No,No,100,Medium
2026-05-05 02:40,Sector 62 Noida,28.628,77.3649,301,35,Cloudy,0,Yes,No,58,Medium
2026-05-05 02:50,Connaught Place,28.6315,77.2167,775,5,Rain,8,Yes,Yes,27,Very High
2026-05-05 03:00,Sector 18 Noida,28.5706,77.324,118,63,Clear,0,No,No,90,Low
2026-05-05 03:10,Connaught Place,28.6315,77.2167,802,17,Fog,0,No,No,70,Very High
2026-05-05 03:20,Akshardham Route,28.6127,77.2773,574,17,Clear,0,Yes,Yes,97,High
2026-05-05 03:30,IGI Airport T3,28.5562,77.1,723,22,Fog,0,No,No,36,Very High
2026-05-05 03:40,Sector 18 Noida,28.5706,77.324,604,30,Fog,0,No,No,38,Medium
2026-05-05 03:50,MG Road Gurgaon,28.4794,77.0806,587,19,Heavy Rain,9,No,Yes,61,High
2026-05-05 04:00,Sector 18 Noida,28.5706,77.324,217,29,Rain,13,Yes,No,28,Medium
2026-05-05 04:10,Dwarka Sector 21,28.5511,77.0565,101,52,Rain,6,No,Yes,43,Low
2026-05-05 04:20,Cyber Hub Gurgaon,28.4959,77.0882,233,43,Heavy Rain,18,No,No,79,Low
2026-05-05 04:30,Vaishali Ghaziabad,28.646,77.339,480,11,Rain,18,Yes,No,22,Very High
2026-05-05 04:40,DND Flyway,28.5942,77.3053,646,12,Fog,0,Yes,No,17,Very High
2026-05-05 04:50,Pari Chowk,28.4671,77.503,863,5,Rain,9,No,No,93,Very High
2026-05-05 05:00,Akshardham Route,28.6127,77.2773,455,40,Fog,0,No,No,78,Low
2026-05-05 05:10,India Gate,28.6129,77.2295,348,47,Fog,0,No,No,42,Low
2026-05-05 05:20,India Gate,28.6129,77.2295,269,26,Rain,9,Yes,No,46,Medium
2026-05-05 05:30,Karol Bagh,28.6519,77.1909,678,13,Rain,8,No,No,86,Very High
2026-05-05 05:40,India Gate,28.6129,77.2295,646,15,Rain,2,No,Yes,92,High
2026-05-05 05:50,Sector 18 Noida,28.5706,77.324,52,40,Rain,9,Yes,Yes,89,Low
2026-05-05 06:00,Sector 62 Noida,28.628,77.3649,454,40,Cloudy,0,No,No,41,Low
2026-05-05 06:10,MG Road Gurgaon,28.4794,77.0806,856,13,Fog,0,No,No,78,Very High
2026-05-05 06:20,Sector 18 Noida,28.5706,77.324,770,19,Cloudy,0,No,No,41,Very High
2026-05-05 06:30,Cyber Hub Gurgaon,28.4959,77.0882,296,51,Cloudy,0,No,Yes,55,Low
2026-05-05 06:40,MG Road Gurgaon,28.4794,77.0806,717,23,Fog,0,No,No,48,Very High
2026-05-05 06:50,Dwarka Sector 21,28.5511,77.0565,564,21,Heavy Rain,1,No,No,63,High
2026-05-05 07:00,Greater Noida West,28.59,77.43,837,5,Rain,18,No,Yes,14,Very High
2026-05-05 07:10,Karol Bagh,28.6519,77.1909,264,41,Rain,8,No,No,71,Low
2026-05-05 07:20,IGI Airport T3,28.5562,77.1,742,21,Fog,0,No,No,90,Very High
2026-05-05 07:30,Connaught Place,28.6315,77.2167,345,47,Cloudy,0,No,No,32,Low
2026-05-05 07:40,IGI Airport T3,28.5562,77.1,413,43,Cloudy,0,No,No,34,Low
2026-05-05 07:50,Lajpat Nagar,28.5677,77.243,137,49,Rain,19,No,No,95,Low
2026-05-05 08:00,Akshardham Route,28.6127,77.2773,447,29,Heavy Rain,8,No,No,43,Medium
2026-05-05 08:10,Connaught Place,28.6315,77.2167,881,5,Rain,18,Yes,No,79,Very High
2026-05-05 08:20,Cyber Hub Gurgaon,28.4959,77.0882,224,56,Fog,0,No,Yes,37,Low
2026-05-05 08:30,MG Road Gurgaon,28.4794,77.0806,218,44,Heavy Rain,15,No,No,91,Low
2026-05-05 08:40,Karol Bagh,28.6519,77.1909,391,44,Cloudy,0,No,No,60,Low
2026-05-05 08:50,Greater Noida West,28.59,77.43,428,27,Cloudy,0,Yes,No,26,Medium
2026-05-05 09:00,Botanical Garden,28.5636,77.334,643,16,Heavy Rain,8,No,No,64,High
2026-05-05 09:10,Vaishali Ghaziabad,28.646,77.339,63,54,Heavy Rain,7,No,Yes,70,Low
2026-05-05 09:20,Sector 18 Noida,28.5706,77.324,562,33,Fog,0,No,No,88,Medium
2026-05-05 09:30,Vaishali Ghaziabad,28.646,77.339,81,53,Heavy Rain,2,No,Yes,84,Low
2026-05-05 09:40,Vaishali Ghaziabad,28.646,77.339,422,15,Rain,20,Yes,Yes,47,High
2026-05-05 09:50,Sector 62 Noida,28.628,77.3649,530,35,Fog,0,No,Yes,69,Medium
2026-05-05 10:00,Sector 18 Noida,28.5706,77.324,51,55,Heavy Rain,16,No,No,25,Low
2026-05-05 10:10,Botanical Garden,28.5636,77.334,538,35,Clear,0,No,No,52,Medium
2026-05-05 10:20,Dwarka Sector 21,28.5511,77.0565,464,25,Fog,0,Yes,Yes,42,Medium
2026-05-05 10:30,Dwarka Sector 21,28.5511,77.0565,219,41,Fog,0,Yes,No,55,Low
2026-05-05 10:40,Connaught Place,28.6315,77.2167,167,32,Heavy Rain,2,Yes,Yes,58,Medium
2026-05-05 10:50,Pari Chowk,28.4671,77.503,103,49,Fog,0,Yes,No,80,Low
2026-05-05 11:00,Vaishali Ghaziabad,28.646,77.339,293,51,Clear,0,No,No,77,Low
2026-05-05 11:10,Connaught Place,28.6315,77.2167,828,15,Clear,0,No,No,66,Very High
2026-05-05 11:20,Lajpat Nagar,28.5677,77.243,684,25,Clear,0,No,No,34,Medium
2026-05-05 11:30,Vaishali Ghaziabad,28.646,77.339,470,27,Heavy Rain,15,No,No,94,Medium
2026-05-05 11:40,Connaught Place,28.6315,77.2167,444,26,Clear,0,Yes,No,63,Medium
2026-05-05 11:50,Sector 62 Noida,28.628,77.3649,130,47,Fog,0,Yes,No,91,Low
2026-05-05 12:00,IGI Airport T3,28.5562,77.1,390,44,Clear,0,No,Yes,10,Low
2026-05-05 12:10,Cyber Hub Gurgaon,28.4959,77.0882,757,8,Heavy Rain,17,No,No,77,Very High
2026-05-05 12:20,Cyber Hub Gurgaon,28.4959,77.0882,281,40,Heavy Rain,18,No,No,93,Low
2026-05-05 12:30,Pari Chowk,28.4671,77.503,450,28,Heavy Rain,13,No,No,53,Medium
2026-05-05 12:40,Sector 18 Noida,28.5706,77.324,827,5,Rain,10,No,No,55,Very High
2026-05-05 12:50,Greater Noida West,28.59,77.43,604,30,Cloudy,0,No,No,15,Medium
2026-05-05 13:00,DND Flyway,28.5942,77.3053,426,30,Rain,8,No,No,49,Medium
2026-05-05 13:10,Vaishali Ghaziabad,28.646,77.339,261,41,Heavy Rain,9,No,No,12,Low
2026-05-05 13:20,MG Road Gurgaon,28.4794,77.0806,522,21,Fog,0,Yes,No,93,High
2026-05-05 13:30,Akshardham Route,28.6127,77.2773,134,62,Clear,0,No,No,19,Low
2026-05-05 13:40,Akshardham Route,28.6127,77.2773,841,14,Fog,0,No,Yes,68,Very High
2026-05-05 13:50,Connaught Place,28.6315,77.2167,226,43,Heavy Rain,2,No,No,92,Low
2026-05-05 14:00,Akshardham Route,28.6127,77.2773,303,38,Rain,15,No,No,53,Medium
2026-05-05 14:10,Sector 62 Noida,28.628,77.3649,263,41,Rain,8,No,Yes,100,Low
2026-05-05 14:20,Vaishali Ghaziabad,28.646,77.339,418,43,Fog,0,No,Yes,92,Low
2026-05-05 14:30,Sector 18 Noida,28.5706,77.324,103,52,Rain,12,No,No,75,Low
2026-05-05 14:40,India Gate,28.6129,77.2295,81,65,Clear,0,No,Yes,78,Low
2026-05-05 14:50,Karol Bagh,28.6519,77.1909,712,23,Clear,0,No,No,43,Very High
2026-05-05 15:00,Greater Noida West,28.59,77.43,766,19,Fog,0,No,No,10,Very High
2026-05-05 15:10,Pari Chowk,28.4671,77.503,294,39,Heavy Rain,11,No,No,71,Medium
2026-05-05 15:20,Dwarka Sector 21,28.5511,77.0565,678,25,Clear,0,No,No,25,Medium
2026-05-05 15:30,IGI Airport T3,28.5562,77.1,445,41,Fog,0,No,No,42,Low
2026-05-05 15:40,Botanical Garden,28.5636,77.334,473,24,Cloudy,0,Yes,No,67,High
2026-05-05 15:50,Pari Chowk,28.4671,77.503,564,33,Fog,0,No,Yes,17,Medium
2026-05-05 16:00,Sector 62 Noida,28.628,77.3649,420,27,Fog,0,Yes,No,61,Medium
2026-05-05 16:10,Akshardham Route,28.6127,77.2773,214,44,Heavy Rain,8,No,No,84,Low
2026-05-05 16:20,Botanical Garden,28.5636,77.334,230,55,Clear,0,No,No,99,Low
2026-05-05 16:30,IGI Airport T3,28.5562,77.1,541,19,Fog,0,Yes,Yes,46,High
2026-05-05 16:40,Karol Bagh,28.6519,77.1909,819,16,Clear,0,No,Yes,56,Very High
2026-05-05 16:50,MG Road Gurgaon,28.4794,77.0806,169,44,Clear,0,Yes,No,58,Low
2026-05-05 17:00,Greater Noida West,28.59,77.43,312,35,Fog,0,Yes,No,32,Medium
2026-05-05 17:10,Karol Bagh,28.6519,77.1909,230,55,Clear,0,No,Yes,16,Low
2026-05-05 17:20,Karol Bagh,28.6519,77.1909,182,46,Heavy Rain,7,No,Yes,84,Low
2026-05-05 17:30,IGI Airport T3,28.5562,77.1,677,13,Heavy Rain,11,No,No,81,Very High
2026-05-05 17:40,Dwarka Sector 21,28.5511,77.0565,387,45,Clear,0,No,No,93,Low
2026-05-05 17:50,IGI Airport T3,28.5562,77.1,478,39,Cloudy,0,No,Yes,13,Medium
2026-05-05 18:00,Connaught Place,28.6315,77.2167,776,19,Clear,0,No,No,86,Very High
2026-05-05 18:10,Sector 62 Noida,28.628,77.3649,283,25,Rain,11,Yes,No,100,Medium
2026-05-05 18:20,Lajpat Nagar,28.5677,77.243,66,39,Heavy Rain,6,Yes,No,18,Medium
2026-05-05 18:30,Lajpat Nagar,28.5677,77.243,643,16,Heavy Rain,14,No,Yes,23,High
2026-05-05 18:40,Karol Bagh,28.6519,77.1909,803,5,Rain,4,No,Yes,54,Very High
2026-05-05 18:50,Akshardham Route,28.6127,77.2773,671,14,Rain,20,No,Yes,19,Very High
2026-05-05 19:00,Sector 62 Noida,28.628,77.3649,416,43,Fog,0,No,No,67,Low
2026-05-05 19:10,Akshardham Route,28.6127,77.2773,711,23,Cloudy,0,No,No,24,Very High
2026-05-05 19:20,IGI Airport T3,28.5562,77.1,379,45,Cloudy,0,No,Yes,76,Low
2026-05-05 19:30,Connaught Place,28.6315,77.2167,617,17,Rain,8,No,No,58,High
2026-05-05 19:40,MG Road Gurgaon,28.4794,77.0806,367,31,Clear,0,Yes,No,17,Medium
2026-05-05 19:50,Karol Bagh,28.6519,77.1909,153,60,Clear,0,No,No,86,Low
2026-05-05 20:00,Vaishali Ghaziabad,28.646,77.339,890,5,Rain,20,No,No,67,Very High
2026-05-05 20:10,Connaught Place,28.6315,77.2167,124,62,Clear,0,No,No,93,Low
2026-05-05 20:20,Pari Chowk,28.4671,77.503,750,8,Heavy Rain,8,No,No,89,Very High
2026-05-05 20:30,Vaishali Ghaziabad,28.646,77.339,794,6,Rain,13,No,No,47,Very High
2026-05-05 20:40,Akshardham Route,28.6127,77.2773,649,15,Heavy Rain,1,No,No,64,High
2026-05-05 20:50,Dwarka Sector 21,28.5511,77.0565,305,50,Fog,0,No,No,45,Low
2026-05-05 21:00,Botanical Garden,28.5636,77.334,502,37,Cloudy,0,No,No,82,Medium
2026-05-05 21:10,Dwarka Sector 21,28.5511,77.0565,582,32,Clear,0,No,No,49,Medium
2026-05-05 21:20,Lajpat Nagar,28.5677,77.243,894,5,Cloudy,0,Yes,No,66,Very High
2026-05-05 21:30,Vaishali Ghaziabad,28.646,77.339,298,51,Fog,0,No,Yes,93,Low
2026-05-05 21:40,Lajpat Nagar,28.5677,77.243,150,60,Cloudy,0,No,No,93,Low
2026-05-05 21:50,Pari Chowk,28.4671,77.503,406,43,Fog,0,No,No,59,Low
2026-05-05 22:00,Dwarka Sector 21,28.5511,77.0565,298,51,Cloudy,0,No,Yes,83,Low
2026-05-05 22:10,Dwarka Sector 21,28.5511,77.0565,142,49,Heavy Rain,16,No,No,39,Low
2026-05-05 22:20,Sector 18 Noida,28.5706,77.324,177,47,Heavy Rain,9,No,No,31,Low
2026-05-05 22:30,Sector 62 Noida,28.628,77.3649,54,55,Rain,11,No,No,21,Low
2026-05-05 22:40,Botanical Garden,28.5636,77.334,299,51,Fog,0,No,Yes,38,Low
2026-05-05 22:50,Lajpat Nagar,28.5677,77.243,206,57,Clear,0,No,No,59,Low
2026-05-05 23:00,Sector 18 Noida,28.5706,77.324,226,40,Clear,0,Yes,No,57,Low
2026-05-05 23:10,Pari Chowk,28.4671,77.503,398,32,Heavy Rain,18,No,No,76,Medium
2026-05-05 23:20,IGI Airport T3,28.5562,77.1,214,56,Cloudy,0,No,No,32,Low
2026-05-05 23:30,India Gate,28.6129,77.2295,507,25,Rain,17,No,No,67,Medium
2026-05-05 23:40,Sector 18 Noida,28.5706,77.324,106,36,Rain,4,Yes,No,86,Medium
2026-05-05 23:50,Connaught Place,28.6315,77.2167,530,35,Cloudy,0,No,No,36,Medium
2026-05-06 00:00,Connaught Place,28.6315,77.2167,57,55,Heavy Rain,12,No,No,52,Low
2026-05-06 00:10,DND Flyway,28.5942,77.3053,189,43,Cloudy,0,Yes,No,12,Low
2026-05-06 00:20,Vaishali Ghaziabad,28.646,77.339,192,58,Fog,0,No,No,79,Low
2026-05-06 00:30,Cyber Hub Gurgaon,28.4959,77.0882,285,39,Rain,20,No,No,44,Medium
2026-05-06 00:40,Pari Chowk,28.4671,77.503,461,25,Cloudy,0,Yes,No,83,Medium
2026-05-06 00:50,Karol Bagh,28.6519,77.1909,430,27,Fog,0,Yes,No,96,Medium
2026-05-06 01:00,DND Flyway,28.5942,77.3053,847,5,Rain,10,Yes,Yes,83,Very High
2026-05-06 01:10,Sector 18 Noida,28.5706,77.324,463,28,Rain,4,No,No,48,Medium
2026-05-06 01:20,IGI Airport T3,28.5562,77.1,733,22,Fog,0,No,No,37,Very High
2026-05-06 01:30,Sector 18 Noida,28.5706,77.324,350,47,Clear,0,No,Yes,58,Low
2026-05-06 01:40,Connaught Place,28.6315,77.2167,594,5,Rain,17,Yes,No,47,Very High
2026-05-06 01:50,MG Road Gurgaon,28.4794,77.0806,804,17,Clear,0,No,Yes,96,Very High
2026-05-06 02:00,India Gate,28.6129,77.2295,250,54,Fog,0,No,No,30,Low
2026-05-06 02:10,Dwarka Sector 21,28.5511,77.0565,671,14,Rain,14,No,No,16,Very High
2026-05-06 02:20,IGI Airport T3,28.5562,77.1,256,53,Fog,0,No,Yes,65,Low
2026-05-06 02:30,Connaught Place,28.6315,77.2167,439,41,Fog,0,No,No,16,Low
2026-05-06 02:40,Cyber Hub Gurgaon,28.4959,77.0882,845,14,Clear,0,No,No,30,Very High
2026-05-06 02:50,MG Road Gurgaon,28.4794,77.0806,679,13,Heavy Rain,11,No,No,11,Very High
2026-05-06 03:00,India Gate,28.6129,77.2295,344,48,Fog,0,No,No,52,Low
2026-05-06 03:10,Akshardham Route,28.6127,77.2773,525,35,Clear,0,No,Yes,17,Medium
2026-05-06 03:20,Dwarka Sector 21,28.5511,77.0565,467,39,Fog,0,No,No,34,Medium
2026-05-06 03:30,DND Flyway,28.5942,77.3053,790,6,Heavy Rain,5,No,No,75,Very High
2026-05-06 03:40,MG Road Gurgaon,28.4794,77.0806,723,7,Clear,0,Yes,No,20,Very High
2026-05-06 03:50,Vaishali Ghaziabad,28.646,77.339,632,13,Fog,0,Yes,No,37,Very High
2026-05-06 04:00,Karol Bagh,28.6519,77.1909,150,60,Cloudy,0,No,No,41,Low
2026-05-06 04:10,Vaishali Ghaziabad,28.646,77.339,166,44,Fog,0,Yes,No,92,Low
2026-05-06 04:20,Botanical Garden,28.5636,77.334,565,21,Heavy Rain,8,No,Yes,50,High
2026-05-06 04:30,Pari Chowk,28.4671,77.503,190,46,Rain,3,No,Yes,24,Low
2026-05-06 04:40,Akshardham Route,28.6127,77.2773,112,63,Clear,0,No,No,77,Low
2026-05-06 04:50,Cyber Hub Gurgaon,28.4959,77.0882,640,16,Rain,5,No,Yes,61,High
2026-05-06 05:00,Connaught Place,28.6315,77.2167,888,11,Clear,0,No,No,29,Very High
2026-05-06 05:10,DND Flyway,28.5942,77.3053,218,56,Clear,0,No,No,14,Low
2026-05-06 05:20,Sector 62 Noida,28.628,77.3649,244,54,Clear,0,No,No,70,Low
2026-05-06 05:30,DND Flyway,28.5942,77.3053,725,22,Clear,0,No,No,70,Very High
2026-05-06 05:40,Greater Noida West,28.59,77.43,674,14,Heavy Rain,10,No,No,40,Very High
2026-05-06 05:50,Sector 18 Noida,28.5706,77.324,439,29,Rain,11,No,No,62,Medium
2026-05-06 06:00,Botanical Garden,28.5636,77.334,79,65,Cloudy,0,No,No,93,Low
2026-05-06 06:10,Sector 62 Noida,28.628,77.3649,186,58,Clear,0,No,No,86,Low
2026-05-06 06:20,Sector 62 Noida,28.628,77.3649,784,6,Rain,5,No,No,33,Very High
2026-05-06 06:30,Greater Noida West,28.59,77.43,644,5,Rain,20,Yes,No,22,Very High
2026-05-06 06:40,Dwarka Sector 21,28.5511,77.0565,270,52,Clear,0,No,No,68,Low
2026-05-06 06:50,Connaught Place,28.6315,77.2167,657,27,Cloudy,0,No,Yes,83,Medium
2026-05-06 07:00,Botanical Garden,28.5636,77.334,494,38,Clear,0,No,Yes,67,Medium
2026-05-06 07:10,Pari Chowk,28.4671,77.503,155,45,Clear,0,Yes,Yes,60,Low
2026-05-06 07:20,DND Flyway,28.5942,77.3053,369,46,Fog,0,No,No,54,Low
2026-05-06 07:30,Akshardham Route,28.6127,77.2773,745,5,Rain,13,Yes,Yes,59,Very High
2026-05-06 07:40,Connaught Place,28.6315,77.2167,601,15,Fog,0,Yes,Yes,16,High
2026-05-06 07:50,Sector 18 Noida,28.5706,77.324,457,28,Heavy Rain,16,No,No,13,Medium
2026-05-06 08:00,Sector 18 Noida,28.5706,77.324,394,32,Heavy Rain,5,No,Yes,39,Medium
2026-05-06 08:10,Botanical Garden,28.5636,77.334,57,52,Clear,0,Yes,No,37,Low
2026-05-06 08:20,Connaught Place,28.6315,77.2167,346,47,Fog,0,No,No,85,Low
2026-05-06 08:30,Dwarka Sector 21,28.5511,77.0565,183,46,Heavy Rain,5,No,No,52,Low
2026-05-06 08:40,Karol Bagh,28.6519,77.1909,879,5,Heavy Rain,5,Yes,No,14,Very High
2026-05-06 08:50,Pari Chowk,28.4671,77.503,223,56,Cloudy,0,No,No,73,Low
2026-05-06 09:00,Lajpat Nagar,28.5677,77.243,605,5,Rain,14,Yes,Yes,31,Very High
2026-05-06 09:10,Akshardham Route,28.6127,77.2773,361,46,Fog,0,No,No,28,Low
2026-05-06 09:20,Vaishali Ghaziabad,28.646,77.339,220,56,Fog,0,No,Yes,31,Low
2026-05-06 09:30,Lajpat Nagar,28.5677,77.243,180,58,Fog,0,No,No,47,Low
2026-05-06 09:40,Connaught Place,28.6315,77.2167,874,12,Clear,0,No,No,77,Very High
2026-05-06 09:50,Botanical Garden,28.5636,77.334,68,66,Clear,0,No,No,90,Low
2026-05-06 10:00,Pari Chowk,28.4671,77.503,638,16,Rain,17,No,No,16,High
2026-05-06 10:10,Connaught Place,28.6315,77.2167,470,39,Clear,0,No,No,78,Medium
2026-05-06 10:20,Karol Bagh,28.6519,77.1909,203,57,Fog,0,No,Yes,43,Low
2026-05-06 10:30,Botanical Garden,28.5636,77.334,226,28,Heavy Rain,1,Yes,No,70,Medium
2026-05-06 10:40,Dwarka Sector 21,28.5511,77.0565,111,51,Rain,4,No,No,12,Low
2026-05-06 10:50,Karol Bagh,28.6519,77.1909,708,5,Heavy Rain,19,Yes,No,89,Very High
2026-05-06 11:00,Pari Chowk,28.4671,77.503,276,52,Cloudy,0,No,No,38,Low
2026-05-06 11:10,Connaught Place,28.6315,77.2167,398,17,Heavy Rain,20,Yes,No,38,High
2026-05-06 11:20,Karol Bagh,28.6519,77.1909,814,5,Clear,0,Yes,No,56,Very High
2026-05-06 11:30,India Gate,28.6129,77.2295,214,56,Clear,0,No,No,89,Low
2026-05-06 11:40,India Gate,28.6129,77.2295,305,50,Cloudy,0,No,No,57,Low
2026-05-06 11:50,India Gate,28.6129,77.2295,761,8,Rain,14,No,No,77,Very High
2026-05-06 12:00,Dwarka Sector 21,28.5511,77.0565,56,40,Heavy Rain,15,Yes,Yes,41,Low
2026-05-06 12:10,Vaishali Ghaziabad,28.646,77.339,436,29,Rain,12,No,No,13,Medium
2026-05-06 12:20,Karol Bagh,28.6519,77.1909,463,28,Heavy Rain,20,No,No,50,Medium
2026-05-06 12:30,Connaught Place,28.6315,77.2167,265,41,Heavy Rain,19,No,Yes,74,Low
2026-05-06 12:40,Sector 18 Noida,28.5706,77.324,743,21,Clear,0,No,No,63,Very High
2026-05-06 12:50,Connaught Place,28.6315,77.2167,680,25,Cloudy,0,No,Yes,12,Medium
2026-05-06 13:00,Sector 62 Noida,28.628,77.3649,592,31,Cloudy,0,No,Yes,65,Medium
2026-05-06 13:10,IGI Airport T3,28.5562,77.1,660,26,Fog,0,No,No,38,Medium
2026-05-06 13:20,India Gate,28.6129,77.2295,126,35,Rain,9,Yes,No,75,Medium
2026-05-06 13:30,Lajpat Nagar,28.5677,77.243,156,60,Clear,0,No,No,49,Low
2026-05-06 13:40,Vaishali Ghaziabad,28.646,77.339,644,16,Heavy Rain,14,No,No,86,High
2026-05-06 13:50,Dwarka Sector 21,28.5511,77.0565,596,16,Fog,0,Yes,Yes,79,High
2026-05-06 14:00,Cyber Hub Gurgaon,28.4959,77.0882,109,63,Fog,0,No,No,87,Low
2026-05-06 14:10,Akshardham Route,28.6127,77.2773,483,26,Rain,15,No,No,61,Medium
2026-05-06 14:20,IGI Airport T3,28.5562,77.1,847,5,Heavy Rain,15,Yes,No,68,Very High
2026-05-06 14:30,Dwarka Sector 21,28.5511,77.0565,631,16,Rain,3,No,No,90,High
2026-05-06 14:40,India Gate,28.6129,77.2295,787,6,Heavy Rain,14,No,No,54,Very High
2026-05-06 14:50,Pari Chowk,28.4671,77.503,145,49,Heavy Rain,9,No,No,91,Low
2026-05-06 15:00,Botanical Garden,28.5636,77.334,728,7,Cloudy,0,Yes,Yes,78,Very High
2026-05-06 15:10,Karol Bagh,28.6519,77.1909,579,17,Fog,0,Yes,No,43,High
2026-05-06 15:20,IGI Airport T3,28.5562,77.1,695,12,Heavy Rain,9,No,Yes,76,Very High
2026-05-06 15:30,Vaishali Ghaziabad,28.646,77.339,181,43,Cloudy,0,Yes,No,35,Low
2026-05-06 15:40,India Gate,28.6129,77.2295,829,5,Heavy Rain,6,Yes,No,63,Very High
2026-05-06 15:50,MG Road Gurgaon,28.4794,77.0806,842,14,Cloudy,0,No,Yes,39,Very High
2026-05-06 16:00,Pari Chowk,28.4671,77.503,539,35,Cloudy,0,No,Yes,95,Medium
2026-05-06 16:10,MG Road Gurgaon,28.4794,77.0806,253,42,Heavy Rain,2,No,No,64,Low
2026-05-06 16:20,Cyber Hub Gurgaon,28.4959,77.0882,399,44,Cloudy,0,No,No,71,Low
2026-05-06 16:30,Cyber Hub Gurgaon,28.4959,77.0882,430,27,Fog,0,Yes,No,49,Medium
2026-05-06 16:40,Akshardham Route,28.6127,77.2773,776,5,Heavy Rain,1,Yes,No,62,Very High
2026-05-06 16:50,Sector 62 Noida,28.628,77.3649,59,67,Clear,0,No,No,36,Low
2026-05-06 17:00,IGI Airport T3,28.5562,77.1,407,43,Fog,0,No,No,83,Low
2026-05-06 17:10,DND Flyway,28.5942,77.3053,98,49,Clear,0,Yes,Yes,76,Low
2026-05-06 17:20,Vaishali Ghaziabad,28.646,77.339,250,54,Clear,0,No,No,40,Low
2026-05-06 17:30,Greater Noida West,28.59,77.43,577,17,Cloudy,0,Yes,No,35,High
2026-05-06 17:40,Karol Bagh,28.6519,77.1909,639,13,Cloudy,0,Yes,Yes,61,Very High
2026-05-06 17:50,Dwarka Sector 21,28.5511,77.0565,546,19,Clear,0,Yes,Yes,81,High
2026-05-06 18:00,Sector 62 Noida,28.628,77.3649,859,5,Cloudy,0,Yes,Yes,71,Very High
2026-05-06 18:10,India Gate,28.6129,77.2295,406,28,Fog,0,Yes,Yes,58,Medium
2026-05-06 18:20,Cyber Hub Gurgaon,28.4959,77.0882,610,18,Rain,4,No,No,27,High
2026-05-06 18:30,Botanical Garden,28.5636,77.334,675,13,Heavy Rain,3,No,No,41,Very High
2026-05-06 18:40,Lajpat Nagar,28.5677,77.243,560,33,Cloudy,0,No,Yes,78,Medium
2026-05-06 18:50,India Gate,28.6129,77.2295,842,14,Fog,0,No,Yes,96,Very High
2026-05-06 19:00,Lajpat Nagar,28.5677,77.243,353,35,Heavy Rain,9,No,No,49,Medium
2026-05-06 19:10,Connaught Place,28.6315,77.2167,741,5,Heavy Rain,18,Yes,Yes,48,Very High
2026-05-06 19:20,MG Road Gurgaon,28.4794,77.0806,433,30,Heavy Rain,5,No,Yes,16,Medium
2026-05-06 19:30,Sector 62 Noida,28.628,77.3649,480,38,Fog,0,No,Yes,16,Medium
2026-05-06 19:40,Connaught Place,28.6315,77.2167,148,49,Heavy Rain,19,No,Yes,69,Low
2026-05-06 19:50,Sector 18 Noida,28.5706,77.324,124,50,Heavy Rain,5,No,No,87,Low
2026-05-06 20:00,Greater Noida West,28.59,77.43,864,13,Cloudy,0,No,Yes,95,Very High
2026-05-06 20:10,MG Road Gurgaon,28.4794,77.0806,358,35,Rain,13,No,No,84,Medium
2026-05-06 20:20,Karol Bagh,28.6519,77.1909,490,11,Rain,20,Yes,No,45,Very High
2026-05-06 20:30,India Gate,28.6129,77.2295,502,37,Cloudy,0,No,No,72,Medium
2026-05-06 20:40,Sector 62 Noida,28.628,77.3649,171,44,Cloudy,0,Yes,No,18,Low
2026-05-06 20:50,IGI Airport T3,28.5562,77.1,555,6,Heavy Rain,3,Yes,No,95,Very High
2026-05-06 21:00,Greater Noida West,28.59,77.43,537,23,Heavy Rain,13,No,No,29,High
2026-05-06 21:10,Cyber Hub Gurgaon,28.4959,77.0882,783,18,Cloudy,0,No,No,21,Very High
2026-05-06 21:20,Lajpat Nagar,28.5677,77.243,240,27,Rain,16,Yes,No,57,Medium
2026-05-06 21:30,Lajpat Nagar,28.5677,77.243,323,49,Cloudy,0,No,No,81,Low
2026-05-06 21:40,Karol Bagh,28.6519,77.1909,729,10,Rain,5,No,Yes,60,Very High
2026-05-06 21:50,Sector 18 Noida,28.5706,77.324,425,30,Rain,19,No,No,55,Medium
2026-05-06 22:00,Akshardham Route,28.6127,77.2773,757,8,Rain,5,No,No,95,Very High
2026-05-06 22:10,Sector 18 Noida,28.5706,77.324,536,8,Heavy Rain,18,Yes,No,51,Very High
2026-05-06 22:20,Dwarka Sector 21,28.5511,77.0565,496,25,Rain,11,No,No,54,Medium
2026-05-06 22:30,DND Flyway,28.5942,77.3053,883,12,Fog,0,No,Yes,58,Very High
2026-05-06 22:40,Vaishali Ghaziabad,28.646,77.339,269,26,Rain,18,Yes,No,57,Medium
2026-05-06 22:50,Vaishali Ghaziabad,28.646,77.339,674,26,Cloudy,0,No,No,23,Medium
2026-05-06 23:00,MG Road Gurgaon,28.4794,77.0806,418,31,Rain,13,No,No,98,Medium
2026-05-06 23:10,IGI Airport T3,28.5562,77.1,131,62,Fog,0,No,Yes,63,Low
2026-05-06 23:20,DND Flyway,28.5942,77.3053,646,15,Rain,7,No,No,17,High
2026-05-06 23:30,Pari Chowk,28.4671,77.503,550,22,Rain,7,No,No,42,High
2026-05-06 23:40,Dwarka Sector 21,28.5511,77.0565,497,25,Heavy Rain,18,No,Yes,59,Medium
2026-05-06 23:50,Lajpat Nagar,28.5677,77.243,470,39,Cloudy,0,No,Yes,44,Medium
2026-05-07 00:00,Connaught Place,28.6315,77.2167,795,17,Clear,0,No,Yes,60,Very High
2026-05-07 00:10,Greater Noida West,28.59,77.43,219,56,Clear,0,No,No,49,Low
2026-05-07 00:20,Cyber Hub Gurgaon,28.4959,77.0882,384,45,Cloudy,0,No,No,29,Low
2026-05-07 00:30,Pari Chowk,28.4671,77.503,591,19,Rain,7,No,No,83,High
2026-05-07 00:40,Sector 62 Noida,28.628,77.3649,693,5,Rain,19,Yes,No,18,Very High
2026-05-07 00:50,MG Road Gurgaon,28.4794,77.0806,153,48,Heavy Rain,9,No,No,24,Low
2026-05-07 01:00,Botanical Garden,28.5636,77.334,517,24,Heavy Rain,18,No,No,46,High
2026-05-07 01:10,Cyber Hub Gurgaon,28.4959,77.0882,206,45,Rain,14,No,No,32,Low
2026-05-07 01:20,Dwarka Sector 21,28.5511,77.0565,634,13,Clear,0,Yes,No,54,Very High
2026-05-07 01:30,DND Flyway,28.5942,77.3053,317,49,Fog,0,No,No,45,Low
2026-05-07 01:40,Sector 62 Noida,28.628,77.3649,227,43,Heavy Rain,12,No,No,72,Low
2026-05-07 01:50,Connaught Place,28.6315,77.2167,474,12,Rain,19,Yes,Yes,28,Very High
2026-05-07 02:00,DND Flyway,28.5942,77.3053,440,41,Fog,0,No,No,53,Low
2026-05-07 02:10,Connaught Place,28.6315,77.2167,237,55,Clear,0,No,No,47,Low
2026-05-07 02:20,Botanical Garden,28.5636,77.334,614,30,Cloudy,0,No,Yes,60,Medium
2026-05-07 02:30,Dwarka Sector 21,28.5511,77.0565,258,53,Clear,0,No,No,100,Low
2026-05-07 02:40,Sector 62 Noida,28.628,77.3649,555,33,Clear,0,No,No,98,Medium
2026-05-07 02:50,IGI Airport T3,28.5562,77.1,811,16,Clear,0,No,No,59,Very High
2026-05-07 03:00,Pari Chowk,28.4671,77.503,659,27,Cloudy,0,No,No,92,Medium
2026-05-07 03:10,Dwarka Sector 21,28.5511,77.0565,74,66,Fog,0,No,No,39,Low
2026-05-07 03:20,MG Road Gurgaon,28.4794,77.0806,792,5,Heavy Rain,6,Yes,No,14,Very High
2026-05-07 03:30,Sector 62 Noida,28.628,77.3649,181,46,Heavy Rain,12,No,Yes,56,Low
2026-05-07 03:40,Akshardham Route,28.6127,77.2773,130,62,Fog,0,No,No,57,Low
2026-05-07 03:50,Sector 18 Noida,28.5706,77.324,770,7,Rain,17,No,No,18,Very High
2026-05-07 04:00,Karol Bagh,28.6519,77.1909,782,5,Rain,1,Yes,No,48,Very High
2026-05-07 04:10,Dwarka Sector 21,28.5511,77.0565,513,36,Fog,0,No,No,54,Medium
2026-05-07 04:20,Akshardham Route,28.6127,77.2773,646,15,Heavy Rain,13,No,No,41,High
2026-05-07 04:30,Pari Chowk,28.4671,77.503,681,25,Fog,0,No,No,56,Medium
2026-05-07 04:40,India Gate,28.6129,77.2295,700,12,Heavy Rain,19,No,Yes,79,Very High
2026-05-07 04:50,India Gate,28.6129,77.2295,631,28,Cloudy,0,No,No,45,Medium
2026-05-07 05:00,Greater Noida West,28.59,77.43,688,25,Cloudy,0,No,No,74,Medium
2026-05-07 05:10,Dwarka Sector 21,28.5511,77.0565,82,65,Cloudy,0,No,No,20,Low
2026-05-07 05:20,MG Road Gurgaon,28.4794,77.0806,547,34,Cloudy,0,No,No,94,Medium
2026-05-07 05:30,IGI Airport T3,28.5562,77.1,116,51,Rain,2,No,Yes,65,Low
2026-05-07 05:40,Vaishali Ghaziabad,28.646,77.339,113,63,Fog,0,No,No,37,Low
2026-05-07 05:50,Sector 62 Noida,28.628,77.3649,626,17,Heavy Rain,1,No,No,38,High
2026-05-07 06:00,Cyber Hub Gurgaon,28.4959,77.0882,373,46,Cloudy,0,No,Yes,82,Low
2026-05-07 06:10,Lajpat Nagar,28.5677,77.243,530,35,Cloudy,0,No,No,23,Medium
2026-05-07 06:20,Dwarka Sector 21,28.5511,77.0565,59,67,Clear,0,No,Yes,31,Low
2026-05-07 06:30,Akshardham Route,28.6127,77.2773,588,19,Heavy Rain,14,No,No,40,High
2026-05-07 06:40,Botanical Garden,28.5636,77.334,292,51,Cloudy,0,No,No,53,Low
2026-05-07 06:50,Botanical Garden,28.5636,77.334,673,26,Fog,0,No,No,26,Medium
2026-05-07 07:00,Connaught Place,28.6315,77.2167,897,5,Heavy Rain,6,Yes,No,13,Very High
2026-05-07 07:10,Greater Noida West,28.59,77.43,430,27,Fog,0,Yes,No,65,Medium
2026-05-07 07:20,Cyber Hub Gurgaon,28.4959,77.0882,208,57,Cloudy,0,No,No,34,Low
2026-05-07 07:30,Sector 18 Noida,28.5706,77.324,730,5,Rain,18,Yes,No,52,Very High
2026-05-07 07:40,MG Road Gurgaon,28.4794,77.0806,275,37,Fog,0,Yes,No,89,Medium
2026-05-07 07:50,Botanical Garden,28.5636,77.334,304,50,Clear,0,No,No,66,Low
2026-05-07 08:00,IGI Airport T3,28.5562,77.1,199,45,Rain,14,No,No,26,Low
2026-05-07 08:10,Connaught Place,28.6315,77.2167,577,20,Rain,12,No,No,38,High
2026-05-07 08:20,IGI Airport T3,28.5562,77.1,526,23,Heavy Rain,11,No,No,36,High
2026-05-07 08:30,MG Road Gurgaon,28.4794,77.0806,584,32,Fog,0,No,No,93,Medium
2026-05-07 08:40,Pari Chowk,28.4671,77.503,83,53,Rain,9,No,Yes,55,Low
2026-05-07 08:50,Lajpat Nagar,28.5677,77.243,739,21,Fog,0,No,No,83,Very High
2026-05-07 09:00,Greater Noida West,28.59,77.43,619,5,Heavy Rain,14,Yes,Yes,15,Very High
2026-05-07 09:10,Greater Noida West,28.59,77.43,644,13,Fog,0,Yes,No,82,Very High
2026-05-07 09:20,Sector 62 Noida,28.628,77.3649,313,50,Fog,0,No,No,22,Low
2026-05-07 09:30,DND Flyway,28.5942,77.3053,522,21,Clear,0,Yes,Yes,90,High
2026-05-07 09:40,DND Flyway,28.5942,77.3053,437,14,Heavy Rain,9,Yes,No,87,Very High
2026-05-07 09:50,Botanical Garden,28.5636,77.334,706,11,Heavy Rain,19,No,Yes,37,Very High
2026-05-07 10:00,Sector 18 Noida,28.5706,77.324,454,40,Fog,0,No,No,50,Low
2026-05-07 10:10,IGI Airport T3,28.5562,77.1,533,35,Fog,0,No,No,57,Medium
2026-05-07 10:20,Akshardham Route,28.6127,77.2773,523,36,Clear,0,No,Yes,38,Medium
2026-05-07 10:30,Karol Bagh,28.6519,77.1909,137,61,Clear,0,No,Yes,61,Low
2026-05-07 10:40,Pari Chowk,28.4671,77.503,438,26,Fog,0,Yes,Yes,68,Medium
2026-05-07 10:50,Pari Chowk,28.4671,77.503,562,33,Clear,0,No,Yes,82,Medium
2026-05-07 11:00,MG Road Gurgaon,28.4794,77.0806,83,38,Heavy Rain,1,Yes,Yes,68,Medium
2026-05-07 11:10,MG Road Gurgaon,28.4794,77.0806,759,8,Heavy Rain,4,No,No,13,Very High
2026-05-07 11:20,Sector 62 Noida,28.628,77.3649,442,41,Clear,0,No,No,49,Low
2026-05-07 11:30,Lajpat Nagar,28.5677,77.243,117,63,Clear,0,No,No,49,Low
2026-05-07 11:40,Connaught Place,28.6315,77.2167,734,5,Rain,6,Yes,Yes,78,Very High
2026-05-07 11:50,MG Road Gurgaon,28.4794,77.0806,568,21,Rain,16,No,No,63,High
2026-05-07 12:00,Karol Bagh,28.6519,77.1909,812,5,Rain,7,No,No,58,Very High
2026-05-07 12:10,Sector 62 Noida,28.628,77.3649,323,37,Rain,5,No,No,20,Medium
2026-05-07 12:20,Connaught Place,28.6315,77.2167,258,53,Fog,0,No,No,39,Low
2026-05-07 12:30,Sector 62 Noida,28.628,77.3649,599,31,Fog,0,No,Yes,46,Medium
2026-05-07 12:40,Akshardham Route,28.6127,77.2773,112,51,Heavy Rain,18,No,No,89,Low
2026-05-07 12:50,India Gate,28.6129,77.2295,854,5,Heavy Rain,7,No,Yes,43,Very High
2026-05-07 13:00,Botanical Garden,28.5636,77.334,576,20,Rain,17,No,No,40,High
2026-05-07 13:10,Connaught Place,28.6315,77.2167,673,14,Rain,19,No,No,92,Very High
2026-05-07 13:20,India Gate,28.6129,77.2295,291,39,Heavy Rain,2,No,No,22,Medium
2026-05-07 13:30,DND Flyway,28.5942,77.3053,195,45,Rain,8,No,No,22,Low
2026-05-07 13:40,Cyber Hub Gurgaon,28.4959,77.0882,658,12,Fog,0,Yes,No,20,Very High
2026-05-07 13:50,MG Road Gurgaon,28.4794,77.0806,663,26,Clear,0,No,No,86,Medium
2026-05-07 14:00,India Gate,28.6129,77.2295,687,13,Heavy Rain,3,No,No,13,Very High
2026-05-07 14:10,Lajpat Nagar,28.5677,77.243,323,37,Heavy Rain,5,No,Yes,40,Medium
2026-05-07 14:20,Pari Chowk,28.4671,77.503,437,41,Cloudy,0,No,Yes,88,Low
2026-05-07 14:30,Karol Bagh,28.6519,77.1909,850,5,Rain,17,Yes,No,34,Very High
2026-05-07 14:40,Cyber Hub Gurgaon,28.4959,77.0882,149,61,Clear,0,No,No,78,Low
2026-05-07 14:50,Vaishali Ghaziabad,28.646,77.339,424,42,Clear,0,No,Yes,38,Low
2026-05-07 15:00,Greater Noida West,28.59,77.43,794,18,Fog,0,No,No,61,Very High
2026-05-07 15:10,Cyber Hub Gurgaon,28.4959,77.0882,113,51,Heavy Rain,2,No,No,43,Low
2026-05-07 15:20,Lajpat Nagar,28.5677,77.243,786,18,Clear,0,No,No,12,Very High
2026-05-07 15:30,Vaishali Ghaziabad,28.646,77.339,321,22,Heavy Rain,10,Yes,Yes,53,High
2026-05-07 15:40,Vaishali Ghaziabad,28.646,77.339,356,47,Clear,0,No,No,31,Low
2026-05-07 15:50,Karol Bagh,28.6519,77.1909,102,52,Heavy Rain,13,No,No,10,Low
2026-05-07 16:00,Greater Noida West,28.59,77.43,459,13,Heavy Rain,11,Yes,No,50,Very High
2026-05-07 16:10,Botanical Garden,28.5636,77.334,762,8,Heavy Rain,4,No,No,78,Very High
2026-05-07 16:20,Greater Noida West,28.59,77.43,778,7,Rain,7,No,No,96,Very High
2026-05-07 16:30,Sector 18 Noida,28.5706,77.324,811,5,Heavy Rain,19,No,No,49,Very High
2026-05-07 16:40,Vaishali Ghaziabad,28.646,77.339,873,5,Rain,9,Yes,No,61,Very High
2026-05-07 16:50,Pari Chowk,28.4671,77.503,820,5,Heavy Rain,19,No,No,53,Very High
2026-05-07 17:00,MG Road Gurgaon,28.4794,77.0806,870,12,Clear,0,No,No,82,Very High
2026-05-07 17:10,Vaishali Ghaziabad,28.646,77.339,366,19,Heavy Rain,1,Yes,No,59,High
2026-05-07 17:20,Pari Chowk,28.4671,77.503,363,34,Rain,14,No,No,30,Medium
2026-05-07 17:30,Sector 62 Noida,28.628,77.3649,701,24,Cloudy,0,No,No,85,Very High
2026-05-07 17:40,DND Flyway,28.5942,77.3053,255,41,Rain,14,No,Yes,61,Low
2026-05-07 17:50,Botanical Garden,28.5636,77.334,794,6,Rain,4,No,No,94,Very High
2026-05-07 18:00,Dwarka Sector 21,28.5511,77.0565,93,64,Cloudy,0,No,No,50,Low
2026-05-07 18:10,Connaught Place,28.6315,77.2167,443,29,Heavy Rain,17,No,No,77,Medium
2026-05-07 18:20,Sector 18 Noida,28.5706,77.324,535,35,Fog,0,No,No,21,Medium
2026-05-07 18:30,Greater Noida West,28.59,77.43,769,19,Cloudy,0,No,Yes,22,Very High
2026-05-07 18:40,Akshardham Route,28.6127,77.2773,899,5,Heavy Rain,17,No,No,22,Very High
2026-05-07 18:50,Vaishali Ghaziabad,28.646,77.339,694,24,Fog,0,No,No,91,High
2026-05-07 19:00,India Gate,28.6129,77.2295,771,19,Fog,0,No,No,39,Very High
2026-05-07 19:10,DND Flyway,28.5942,77.3053,274,40,Heavy Rain,12,No,Yes,100,Low
2026-05-07 19:20,Dwarka Sector 21,28.5511,77.0565,730,10,Heavy Rain,12,No,No,64,Very High
2026-05-07 19:30,Sector 18 Noida,28.5706,77.324,866,5,Fog,0,Yes,Yes,57,Very High
2026-05-07 19:40,Cyber Hub Gurgaon,28.4959,77.0882,119,63,Clear,0,No,No,51,Low
2026-05-07 19:50,Dwarka Sector 21,28.5511,77.0565,391,44,Fog,0,No,No,41,Low
2026-05-07 20:00,Botanical Garden,28.5636,77.334,558,33,Cloudy,0,No,Yes,92,Medium
2026-05-07 20:10,Lajpat Nagar,28.5677,77.243,361,46,Cloudy,0,No,No,92,Low
2026-05-07 20:20,Karol Bagh,28.6519,77.1909,841,14,Clear,0,No,No,62,Very High
2026-05-07 20:30,Vaishali Ghaziabad,28.646,77.339,452,28,Heavy Rain,3,No,Yes,32,Medium
2026-05-07 20:40,Sector 62 Noida,28.628,77.3649,572,5,Heavy Rain,16,Yes,No,62,Very High
2026-05-07 20:50,Vaishali Ghaziabad,28.646,77.339,693,9,Fog,0,Yes,No,68,Very High
2026-05-07 21:00,Lajpat Nagar,28.5677,77.243,458,28,Heavy Rain,19,No,No,86,Medium
2026-05-07 21:10,DND Flyway,28.5942,77.3053,163,60,Clear,0,No,Yes,23,Low
2026-05-07 21:20,DND Flyway,28.5942,77.3053,302,50,Cloudy,0,No,No,50,Low
2026-05-07 21:30,Akshardham Route,28.6127,77.2773,795,17,Cloudy,0,No,No,28,Very High
2026-05-07 21:40,DND Flyway,28.5942,77.3053,688,5,Heavy Rain,19,Yes,No,90,Very High
2026-05-07 21:50,Lajpat Nagar,28.5677,77.243,297,36,Clear,0,Yes,Yes,11,Medium
2026-05-07 22:00,Lajpat Nagar,28.5677,77.243,790,5,Fog,0,Yes,No,39,Very High
2026-05-07 22:10,Karol Bagh,28.6519,77.1909,817,5,Cloudy,0,Yes,Yes,73,Very High
2026-05-07 22:20,DND Flyway,28.5942,77.3053,135,61,Clear,0,No,No,30,Low
2026-05-07 22:30,Greater Noida West,28.59,77.43,684,10,Cloudy,0,Yes,Yes,53,Very High
2026-05-07 22:40,Vaishali Ghaziabad,28.646,77.339,852,14,Cloudy,0,No,No,10,Very High
2026-05-07 22:50,Pari Chowk,28.4671,77.503,861,5,Rain,16,No,No,35,Very High
2026-05-07 23:00,Botanical Garden,28.5636,77.334,128,50,Heavy Rain,7,No,No,22,Low
2026-05-07 23:10,Karol Bagh,28.6519,77.1909,451,40,Fog,0,No,No,28,Low
2026-05-07 23:20,Lajpat Nagar,28.5677,77.243,469,39,Fog,0,No,No,65,Medium
2026-05-07 23:30,DND Flyway,28.5942,77.3053,96,64,Cloudy,0,No,Yes,86,Low
2026-05-07 23:40,Sector 18 Noida,28.5706,77.324,658,27,Clear,0,No,No,67,Medium
2026-05-07 23:50,Connaught Place,28.6315,77.2167,399,44,Fog,0,No,Yes,49,Low
2026-05-08 00:00,Sector 18 Noida,28.5706,77.324,795,17,Fog,0,No,No,17,Very High
2026-05-08 00:10,IGI Airport T3,28.5562,77.1,600,18,Heavy Rain,7,No,Yes,21,High
2026-05-08 00:20,Sector 18 Noida,28.5706,77.324,656,27,Cloudy,0,No,No,79,Medium
2026-05-08 00:30,Dwarka Sector 21,28.5511,77.0565,829,5,Cloudy,0,Yes,No,52,Very High
2026-05-08 00:40,MG Road Gurgaon,28.4794,77.0806,361,46,Cloudy,0,No,No,18,Low
2026-05-08 00:50,India Gate,28.6129,77.2295,533,23,Heavy Rain,2,No,Yes,44,High
2026-05-08 01:00,Cyber Hub Gurgaon,28.4959,77.0882,607,18,Heavy Rain,17,No,Yes,50,High
2026-05-08 01:10,Lajpat Nagar,28.5677,77.243,781,5,Cloudy,0,Yes,No,26,Very High
2026-05-08 01:20,MG Road Gurgaon,28.4794,77.0806,229,43,Heavy Rain,10,No,No,15,Low
2026-05-08 01:30,Greater Noida West,28.59,77.43,284,52,Clear,0,No,No,80,Low
2026-05-08 01:40,DND Flyway,28.5942,77.3053,868,13,Clear,0,No,No,25,Very High
2026-05-08 01:50,Karol Bagh,28.6519,77.1909,414,43,Fog,0,No,No,62,Low
2026-05-08 02:00,India Gate,28.6129,77.2295,58,67,Cloudy,0,No,No,89,Low
2026-05-08 02:10,IGI Airport T3,28.5562,77.1,495,37,Clear,0,No,No,84,Medium
2026-05-08 02:20,Greater Noida West,28.59,77.43,148,49,Heavy Rain,14,No,Yes,65,Low
2026-05-08 02:30,Connaught Place,28.6315,77.2167,185,46,Rain,3,No,No,72,Low
2026-05-08 02:40,Pari Chowk,28.4671,77.503,120,50,Heavy Rain,5,No,No,62,Low
2026-05-08 02:50,Greater Noida West,28.59,77.43,811,5,Cloudy,0,Yes,No,85,Very High
2026-05-08 03:00,Botanical Garden,28.5636,77.334,632,28,Fog,0,No,Yes,30,Medium
2026-05-08 03:10,Connaught Place,28.6315,77.2167,877,5,Heavy Rain,14,No,No,79,Very High
2026-05-08 03:20,Connaught Place,28.6315,77.2167,108,63,Clear,0,No,No,65,Low
2026-05-08 03:30,Lajpat Nagar,28.5677,77.243,328,34,Fog,0,Yes,No,32,Medium
2026-05-08 03:40,Lajpat Nagar,28.5677,77.243,679,13,Heavy Rain,5,No,No,29,Very High
2026-05-08 03:50,IGI Airport T3,28.5562,77.1,75,53,Rain,4,No,No,27,Low
2026-05-08 04:00,Dwarka Sector 21,28.5511,77.0565,164,60,Cloudy,0,No,No,59,Low
2026-05-08 04:10,Sector 62 Noida,28.628,77.3649,272,40,Rain,17,No,No,53,Low
2026-05-08 04:20,Dwarka Sector 21,28.5511,77.0565,328,49,Fog,0,No,Yes,26,Low
2026-05-08 04:30,Cyber Hub Gurgaon,28.4959,77.0882,131,50,Heavy Rain,18,No,No,20,Low
2026-05-08 04:40,Greater Noida West,28.59,77.43,363,46,Fog,0,No,No,50,Low
2026-05-08 04:50,Akshardham Route,28.6127,77.2773,692,24,Clear,0,No,No,73,High
2026-05-08 05:00,Cyber Hub Gurgaon,28.4959,77.0882,528,35,Clear,0,No,No,67,Medium
2026-05-08 05:10,India Gate,28.6129,77.2295,724,7,Cloudy,0,Yes,No,66,Very High
2026-05-08 05:20,Sector 18 Noida,28.5706,77.324,556,6,Rain,19,Yes,No,46,Very High
2026-05-08 05:30,Sector 62 Noida,28.628,77.3649,813,5,Heavy Rain,14,No,No,91,Very High
2026-05-08 05:40,Lajpat Nagar,28.5677,77.243,801,5,Clear,0,Yes,No,42,Very High
2026-05-08 05:50,Akshardham Route,28.6127,77.2773,493,23,Fog,0,Yes,No,37,High
2026-05-08 06:00,Akshardham Route,28.6127,77.2773,423,42,Cloudy,0,No,No,96,Low
2026-05-08 06:10,Connaught Place,28.6315,77.2167,859,5,Heavy Rain,16,No,No,43,Very High
2026-05-08 06:20,Vaishali Ghaziabad,28.646,77.339,60,54,Heavy Rain,7,No,No,80,Low
2026-05-08 06:30,Sector 62 Noida,28.628,77.3649,229,55,Clear,0,No,No,75,Low
2026-05-08 06:40,Sector 18 Noida,28.5706,77.324,690,12,Heavy Rain,16,No,No,92,Very High
2026-05-08 06:50,Akshardham Route,28.6127,77.2773,461,25,Clear,0,Yes,No,26,Medium
2026-05-08 07:00,Karol Bagh,28.6519,77.1909,100,64,Fog,0,No,Yes,10,Low
2026-05-08 07:10,Lajpat Nagar,28.5677,77.243,81,65,Fog,0,No,No,61,Low
2026-05-08 07:20,Dwarka Sector 21,28.5511,77.0565,427,30,Rain,1,No,No,16,Medium
2026-05-08 07:30,Greater Noida West,28.59,77.43,578,5,Heavy Rain,4,Yes,No,46,Very High
2026-05-08 07:40,Greater Noida West,28.59,77.43,576,32,Fog,0,No,No,37,Medium
2026-05-08 07:50,Pari Chowk,28.4671,77.503,450,13,Rain,12,Yes,Yes,91,Very High
2026-05-08 08:00,DND Flyway,28.5942,77.3053,466,39,Fog,0,No,No,10,Medium
2026-05-08 08:10,Akshardham Route,28.6127,77.2773,438,41,Clear,0,No,No,22,Low
2026-05-08 08:20,MG Road Gurgaon,28.4794,77.0806,219,44,Rain,16,No,No,15,Low
2026-05-08 08:30,Karol Bagh,28.6519,77.1909,177,47,Heavy Rain,11,No,No,64,Low
2026-05-08 08:40,Sector 18 Noida,28.5706,77.324,137,49,Rain,18,No,Yes,53,Low
2026-05-08 08:50,MG Road Gurgaon,28.4794,77.0806,867,13,Fog,0,No,Yes,62,Very High
2026-05-08 09:00,Connaught Place,28.6315,77.2167,826,5,Heavy Rain,5,No,No,75,Very High
2026-05-08 09:10,MG Road Gurgaon,28.4794,77.0806,654,27,Cloudy,0,No,No,17,Medium
2026-05-08 09:20,Sector 18 Noida,28.5706,77.324,499,22,Clear,0,Yes,No,22,High
2026-05-08 09:30,Cyber Hub Gurgaon,28.4959,77.0882,604,18,Heavy Rain,16,No,No,35,High
2026-05-08 09:40,MG Road Gurgaon,28.4794,77.0806,649,15,Rain,12,No,No,12,High
2026-05-08 09:50,Botanical Garden,28.5636,77.334,52,67,Cloudy,0,No,Yes,98,Low
2026-05-08 10:00,Connaught Place,28.6315,77.2167,664,26,Clear,0,No,No,78,Medium
2026-05-08 10:10,Karol Bagh,28.6519,77.1909,85,53,Rain,20,No,No,40,Low
2026-05-08 10:20,Pari Chowk,28.4671,77.503,614,18,Rain,20,No,No,63,High
2026-05-08 10:30,DND Flyway,28.5942,77.3053,540,22,Heavy Rain,15,No,No,51,High
2026-05-08 10:40,Dwarka Sector 21,28.5511,77.0565,825,5,Heavy Rain,10,Yes,No,52,Very High
2026-05-08 10:50,Karol Bagh,28.6519,77.1909,865,5,Clear,0,Yes,No,45,Very High
2026-05-08 11:00,Sector 18 Noida,28.5706,77.324,260,53,Fog,0,No,No,58,Low
2026-05-08 11:10,Pari Chowk,28.4671,77.503,524,9,Heavy Rain,12,Yes,No,25,Very High
2026-05-08 11:20,Sector 62 Noida,28.628,77.3649,431,30,Rain,12,No,No,15,Medium
2026-05-08 11:30,Lajpat Nagar,28.5677,77.243,116,51,Rain,12,No,No,16,Low
2026-05-08 11:40,IGI Airport T3,28.5562,77.1,66,54,Heavy Rain,20,No,Yes,22,Low
2026-05-08 11:50,Sector 62 Noida,28.628,77.3649,791,18,Clear,0,No,No,87,Very High
2026-05-08 12:00,Cyber Hub Gurgaon,28.4959,77.0882,847,14,Clear,0,No,Yes,83,Very High
2026-05-08 12:10,Connaught Place,28.6315,77.2167,282,52,Clear,0,No,No,58,Low
2026-05-08 12:20,Connaught Place,28.6315,77.2167,530,23,Rain,1,No,No,53,High
2026-05-08 12:30,Akshardham Route,28.6127,77.2773,879,12,Clear,0,No,Yes,86,Very High
2026-05-08 12:40,Sector 18 Noida,28.5706,77.324,201,45,Rain,13,No,No,44,Low
2026-05-08 12:50,Lajpat Nagar,28.5677,77.243,864,13,Clear,0,No,No,86,Very High
2026-05-08 13:00,Lajpat Nagar,28.5677,77.243,646,27,Cloudy,0,No,No,72,Medium
2026-05-08 13:10,Greater Noida West,28.59,77.43,116,63,Cloudy,0,No,No,93,Low
2026-05-08 13:20,Cyber Hub Gurgaon,28.4959,77.0882,598,19,Rain,3,No,No,95,High
2026-05-08 13:30,Connaught Place,28.6315,77.2167,698,9,Cloudy,0,Yes,No,70,Very High
2026-05-08 13:40,IGI Airport T3,28.5562,77.1,625,14,Cloudy,0,Yes,Yes,68,Very High
2026-05-08 13:50,DND Flyway,28.5942,77.3053,624,29,Cloudy,0,No,No,78,Medium
2026-05-08 14:00,Vaishali Ghaziabad,28.646,77.339,882,5,Rain,19,No,Yes,72,Very High
2026-05-08 14:10,Karol Bagh,28.6519,77.1909,322,49,Fog,0,No,No,100,Low
2026-05-08 14:20,Sector 62 Noida,28.628,77.3649,670,14,Heavy Rain,16,No,No,96,Very High
2026-05-08 14:30,Akshardham Route,28.6127,77.2773,139,61,Fog,0,No,No,31,Low
2026-05-08 14:40,India Gate,28.6129,77.2295,815,5,Rain,1,No,No,51,Very High
2026-05-08 14:50,Sector 18 Noida,28.5706,77.324,213,44,Heavy Rain,17,No,No,42,Low
2026-05-08 15:00,Greater Noida West,28.59,77.43,894,11,Cloudy,0,No,No,52,Very High
2026-05-08 15:10,Sector 62 Noida,28.628,77.3649,372,31,Cloudy,0,Yes,No,76,Medium
2026-05-08 15:20,Botanical Garden,28.5636,77.334,669,5,Heavy Rain,13,Yes,No,37,Very High
2026-05-08 15:30,Lajpat Nagar,28.5677,77.243,652,15,Heavy Rain,16,No,No,66,High
2026-05-08 15:40,Karol Bagh,28.6519,77.1909,647,27,Cloudy,0,No,Yes,58,Medium
2026-05-08 15:50,Sector 18 Noida,28.5706,77.324,899,5,Heavy Rain,13,No,No,85,Very High
2026-05-08 16:00,Lajpat Nagar,28.5677,77.243,522,36,Cloudy,0,No,No,40,Medium
2026-05-08 16:10,Pari Chowk,28.4671,77.503,267,53,Clear,0,No,No,82,Low
2026-05-08 16:20,MG Road Gurgaon,28.4794,77.0806,52,40,Heavy Rain,11,Yes,No,67,Low
2026-05-08 16:30,Greater Noida West,28.59,77.43,88,65,Clear,0,No,No,41,Low
2026-05-08 16:40,Greater Noida West,28.59,77.43,159,60,Fog,0,No,No,96,Low
2026-05-08 16:50,Dwarka Sector 21,28.5511,77.0565,684,13,Rain,5,No,No,83,Very High
2026-05-08 17:00,Sector 18 Noida,28.5706,77.324,617,29,Clear,0,No,No,85,Medium
2026-05-08 17:10,Karol Bagh,28.6519,77.1909,222,56,Clear,0,No,Yes,64,Low
2026-05-08 17:20,Akshardham Route,28.6127,77.2773,807,5,Heavy Rain,3,No,No,57,Very High
2026-05-08 17:30,Akshardham Route,28.6127,77.2773,866,13,Fog,0,No,No,13,Very High
2026-05-08 17:40,Akshardham Route,28.6127,77.2773,688,25,Clear,0,No,No,26,Medium
2026-05-08 17:50,Botanical Garden,28.5636,77.334,775,5,Cloudy,0,Yes,No,67,Very High
2026-05-08 18:00,Greater Noida West,28.59,77.43,830,5,Clear,0,Yes,No,80,Very High
2026-05-08 18:10,Akshardham Route,28.6127,77.2773,431,42,Fog,0,No,No,63,Low
2026-05-08 18:20,Karol Bagh,28.6519,77.1909,851,5,Clear,0,Yes,No,30,Very High
2026-05-08 18:30,Lajpat Nagar,28.5677,77.243,769,5,Fog,0,Yes,No,97,Very High
2026-05-08 18:40,Vaishali Ghaziabad,28.646,77.339,686,13,Rain,1,No,Yes,49,Very High
2026-05-08 18:50,India Gate,28.6129,77.2295,826,5,Rain,3,Yes,No,88,Very High
2026-05-08 19:00,IGI Airport T3,28.5562,77.1,189,58,Fog,0,No,No,71,Low
2026-05-08 19:10,Botanical Garden,28.5636,77.334,607,18,Rain,6,No,No,21,High
2026-05-08 19:20,MG Road Gurgaon,28.4794,77.0806,898,11,Fog,0,No,No,21,Very High
2026-05-08 19:30,Akshardham Route,28.6127,77.2773,547,22,Rain,11,No,No,27,High
2026-05-08 19:40,Sector 18 Noida,28.5706,77.324,497,25,Heavy Rain,10,No,Yes,42,Medium
2026-05-08 19:50,Dwarka Sector 21,28.5511,77.0565,661,26,Fog,0,No,No,32,Medium
2026-05-08 20:00,Sector 18 Noida,28.5706,77.324,411,43,Clear,0,No,No,76,Low
2026-05-08 20:10,Pari Chowk,28.4671,77.503,292,51,Fog,0,No,No,77,Low
2026-05-08 20:20,MG Road Gurgaon,28.4794,77.0806,875,5,Rain,10,No,No,26,Very High
2026-05-08 20:30,Greater Noida West,28.59,77.43,515,24,Rain,10,No,Yes,91,High
2026-05-08 20:40,Karol Bagh,28.6519,77.1909,53,40,Rain,17,Yes,Yes,16,Low
2026-05-08 20:50,Akshardham Route,28.6127,77.2773,105,51,Rain,17,No,No,86,Low
2026-05-08 21:00,IGI Airport T3,28.5562,77.1,71,54,Heavy Rain,15,No,Yes,57,Low
2026-05-08 21:10,Pari Chowk,28.4671,77.503,835,15,Cloudy,0,No,No,100,Very High
2026-05-08 21:20,India Gate,28.6129,77.2295,530,23,Rain,2,No,No,13,High
2026-05-08 21:30,Pari Chowk,28.4671,77.503,371,34,Heavy Rain,2,No,Yes,21,Medium
2026-05-08 21:40,Cyber Hub Gurgaon,28.4959,77.0882,166,47,Heavy Rain,4,No,No,100,Low
2026-05-08 21:50,Dwarka Sector 21,28.5511,77.0565,650,15,Rain,3,No,No,90,High
2026-05-08 22:00,Connaught Place,28.6315,77.2167,132,62,Cloudy,0,No,No,44,Low
2026-05-08 22:10,DND Flyway,28.5942,77.3053,743,21,Cloudy,0,No,No,62,Very High
2026-05-08 22:20,Karol Bagh,28.6519,77.1909,330,21,Heavy Rain,5,Yes,No,84,High
2026-05-08 22:30,DND Flyway,28.5942,77.3053,418,31,Rain,4,No,Yes,55,Medium
2026-05-08 22:40,Connaught Place,28.6315,77.2167,510,21,Cloudy,0,Yes,Yes,41,High
2026-05-08 22:50,Botanical Garden,28.5636,77.334,571,32,Fog,0,No,Yes,69,Medium
2026-05-08 23:00,IGI Airport T3,28.5562,77.1,486,11,Heavy Rain,10,Yes,No,30,Very High
2026-05-08 23:10,Sector 62 Noida,28.628,77.3649,846,14,Fog,0,No,Yes,11,Very High
2026-05-08 23:20,Botanical Garden,28.5636,77.334,140,46,Cloudy,0,Yes,No,36,Low
2026-05-08 23:30,Vaishali Ghaziabad,28.646,77.339,713,11,Rain,13,No,No,74,Very High
2026-05-08 23:40,Pari Chowk,28.4671,77.503,594,31,Fog,0,No,No,71,Medium
2026-05-08 23:50,Akshardham Route,28.6127,77.2773,827,5,Rain,11,No,Yes,66,Very High
2026-05-09 00:00,Pari Chowk,28.4671,77.503,433,42,Cloudy,0,No,No,83,Low
2026-05-09 00:10,India Gate,28.6129,77.2295,151,33,Heavy Rain,4,Yes,No,32,Medium
2026-05-09 00:20,Cyber Hub Gurgaon,28.4959,77.0882,231,55,Cloudy,0,No,No,67,Low
2026-05-09 00:30,India Gate,28.6129,77.2295,662,14,Heavy Rain,10,No,Yes,79,Very High
2026-05-09 00:40,Vaishali Ghaziabad,28.646,77.339,175,47,Heavy Rain,19,No,Yes,67,Low
2026-05-09 00:50,Lajpat Nagar,28.5677,77.243,634,28,Clear,0,No,No,27,Medium
2026-05-09 01:00,Vaishali Ghaziabad,28.646,77.339,155,60,Fog,0,No,No,67,Low
2026-05-09 01:10,Sector 18 Noida,28.5706,77.324,441,14,Rain,14,Yes,No,19,Very High
2026-05-09 01:20,India Gate,28.6129,77.2295,734,5,Heavy Rain,11,Yes,No,78,Very High
2026-05-09 01:30,Akshardham Route,28.6127,77.2773,851,14,Fog,0,No,No,41,Very High
2026-05-09 01:40,Lajpat Nagar,28.5677,77.243,249,42,Heavy Rain,1,No,No,28,Low
2026-05-09 01:50,Karol Bagh,28.6519,77.1909,680,5,Heavy Rain,16,Yes,No,91,Very High
2026-05-09 02:00,Lajpat Nagar,28.5677,77.243,686,25,Clear,0,No,No,92,Medium
2026-05-09 02:10,Akshardham Route,28.6127,77.2773,68,66,Clear,0,No,No,43,Low
2026-05-09 02:20,Greater Noida West,28.59,77.43,292,51,Fog,0,No,Yes,56,Low
2026-05-09 02:30,Karol Bagh,28.6519,77.1909,893,11,Clear,0,No,No,20,Very High
2026-05-09 02:40,DND Flyway,28.5942,77.3053,698,9,Cloudy,0,Yes,No,61,Very High
2026-05-09 02:50,Greater Noida West,28.59,77.43,591,19,Heavy Rain,2,No,No,47,High
2026-05-09 03:00,IGI Airport T3,28.5562,77.1,282,40,Heavy Rain,15,No,No,58,Low
2026-05-09 03:10,Botanical Garden,28.5636,77.334,681,25,Fog,0,No,No,97,Medium
2026-05-09 03:20,Karol Bagh,28.6519,77.1909,776,19,Clear,0,No,No,11,Very High
2026-05-09 03:30,Greater Noida West,28.59,77.43,333,48,Clear,0,No,No,61,Low
2026-05-09 03:40,Pari Chowk,28.4671,77.503,220,56,Cloudy,0,No,No,49,Low
2026-05-09 03:50,Connaught Place,28.6315,77.2167,270,52,Clear,0,No,Yes,35,Low
2026-05-09 04:00,Greater Noida West,28.59,77.43,184,46,Rain,12,No,No,97,Low
2026-05-09 04:10,Connaught Place,28.6315,77.2167,895,5,Rain,20,No,No,27,Very High
2026-05-09 04:20,Sector 62 Noida,28.628,77.3649,155,45,Cloudy,0,Yes,Yes,60,Low
2026-05-09 04:30,MG Road Gurgaon,28.4794,77.0806,462,40,Clear,0,No,No,58,Low
2026-05-09 04:40,Vaishali Ghaziabad,28.646,77.339,377,45,Cloudy,0,No,No,95,Low
2026-05-09 04:50,MG Road Gurgaon,28.4794,77.0806,88,65,Fog,0,No,No,75,Low
2026-05-09 05:00,Akshardham Route,28.6127,77.2773,336,48,Clear,0,No,No,15,Low
2026-05-09 05:10,IGI Airport T3,28.5562,77.1,242,42,Rain,20,No,No,74,Low
2026-05-09 05:20,Greater Noida West,28.59,77.43,522,21,Clear,0,Yes,No,53,High
2026-05-09 05:30,Sector 62 Noida,28.628,77.3649,565,18,Cloudy,0,Yes,No,45,High
2026-05-09 05:40,DND Flyway,28.5942,77.3053,63,39,Rain,19,Yes,Yes,86,Medium
2026-05-09 05:50,MG Road Gurgaon,28.4794,77.0806,459,28,Heavy Rain,18,No,No,62,Medium
2026-05-09 06:00,Connaught Place,28.6315,77.2167,699,24,Cloudy,0,No,Yes,84,High
2026-05-09 06:10,Pari Chowk,28.4671,77.503,176,59,Clear,0,No,Yes,29,Low
2026-05-09 06:20,IGI Airport T3,28.5562,77.1,569,33,Cloudy,0,No,No,78,Medium
2026-05-09 06:30,Sector 62 Noida,28.628,77.3649,469,39,Fog,0,No,Yes,33,Medium
2026-05-09 06:40,Cyber Hub Gurgaon,28.4959,77.0882,97,64,Clear,0,No,No,78,Low
2026-05-09 06:50,Karol Bagh,28.6519,77.1909,422,42,Fog,0,No,No,75,Low
2026-05-09 07:00,Connaught Place,28.6315,77.2167,823,16,Clear,0,No,No,38,Very High
2026-05-09 07:10,Karol Bagh,28.6519,77.1909,111,63,Cloudy,0,No,No,13,Low
2026-05-09 07:20,Botanical Garden,28.5636,77.334,292,39,Heavy Rain,6,No,Yes,59,Medium
2026-05-09 07:30,Cyber Hub Gurgaon,28.4959,77.0882,348,32,Cloudy,0,Yes,No,16,Medium
2026-05-09 07:40,Sector 62 Noida,28.628,77.3649,384,45,Cloudy,0,No,No,54,Low
2026-05-09 07:50,DND Flyway,28.5942,77.3053,312,50,Fog,0,No,Yes,50,Low
2026-05-09 08:00,Sector 62 Noida,28.628,77.3649,57,67,Cloudy,0,No,No,61,Low
2026-05-09 08:10,Vaishali Ghaziabad,28.646,77.339,245,39,Cloudy,0,Yes,Yes,57,Medium
2026-05-09 08:20,Greater Noida West,28.59,77.43,569,33,Cloudy,0,No,Yes,84,Medium
2026-05-09 08:30,MG Road Gurgaon,28.4794,77.0806,172,32,Rain,1,Yes,Yes,12,Medium
2026-05-09 08:40,IGI Airport T3,28.5562,77.1,596,19,Rain,20,No,No,86,High
2026-05-09 08:50,Greater Noida West,28.59,77.43,138,49,Rain,20,No,No,14,Low
2026-05-09 09:00,Lajpat Nagar,28.5677,77.243,773,7,Heavy Rain,10,No,No,26,Very High
2026-05-09 09:10,Cyber Hub Gurgaon,28.4959,77.0882,175,47,Heavy Rain,17,No,No,98,Low
2026-05-09 09:20,MG Road Gurgaon,28.4794,77.0806,93,52,Rain,14,No,No,79,Low
2026-05-09 09:30,Botanical Garden,28.5636,77.334,166,47,Heavy Rain,6,No,No,86,Low
2026-05-09 09:40,Sector 62 Noida,28.628,77.3649,271,52,Clear,0,No,No,74,Low
2026-05-09 09:50,IGI Airport T3,28.5562,77.1,586,31,Fog,0,No,No,89,Medium
2026-05-09 10:00,Akshardham Route,28.6127,77.2773,361,46,Cloudy,0,No,No,41,Low
2026-05-09 10:10,Akshardham Route,28.6127,77.2773,380,33,Heavy Rain,6,No,No,77,Medium
2026-05-09 10:20,Dwarka Sector 21,28.5511,77.0565,67,66,Clear,0,No,No,51,Low
2026-05-09 10:30,Dwarka Sector 21,28.5511,77.0565,151,48,Heavy Rain,4,No,Yes,87,Low
2026-05-09 10:40,DND Flyway,28.5942,77.3053,872,5,Heavy Rain,1,No,Yes,25,Very High
2026-05-09 10:50,Sector 62 Noida,28.628,77.3649,362,34,Rain,3,No,Yes,62,Medium
2026-05-09 11:00,Dwarka Sector 21,28.5511,77.0565,800,17,Fog,0,No,No,63,Very High
2026-05-09 11:10,Akshardham Route,28.6127,77.2773,411,31,Rain,7,No,No,76,Medium
2026-05-09 11:20,IGI Airport T3,28.5562,77.1,863,13,Cloudy,0,No,Yes,56,Very High
2026-05-09 11:30,DND Flyway,28.5942,77.3053,404,32,Heavy Rain,12,No,No,96,Medium
2026-05-09 11:40,Lajpat Nagar,28.5677,77.243,733,10,Rain,3,No,No,83,Very High
2026-05-09 11:50,Sector 18 Noida,28.5706,77.324,99,52,Heavy Rain,6,No,Yes,71,Low
2026-05-09 12:00,IGI Airport T3,28.5562,77.1,486,38,Clear,0,No,Yes,23,Medium
2026-05-09 12:10,India Gate,28.6129,77.2295,779,5,Rain,12,Yes,No,88,Very High
2026-05-09 12:20,Akshardham Route,28.6127,77.2773,834,5,Clear,0,Yes,Yes,64,Very High
2026-05-09 12:30,Greater Noida West,28.59,77.43,471,27,Rain,7,No,No,13,Medium
2026-05-09 12:40,Vaishali Ghaziabad,28.646,77.339,869,5,Heavy Rain,16,No,No,57,Very High
2026-05-09 12:50,DND Flyway,28.5942,77.3053,217,56,Fog,0,No,No,59,Low
2026-05-09 13:00,Botanical Garden,28.5636,77.334,899,11,Clear,0,No,No,42,Very High
2026-05-09 13:10,India Gate,28.6129,77.2295,806,5,Rain,6,No,No,36,Very High
2026-05-09 13:20,Botanical Garden,28.5636,77.334,749,6,Cloudy,0,Yes,No,68,Very High
2026-05-09 13:30,Vaishali Ghaziabad,28.646,77.339,67,51,Fog,0,Yes,Yes,28,Low
2026-05-09 13:40,MG Road Gurgaon,28.4794,77.0806,550,34,Cloudy,0,No,No,59,Medium
2026-05-09 13:50,DND Flyway,28.5942,77.3053,497,37,Clear,0,No,Yes,68,Medium
2026-05-09 14:00,Greater Noida West,28.59,77.43,413,43,Cloudy,0,No,Yes,95,Low
2026-05-09 14:10,Karol Bagh,28.6519,77.1909,89,38,Rain,4,Yes,No,57,Medium
2026-05-09 14:20,India Gate,28.6129,77.2295,559,21,Heavy Rain,2,No,No,23,High
2026-05-09 14:30,Karol Bagh,28.6519,77.1909,641,16,Heavy Rain,11,No,Yes,58,High
2026-05-09 14:40,MG Road Gurgaon,28.4794,77.0806,323,49,Clear,0,No,Yes,68,Low
2026-05-09 14:50,Karol Bagh,28.6519,77.1909,129,62,Cloudy,0,No,No,42,Low
2026-05-09 15:00,India Gate,28.6129,77.2295,843,14,Clear,0,No,No,92,Very High
2026-05-09 15:10,Cyber Hub Gurgaon,28.4959,77.0882,366,19,Heavy Rain,19,Yes,Yes,82,High
2026-05-09 15:20,Vaishali Ghaziabad,28.646,77.339,567,21,Rain,10,No,No,85,High
2026-05-09 15:30,Sector 18 Noida,28.5706,77.324,584,20,Heavy Rain,16,No,No,86,High
2026-05-09 15:40,Botanical Garden,28.5636,77.334,601,30,Cloudy,0,No,Yes,95,Medium
2026-05-09 15:50,IGI Airport T3,28.5562,77.1,742,21,Cloudy,0,No,No,83,Very High
2026-05-09 16:00,Cyber Hub Gurgaon,28.4959,77.0882,691,9,Cloudy,0,Yes,No,37,Very High
2026-05-09 16:10,Botanical Garden,28.5636,77.334,441,29,Rain,1,No,No,59,Medium
2026-05-09 16:20,Connaught Place,28.6315,77.2167,625,29,Cloudy,0,No,Yes,28,Medium
2026-05-09 16:30,DND Flyway,28.5942,77.3053,65,66,Cloudy,0,No,No,72,Low
2026-05-09 16:40,Dwarka Sector 21,28.5511,77.0565,847,5,Rain,4,No,Yes,47,Very High
2026-05-09 16:50,Greater Noida West,28.59,77.43,363,46,Clear,0,No,No,56,Low
2026-05-09 17:00,Dwarka Sector 21,28.5511,77.0565,433,42,Fog,0,No,No,13,Low
2026-05-09 17:10,Sector 18 Noida,28.5706,77.324,190,58,Clear,0,No,No,42,Low
2026-05-09 17:20,Akshardham Route,28.6127,77.2773,800,5,Heavy Rain,5,No,No,82,Very High
2026-05-09 17:30,Connaught Place,28.6315,77.2167,240,42,Rain,11,No,No,43,Low
2026-05-09 17:40,Vaishali Ghaziabad,28.646,77.339,702,9,Cloudy,0,Yes,No,23,Very High
2026-05-09 17:50,India Gate,28.6129,77.2295,576,32,Cloudy,0,No,Yes,65,Medium
2026-05-09 18:00,Sector 18 Noida,28.5706,77.324,287,24,Heavy Rain,14,Yes,Yes,96,High
2026-05-09 18:10,Sector 62 Noida,28.628,77.3649,308,50,Cloudy,0,No,Yes,43,Low
2026-05-09 18:20,Karol Bagh,28.6519,77.1909,167,44,Fog,0,Yes,No,81,Low
2026-05-09 18:30,Cyber Hub Gurgaon,28.4959,77.0882,140,61,Cloudy,0,No,No,84,Low
2026-05-09 18:40,Dwarka Sector 21,28.5511,77.0565,517,21,Clear,0,Yes,Yes,16,High
2026-05-09 18:50,IGI Airport T3,28.5562,77.1,216,56,Fog,0,No,No,78,Low
2026-05-09 19:00,Sector 18 Noida,28.5706,77.324,870,12,Cloudy,0,No,No,69,Very High
2026-05-09 19:10,DND Flyway,28.5942,77.3053,528,35,Cloudy,0,No,No,16,Medium
2026-05-09 19:20,Vaishali Ghaziabad,28.646,77.339,205,57,Cloudy,0,No,No,29,Low
2026-05-09 19:30,Akshardham Route,28.6127,77.2773,387,45,Clear,0,No,No,10,Low
2026-05-09 19:40,Botanical Garden,28.5636,77.334,814,16,Fog,0,No,No,92,Very High
2026-05-09 19:50,MG Road Gurgaon,28.4794,77.0806,159,48,Rain,7,No,Yes,51,Low
2026-05-09 20:00,India Gate,28.6129,77.2295,605,30,Cloudy,0,No,Yes,11,Medium
2026-05-09 20:10,Lajpat Nagar,28.5677,77.243,207,45,Heavy Rain,12,No,Yes,74,Low
2026-05-09 20:20,Akshardham Route,28.6127,77.2773,762,8,Rain,20,No,Yes,41,Very High
2026-05-09 20:30,Pari Chowk,28.4671,77.503,251,54,Fog,0,No,Yes,95,Low
2026-05-09 20:40,Botanical Garden,28.5636,77.334,864,13,Fog,0,No,No,29,Very High
2026-05-09 20:50,Connaught Place,28.6315,77.2167,516,24,Heavy Rain,19,No,No,50,High
2026-05-09 21:00,Pari Chowk,28.4671,77.503,532,20,Fog,0,Yes,No,99,High
2026-05-09 21:10,Vaishali Ghaziabad,28.646,77.339,290,51,Cloudy,0,No,No,18,Low
2026-05-09 21:20,IGI Airport T3,28.5562,77.1,167,32,Heavy Rain,3,Yes,No,58,Medium
2026-05-09 21:30,Karol Bagh,28.6519,77.1909,576,5,Heavy Rain,19,Yes,No,58,Very High
2026-05-09 21:40,DND Flyway,28.5942,77.3053,546,22,Heavy Rain,2,No,No,25,High
2026-05-09 21:50,India Gate,28.6129,77.2295,189,46,Heavy Rain,8,No,Yes,15,Low
2026-05-09 22:00,Botanical Garden,28.5636,77.334,344,48,Fog,0,No,No,58,Low
2026-05-09 22:10,IGI Airport T3,28.5562,77.1,464,28,Heavy Rain,8,No,No,46,Medium
2026-05-09 22:20,Sector 18 Noida,28.5706,77.324,657,12,Clear,0,Yes,No,53,Very High
2026-05-09 22:30,Connaught Place,28.6315,77.2167,286,51,Fog,0,No,No,98,Low
2026-05-09 22:40,Cyber Hub Gurgaon,28.4959,77.0882,526,35,Clear,0,No,No,14,Medium
2026-05-09 22:50,DND Flyway,28.5942,77.3053,341,36,Heavy Rain,3,No,No,58,Medium
2026-05-09 23:00,Greater Noida West,28.59,77.43,195,45,Heavy Rain,1,No,Yes,89,Low
2026-05-09 23:10,Akshardham Route,28.6127,77.2773,310,38,Rain,16,No,No,98,Medium
2026-05-09 23:20,IGI Airport T3,28.5562,77.1,863,5,Heavy Rain,16,No,No,44,Very High
2026-05-09 23:30,Karol Bagh,28.6519,77.1909,193,31,Rain,4,Yes,No,29,Medium
2026-05-09 23:40,Akshardham Route,28.6127,77.2773,827,5,Fog,0,Yes,No,29,Very High
2026-05-09 23:50,Botanical Garden,28.5636,77.334,608,5,Heavy Rain,10,Yes,No,89,Very High
2026-05-10 00:00,Sector 62 Noida,28.628,77.3649,891,11,Fog,0,No,No,100,Very High
2026-05-10 00:10,Sector 62 Noida,28.628,77.3649,221,41,Fog,0,Yes,No,95,Low
2026-05-10 00:20,India Gate,28.6129,77.2295,107,63,Cloudy,0,No,No,81,Low
2026-05-10 00:30,DND Flyway,28.5942,77.3053,93,37,Rain,13,Yes,No,100,Medium
2026-05-10 00:40,Dwarka Sector 21,28.5511,77.0565,707,23,Fog,0,No,No,93,Very High
2026-05-10 00:50,Pari Chowk,28.4671,77.503,98,64,Fog,0,No,No,73,Low
2026-05-10 01:00,Botanical Garden,28.5636,77.334,116,63,Cloudy,0,No,Yes,95,Low
2026-05-10 01:10,Karol Bagh,28.6519,77.1909,490,26,Heavy Rain,20,No,No,16,Medium
2026-05-10 01:20,MG Road Gurgaon,28.4794,77.0806,833,5,Rain,6,Yes,No,72,Very High
2026-05-10 01:30,Dwarka Sector 21,28.5511,77.0565,812,16,Cloudy,0,No,No,43,Very High
2026-05-10 01:40,Greater Noida West,28.59,77.43,455,25,Fog,0,Yes,No,59,Medium
2026-05-10 01:50,Akshardham Route,28.6127,77.2773,757,8,Rain,11,No,No,61,Very High
2026-05-10 02:00,Karol Bagh,28.6519,77.1909,196,57,Clear,0,No,No,70,Low
2026-05-10 02:10,IGI Airport T3,28.5562,77.1,174,59,Fog,0,No,No,65,Low
2026-05-10 02:20,Dwarka Sector 21,28.5511,77.0565,893,5,Rain,12,Yes,No,96,Very High
2026-05-10 02:30,IGI Airport T3,28.5562,77.1,298,39,Rain,3,No,No,86,Medium
2026-05-10 02:40,Sector 18 Noida,28.5706,77.324,457,13,Rain,7,Yes,Yes,76,Very High
2026-05-10 02:50,Vaishali Ghaziabad,28.646,77.339,338,48,Fog,0,No,No,19,Low
2026-05-10 03:00,Botanical Garden,28.5636,77.334,172,47,Heavy Rain,8,No,Yes,48,Low
2026-05-10 03:10,Sector 62 Noida,28.628,77.3649,747,9,Heavy Rain,20,No,Yes,58,Very High
2026-05-10 03:20,IGI Airport T3,28.5562,77.1,602,30,Fog,0,No,No,23,Medium
2026-05-10 03:30,Vaishali Ghaziabad,28.646,77.339,220,29,Heavy Rain,19,Yes,Yes,26,Medium
2026-05-10 03:40,Akshardham Route,28.6127,77.2773,215,44,Rain,3,No,No,48,Low
2026-05-10 03:50,Lajpat Nagar,28.5677,77.243,442,26,Cloudy,0,Yes,No,80,Medium
2026-05-10 04:00,Greater Noida West,28.59,77.43,775,19,Cloudy,0,No,No,57,Very High
2026-05-10 04:10,Greater Noida West,28.59,77.43,759,5,Cloudy,0,Yes,No,100,Very High
2026-05-10 04:20,Pari Chowk,28.4671,77.503,540,19,Clear,0,Yes,No,66,High
2026-05-10 04:30,DND Flyway,28.5942,77.3053,295,51,Clear,0,No,No,40,Low
2026-05-10 04:40,Karol Bagh,28.6519,77.1909,760,20,Cloudy,0,No,No,32,Very High
2026-05-10 04:50,Cyber Hub Gurgaon,28.4959,77.0882,306,38,Rain,9,No,No,37,Medium
2026-05-10 05:00,Karol Bagh,28.6519,77.1909,87,65,Fog,0,No,No,79,Low
2026-05-10 05:10,Dwarka Sector 21,28.5511,77.0565,320,37,Heavy Rain,9,No,No,62,Medium
2026-05-10 05:20,Cyber Hub Gurgaon,28.4959,77.0882,418,28,Fog,0,Yes,Yes,65,Medium
2026-05-10 05:30,Botanical Garden,28.5636,77.334,741,9,Heavy Rain,18,No,No,92,Very High
2026-05-10 05:40,DND Flyway,28.5942,77.3053,456,28,Heavy Rain,16,No,No,60,Medium
2026-05-10 05:50,MG Road Gurgaon,28.4794,77.0806,257,41,Heavy Rain,3,No,No,70,Low
2026-05-10 06:00,Cyber Hub Gurgaon,28.4959,77.0882,428,30,Rain,7,No,Yes,22,Medium
2026-05-10 06:10,Botanical Garden,28.5636,77.334,336,33,Clear,0,Yes,Yes,13,Medium
2026-05-10 06:20,Botanical Garden,28.5636,77.334,529,23,Heavy Rain,16,No,No,54,High
2026-05-10 06:30,Dwarka Sector 21,28.5511,77.0565,520,24,Heavy Rain,9,No,No,46,High
2026-05-10 06:40,DND Flyway,28.5942,77.3053,139,46,Fog,0,Yes,No,17,Low
2026-05-10 06:50,Akshardham Route,28.6127,77.2773,122,50,Rain,14,No,Yes,23,Low
2026-05-10 07:00,Cyber Hub Gurgaon,28.4959,77.0882,818,16,Fog,0,No,No,97,Very High
2026-05-10 07:10,Sector 62 Noida,28.628,77.3649,239,40,Cloudy,0,Yes,No,58,Low
2026-05-10 07:20,Karol Bagh,28.6519,77.1909,354,35,Rain,8,No,No,82,Medium
2026-05-10 07:30,IGI Airport T3,28.5562,77.1,305,50,Fog,0,No,No,75,Low
2026-05-10 07:40,IGI Airport T3,28.5562,77.1,262,26,Heavy Rain,14,Yes,No,67,Medium
2026-05-10 07:50,Dwarka Sector 21,28.5511,77.0565,454,40,Clear,0,No,Yes,42,Low
2026-05-10 08:00,DND Flyway,28.5942,77.3053,897,5,Rain,12,No,No,94,Very High
2026-05-10 08:10,Lajpat Nagar,28.5677,77.243,265,41,Rain,20,No,No,12,Low
2026-05-10 08:20,Vaishali Ghaziabad,28.646,77.339,878,12,Fog,0,No,No,14,Very High
2026-05-10 08:30,Sector 18 Noida,28.5706,77.324,568,21,Rain,14,No,No,29,High
2026-05-10 08:40,IGI Airport T3,28.5562,77.1,117,63,Clear,0,No,No,41,Low
2026-05-10 08:50,Sector 18 Noida,28.5706,77.324,625,14,Clear,0,Yes,No,84,Very High
2026-05-10 09:00,Dwarka Sector 21,28.5511,77.0565,287,24,Rain,20,Yes,No,63,High
2026-05-10 09:10,IGI Airport T3,28.5562,77.1,333,33,Fog,0,Yes,Yes,49,Medium
2026-05-10 09:20,Sector 18 Noida,28.5706,77.324,144,49,Heavy Rain,9,No,Yes,15,Low
2026-05-10 09:30,Botanical Garden,28.5636,77.334,204,45,Rain,10,No,Yes,39,Low
2026-05-10 09:40,Sector 62 Noida,28.628,77.3649,652,5,Rain,13,Yes,No,16,Very High
2026-05-10 09:50,Dwarka Sector 21,28.5511,77.0565,292,51,Fog,0,No,No,19,Low
2026-05-10 10:00,Connaught Place,28.6315,77.2167,440,41,Clear,0,No,No,80,Low
2026-05-10 10:10,DND Flyway,28.5942,77.3053,246,42,Rain,8,No,Yes,84,Low
2026-05-10 10:20,Karol Bagh,28.6519,77.1909,810,5,Cloudy,0,Yes,No,60,Very High
2026-05-10 10:30,IGI Airport T3,28.5562,77.1,732,22,Clear,0,No,No,94,Very High
2026-05-10 10:40,Pari Chowk,28.4671,77.503,897,5,Heavy Rain,11,No,No,33,Very High
2026-05-10 10:50,Lajpat Nagar,28.5677,77.243,223,56,Clear,0,No,Yes,88,Low
2026-05-10 11:00,Akshardham Route,28.6127,77.2773,679,5,Rain,8,Yes,No,85,Very High
2026-05-10 11:10,IGI Airport T3,28.5562,77.1,448,29,Heavy Rain,20,No,No,49,Medium
2026-05-10 11:20,Connaught Place,28.6315,77.2167,197,30,Rain,3,Yes,No,70,Medium
2026-05-10 11:30,IGI Airport T3,28.5562,77.1,495,25,Rain,9,No,Yes,49,Medium
2026-05-10 11:40,Cyber Hub Gurgaon,28.4959,77.0882,328,22,Heavy Rain,12,Yes,Yes,29,High
2026-05-10 11:50,Pari Chowk,28.4671,77.503,57,67,Cloudy,0,No,No,69,Low
2026-05-10 12:00,Akshardham Route,28.6127,77.2773,56,55,Rain,7,No,No,67,Low
2026-05-10 12:10,Sector 18 Noida,28.5706,77.324,258,41,Heavy Rain,17,No,No,89,Low
2026-05-10 12:20,Pari Chowk,28.4671,77.503,374,34,Heavy Rain,9,No,No,22,Medium
2026-05-10 12:30,Cyber Hub Gurgaon,28.4959,77.0882,143,61,Cloudy,0,No,Yes,18,Low
2026-05-10 12:40,Greater Noida West,28.59,77.43,179,32,Heavy Rain,10,Yes,No,14,Medium
2026-05-10 12:50,Dwarka Sector 21,28.5511,77.0565,596,19,Heavy Rain,4,No,Yes,47,High
2026-05-10 13:00,India Gate,28.6129,77.2295,232,28,Rain,3,Yes,No,26,Medium
2026-05-10 13:10,Vaishali Ghaziabad,28.646,77.339,192,43,Clear,0,Yes,Yes,70,Low
2026-05-10 13:20,MG Road Gurgaon,28.4794,77.0806,476,27,Rain,12,No,No,50,Medium
2026-05-10 13:30,MG Road Gurgaon,28.4794,77.0806,569,21,Rain,1,No,No,94,High
2026-05-10 13:40,IGI Airport T3,28.5562,77.1,749,5,Rain,19,Yes,Yes,26,Very High
2026-05-10 13:50,MG Road Gurgaon,28.4794,77.0806,102,37,Rain,2,Yes,No,53,Medium
2026-05-10 14:00,IGI Airport T3,28.5562,77.1,236,28,Heavy Rain,9,Yes,No,46,Medium
2026-05-10 14:10,Dwarka Sector 21,28.5511,77.0565,540,7,Rain,14,Yes,No,20,Very High
2026-05-10 14:20,IGI Airport T3,28.5562,77.1,480,38,Cloudy,0,No,No,17,Medium
2026-05-10 14:30,DND Flyway,28.5942,77.3053,834,15,Clear,0,No,No,30,Very High
2026-05-10 14:40,Connaught Place,28.6315,77.2167,272,25,Rain,1,Yes,No,74,Medium
2026-05-10 14:50,Karol Bagh,28.6519,77.1909,135,49,Rain,14,No,No,25,Low
2026-05-10 15:00,Karol Bagh,28.6519,77.1909,821,5,Heavy Rain,17,Yes,No,41,Very High
2026-05-10 15:10,Vaishali Ghaziabad,28.646,77.339,329,49,Clear,0,No,No,68,Low
2026-05-10 15:20,India Gate,28.6129,77.2295,402,44,Cloudy,0,No,No,71,Low
2026-05-10 15:30,Akshardham Route,28.6127,77.2773,744,9,Rain,7,No,No,57,Very High
2026-05-10 15:40,Pari Chowk,28.4671,77.503,598,19,Rain,7,No,Yes,36,High
2026-05-10 15:50,India Gate,28.6129,77.2295,157,48,Rain,2,No,Yes,27,Low
2026-05-10 16:00,India Gate,28.6129,77.2295,69,51,Clear,0,Yes,Yes,75,Low
2026-05-10 16:10,Cyber Hub Gurgaon,28.4959,77.0882,646,5,Rain,4,Yes,Yes,77,Very High
2026-05-10 16:20,MG Road Gurgaon,28.4794,77.0806,51,55,Rain,7,No,No,47,Low
2026-05-10 16:30,Connaught Place,28.6315,77.2167,317,22,Heavy Rain,10,Yes,No,87,High
2026-05-10 16:40,Sector 62 Noida,28.628,77.3649,477,39,Clear,0,No,No,48,Medium
2026-05-10 16:50,Dwarka Sector 21,28.5511,77.0565,406,43,Fog,0,No,Yes,89,Low
2026-05-10 17:00,Karol Bagh,28.6519,77.1909,126,62,Fog,0,No,No,55,Low
2026-05-10 17:10,Lajpat Nagar,28.5677,77.243,397,32,Heavy Rain,16,No,Yes,34,Medium
2026-05-10 17:20,IGI Airport T3,28.5562,77.1,709,23,Fog,0,No,No,29,Very High
2026-05-10 17:30,Connaught Place,28.6315,77.2167,535,23,Rain,15,No,No,90,High
2026-05-10 17:40,DND Flyway,28.5942,77.3053,781,18,Clear,0,No,No,29,Very High
2026-05-10 17:50,Cyber Hub Gurgaon,28.4959,77.0882,686,10,Cloudy,0,Yes,No,24,Very High
2026-05-10 18:00,Akshardham Route,28.6127,77.2773,877,5,Heavy Rain,7,No,No,36,Very High
2026-05-10 18:10,Sector 62 Noida,28.628,77.3649,603,30,Cloudy,0,No,No,73,Medium
2026-05-10 18:20,IGI Airport T3,28.5562,77.1,386,45,Fog,0,No,No,76,Low
2026-05-10 18:30,Connaught Place,28.6315,77.2167,173,59,Cloudy,0,No,No,13,Low
2026-05-10 18:40,Cyber Hub Gurgaon,28.4959,77.0882,79,65,Clear,0,No,Yes,88,Low
2026-05-10 18:50,Botanical Garden,28.5636,77.334,548,34,Clear,0,No,No,57,Medium
2026-05-10 19:00,Connaught Place,28.6315,77.2167,593,19,Heavy Rain,3,No,No,23,High
2026-05-10 19:10,MG Road Gurgaon,28.4794,77.0806,64,54,Heavy Rain,5,No,No,11,Low
2026-05-10 19:20,Connaught Place,28.6315,77.2167,266,53,Fog,0,No,No,28,Low
2026-05-10 19:30,Greater Noida West,28.59,77.43,609,15,Clear,0,Yes,No,66,High
2026-05-10 19:40,Akshardham Route,28.6127,77.2773,197,45,Rain,5,No,No,22,Low
2026-05-10 19:50,Cyber Hub Gurgaon,28.4959,77.0882,686,13,Rain,13,No,No,66,Very High
2026-05-10 20:00,Sector 62 Noida,28.628,77.3649,339,36,Rain,2,No,No,62,Medium
2026-05-10 20:10,Botanical Garden,28.5636,77.334,363,34,Heavy Rain,12,No,No,23,Medium
2026-05-10 20:20,India Gate,28.6129,77.2295,453,28,Heavy Rain,6,No,No,46,Medium
2026-05-10 20:30,IGI Airport T3,28.5562,77.1,898,11,Fog,0,No,No,53,Very High
2026-05-10 20:40,Connaught Place,28.6315,77.2167,632,16,Heavy Rain,20,No,Yes,88,High
2026-05-10 20:50,Sector 62 Noida,28.628,77.3649,224,44,Rain,4,No,No,98,Low
2026-05-10 21:00,MG Road Gurgaon,28.4794,77.0806,876,5,Cloudy,0,Yes,No,51,Very High
2026-05-10 21:10,MG Road Gurgaon,28.4794,77.0806,140,61,Clear,0,No,No,47,Low
2026-05-10 21:20,Sector 18 Noida,28.5706,77.324,177,59,Fog,0,No,Yes,57,Low
2026-05-10 21:30,Karol Bagh,28.6519,77.1909,130,50,Heavy Rain,16,No,No,40,Low
2026-05-10 21:40,IGI Airport T3,28.5562,77.1,893,5,Rain,7,No,No,46,Very High
2026-05-10 21:50,Pari Chowk,28.4671,77.503,738,21,Clear,0,No,No,37,Very High
2026-05-10 22:00,Vaishali Ghaziabad,28.646,77.339,813,5,Heavy Rain,9,No,Yes,51,Very High
2026-05-10 22:10,MG Road Gurgaon,28.4794,77.0806,723,22,Fog,0,No,No,61,Very High
2026-05-10 22:20,IGI Airport T3,28.5562,77.1,837,15,Cloudy,0,No,No,93,Very High
2026-05-10 22:30,Botanical Garden,28.5636,77.334,469,39,Fog,0,No,No,16,Medium
2026-05-10 22:40,Pari Chowk,28.4671,77.503,229,43,Rain,7,No,No,36,Low
2026-05-10 22:50,Vaishali Ghaziabad,28.646,77.339,708,23,Cloudy,0,No,Yes,24,Very High
2026-05-10 23:00,Lajpat Nagar,28.5677,77.243,104,49,Cloudy,0,Yes,No,99,Low
2026-05-10 23:10,DND Flyway,28.5942,77.3053,607,18,Heavy Rain,6,No,No,21,High
2026-05-10 23:20,DND Flyway,28.5942,77.3053,104,64,Fog,0,No,No,21,Low
2026-05-10 23:30,Botanical Garden,28.5636,77.334,535,23,Rain,20,No,No,53,High
2026-05-10 23:40,IGI Airport T3,28.5562,77.1,366,31,Cloudy,0,Yes,No,20,Medium
2026-05-10 23:50,Vaishali Ghaziabad,28.646,77.339,567,21,Heavy Rain,7,No,No,23,High
2026-05-11 00:00,MG Road Gurgaon,28.4794,77.0806,843,5,Heavy Rain,1,No,Yes,93,Very High
2026-05-11 00:10,Connaught Place,28.6315,77.2167,613,18,Heavy Rain,16,No,No,80,High
2026-05-11 00:20,India Gate,28.6129,77.2295,59,40,Rain,10,Yes,No,58,Low
2026-05-11 00:30,Greater Noida West,28.59,77.43,264,41,Heavy Rain,1,No,No,89,Low
2026-05-11 00:40,Karol Bagh,28.6519,77.1909,99,64,Fog,0,No,Yes,69,Low
2026-05-11 00:50,Vaishali Ghaziabad,28.646,77.339,326,22,Rain,10,Yes,No,62,High
2026-05-11 01:00,Pari Chowk,28.4671,77.503,379,33,Heavy Rain,20,No,Yes,36,Medium
2026-05-11 01:10,Cyber Hub Gurgaon,28.4959,77.0882,368,34,Rain,17,No,No,50,Medium
2026-05-11 01:20,Botanical Garden,28.5636,77.334,848,5,Heavy Rain,4,Yes,No,36,Very High
2026-05-11 01:30,Botanical Garden,28.5636,77.334,554,34,Cloudy,0,No,No,22,Medium
2026-05-11 01:40,Sector 18 Noida,28.5706,77.324,659,27,Clear,0,No,No,31,Medium
2026-05-11 01:50,Dwarka Sector 21,28.5511,77.0565,757,8,Heavy Rain,20,No,Yes,48,Very High
2026-05-11 02:00,Sector 18 Noida,28.5706,77.324,453,40,Cloudy,0,No,No,96,Low
2026-05-11 02:10,India Gate,28.6129,77.2295,895,5,Fog,0,Yes,No,31,Very High
2026-05-11 02:20,Dwarka Sector 21,28.5511,77.0565,622,29,Fog,0,No,No,33,Medium
2026-05-11 02:30,Karol Bagh,28.6519,77.1909,745,6,Fog,0,Yes,No,99,Very High
2026-05-11 02:40,DND Flyway,28.5942,77.3053,163,60,Cloudy,0,No,No,92,Low
2026-05-11 02:50,Sector 18 Noida,28.5706,77.324,852,14,Cloudy,0,No,Yes,24,Very High
2026-05-11 03:00,Lajpat Nagar,28.5677,77.243,505,25,Rain,4,No,No,48,Medium
2026-05-11 03:10,India Gate,28.6129,77.2295,404,29,Cloudy,0,Yes,No,33,Medium
2026-05-11 03:20,Pari Chowk,28.4671,77.503,273,52,Cloudy,0,No,No,28,Low
2026-05-11 03:30,Cyber Hub Gurgaon,28.4959,77.0882,801,17,Fog,0,No,No,22,Very High
2026-05-11 03:40,Pari Chowk,28.4671,77.503,316,37,Heavy Rain,16,No,Yes,34,Medium
2026-05-11 03:50,Greater Noida West,28.59,77.43,124,62,Fog,0,No,No,95,Low
2026-05-11 04:00,Lajpat Nagar,28.5677,77.243,791,18,Fog,0,No,Yes,39,Very High
2026-05-11 04:10,India Gate,28.6129,77.2295,464,40,Clear,0,No,No,16,Low
2026-05-11 04:20,Botanical Garden,28.5636,77.334,192,58,Fog,0,No,No,74,Low
2026-05-11 04:30,Akshardham Route,28.6127,77.2773,350,35,Rain,17,No,No,49,Medium
2026-05-11 04:40,Botanical Garden,28.5636,77.334,889,11,Cloudy,0,No,Yes,83,Very High
2026-05-11 04:50,Connaught Place,28.6315,77.2167,835,15,Clear,0,No,No,69,Very High
2026-05-11 05:00,DND Flyway,28.5942,77.3053,537,35,Cloudy,0,No,Yes,81,Medium
2026-05-11 05:10,DND Flyway,28.5942,77.3053,187,58,Fog,0,No,No,92,Low
2026-05-11 05:20,Vaishali Ghaziabad,28.646,77.339,732,22,Cloudy,0,No,No,53,Very High
2026-05-11 05:30,Pari Chowk,28.4671,77.503,657,12,Clear,0,Yes,Yes,90,Very High
2026-05-11 05:40,DND Flyway,28.5942,77.3053,528,35,Cloudy,0,No,Yes,28,Medium
2026-05-11 05:50,Akshardham Route,28.6127,77.2773,676,10,Fog,0,Yes,No,46,Very High
2026-05-11 06:00,Greater Noida West,28.59,77.43,592,19,Heavy Rain,2,No,No,70,High
2026-05-11 06:10,Cyber Hub Gurgaon,28.4959,77.0882,252,54,Fog,0,No,No,15,Low
2026-05-11 06:20,Dwarka Sector 21,28.5511,77.0565,339,48,Cloudy,0,No,No,78,Low
2026-05-11 06:30,IGI Airport T3,28.5562,77.1,300,38,Rain,10,No,No,84,Medium
2026-05-11 06:40,Pari Chowk,28.4671,77.503,355,32,Clear,0,Yes,No,76,Medium
2026-05-11 06:50,Karol Bagh,28.6519,77.1909,529,35,Clear,0,No,No,77,Medium
2026-05-11 07:00,Vaishali Ghaziabad,28.646,77.339,197,45,Heavy Rain,9,No,No,47,Low
2026-05-11 07:10,DND Flyway,28.5942,77.3053,402,44,Clear,0,No,No,53,Low
2026-05-11 07:20,Botanical Garden,28.5636,77.334,560,21,Rain,16,No,Yes,23,High
2026-05-11 07:30,Lajpat Nagar,28.5677,77.243,414,28,Clear,0,Yes,No,68,Medium
2026-05-11 07:40,Greater Noida West,28.59,77.43,98,37,Heavy Rain,16,Yes,No,84,Medium
2026-05-11 07:50,Connaught Place,28.6315,77.2167,819,5,Heavy Rain,7,No,No,48,Very High
2026-05-11 08:00,Vaishali Ghaziabad,28.646,77.339,868,13,Clear,0,No,No,24,Very High
2026-05-11 08:10,IGI Airport T3,28.5562,77.1,863,13,Fog,0,No,No,45,Very High
2026-05-11 08:20,DND Flyway,28.5942,77.3053,124,62,Clear,0,No,No,28,Low
2026-05-11 08:30,Pari Chowk,28.4671,77.503,296,24,Heavy Rain,19,Yes,No,66,High
2026-05-11 08:40,Dwarka Sector 21,28.5511,77.0565,340,36,Rain,8,No,No,30,Medium
2026-05-11 08:50,Cyber Hub Gurgaon,28.4959,77.0882,664,14,Rain,3,No,No,13,Very High
2026-05-11 09:00,Sector 62 Noida,28.628,77.3649,739,21,Fog,0,No,No,82,Very High
2026-05-11 09:10,Dwarka Sector 21,28.5511,77.0565,398,29,Cloudy,0,Yes,No,24,Medium
2026-05-11 09:20,MG Road Gurgaon,28.4794,77.0806,366,46,Clear,0,No,No,63,Low
2026-05-11 09:30,Vaishali Ghaziabad,28.646,77.339,396,44,Clear,0,No,No,91,Low
2026-05-11 09:40,DND Flyway,28.5942,77.3053,381,30,Fog,0,Yes,No,20,Medium
2026-05-11 09:50,Akshardham Route,28.6127,77.2773,273,52,Fog,0,No,No,82,Low
2026-05-11 10:00,Botanical Garden,28.5636,77.334,857,5,Rain,5,No,Yes,100,Very High
2026-05-11 10:10,India Gate,28.6129,77.2295,476,27,Rain,17,No,No,58,Medium
2026-05-11 10:20,Lajpat Nagar,28.5677,77.243,436,14,Heavy Rain,19,Yes,No,17,Very High
2026-05-11 10:30,Pari Chowk,28.4671,77.503,867,13,Cloudy,0,No,Yes,93,Very High
2026-05-11 10:40,DND Flyway,28.5942,77.3053,752,8,Rain,10,No,Yes,12,Very High
2026-05-11 10:50,Pari Chowk,28.4671,77.503,192,58,Fog,0,No,Yes,55,Low
2026-05-11 11:00,MG Road Gurgaon,28.4794,77.0806,385,45,Clear,0,No,No,99,Low
2026-05-11 11:10,Pari Chowk,28.4671,77.503,896,5,Heavy Rain,7,No,No,20,Very High
2026-05-11 11:20,Sector 62 Noida,28.628,77.3649,688,5,Rain,12,Yes,No,32,Very High
2026-05-11 11:30,Akshardham Route,28.6127,77.2773,837,15,Clear,0,No,No,49,Very High
2026-05-11 11:40,Karol Bagh,28.6519,77.1909,650,27,Clear,0,No,No,49,Medium
2026-05-11 11:50,Connaught Place,28.6315,77.2167,892,11,Cloudy,0,No,No,75,Very High
2026-05-11 12:00,Sector 62 Noida,28.628,77.3649,662,5,Rain,14,Yes,No,26,Very High
2026-05-11 12:10,DND Flyway,28.5942,77.3053,319,37,Rain,2,No,Yes,67,Medium
2026-05-11 12:20,Cyber Hub Gurgaon,28.4959,77.0882,568,21,Heavy Rain,14,No,No,24,High
2026-05-11 12:30,Botanical Garden,28.5636,77.334,883,12,Cloudy,0,No,No,16,Very High
2026-05-11 12:40,Cyber Hub Gurgaon,28.4959,77.0882,442,41,Cloudy,0,No,No,98,Low
2026-05-11 12:50,Cyber Hub Gurgaon,28.4959,77.0882,452,28,Heavy Rain,11,No,No,10,Medium
2026-05-11 13:00,Cyber Hub Gurgaon,28.4959,77.0882,633,28,Clear,0,No,No,13,Medium
2026-05-11 13:10,DND Flyway,28.5942,77.3053,471,39,Clear,0,No,No,86,Medium
2026-05-11 13:20,India Gate,28.6129,77.2295,634,28,Cloudy,0,No,No,21,Medium
2026-05-11 13:30,Karol Bagh,28.6519,77.1909,632,28,Fog,0,No,No,63,Medium
2026-05-11 13:40,Cyber Hub Gurgaon,28.4959,77.0882,680,5,Rain,18,Yes,No,33,Very High
2026-05-11 13:50,Pari Chowk,28.4671,77.503,661,26,Cloudy,0,No,No,63,Medium
2026-05-11 14:00,Lajpat Nagar,28.5677,77.243,140,61,Fog,0,No,No,28,Low
2026-05-11 14:10,Dwarka Sector 21,28.5511,77.0565,763,20,Fog,0,No,No,69,Very High
2026-05-11 14:20,India Gate,28.6129,77.2295,91,49,Cloudy,0,Yes,No,13,Low
2026-05-11 14:30,Botanical Garden,28.5636,77.334,669,26,Clear,0,No,No,57,Medium
2026-05-11 14:40,Dwarka Sector 21,28.5511,77.0565,775,7,Heavy Rain,7,No,Yes,100,Very High
2026-05-11 14:50,Pari Chowk,28.4671,77.503,537,35,Fog,0,No,No,95,Medium
2026-05-11 15:00,Vaishali Ghaziabad,28.646,77.339,490,26,Heavy Rain,6,No,No,45,Medium
2026-05-11 15:10,Cyber Hub Gurgaon,28.4959,77.0882,100,49,Clear,0,Yes,No,69,Low
2026-05-11 15:20,Sector 62 Noida,28.628,77.3649,891,11,Fog,0,No,No,83,Very High
2026-05-11 15:30,Greater Noida West,28.59,77.43,118,63,Clear,0,No,No,62,Low
2026-05-11 15:40,MG Road Gurgaon,28.4794,77.0806,478,39,Cloudy,0,No,No,76,Medium
2026-05-11 15:50,Cyber Hub Gurgaon,28.4959,77.0882,427,30,Heavy Rain,14,No,Yes,23,Medium
2026-05-11 16:00,Sector 62 Noida,28.628,77.3649,278,40,Heavy Rain,17,No,No,55,Low
2026-05-11 16:10,Akshardham Route,28.6127,77.2773,363,46,Cloudy,0,No,Yes,94,Low
2026-05-11 16:20,Sector 18 Noida,28.5706,77.324,140,61,Clear,0,No,Yes,55,Low
2026-05-11 16:30,Dwarka Sector 21,28.5511,77.0565,365,19,Rain,1,Yes,No,92,High
2026-05-11 16:40,Pari Chowk,28.4671,77.503,235,55,Fog,0,No,No,33,Low
2026-05-11 16:50,Vaishali Ghaziabad,28.646,77.339,854,14,Clear,0,No,Yes,82,Very High
2026-05-11 17:00,DND Flyway,28.5942,77.3053,576,5,Rain,3,Yes,No,96,Very High
2026-05-11 17:10,Botanical Garden,28.5636,77.334,883,12,Cloudy,0,No,No,45,Very High
2026-05-11 17:20,Greater Noida West,28.59,77.43,658,12,Fog,0,Yes,No,68,Very High
2026-05-11 17:30,DND Flyway,28.5942,77.3053,64,66,Clear,0,No,No,74,Low
2026-05-11 17:40,Dwarka Sector 21,28.5511,77.0565,736,5,Heavy Rain,6,Yes,Yes,83,Very High
2026-05-11 17:50,Botanical Garden,28.5636,77.334,807,5,Heavy Rain,11,No,No,46,Very High
2026-05-11 18:00,India Gate,28.6129,77.2295,657,27,Fog,0,No,No,27,Medium
2026-05-11 18:10,Greater Noida West,28.59,77.43,222,44,Rain,9,No,No,26,Low
2026-05-11 18:20,DND Flyway,28.5942,77.3053,558,33,Cloudy,0,No,No,51,Medium
2026-05-11 18:30,Connaught Place,28.6315,77.2167,525,35,Cloudy,0,No,No,77,Medium
2026-05-11 18:40,Karol Bagh,28.6519,77.1909,137,46,Fog,0,Yes,Yes,69,Low
2026-05-11 18:50,Pari Chowk,28.4671,77.503,278,52,Cloudy,0,No,No,92,Low
2026-05-11 19:00,Akshardham Route,28.6127,77.2773,368,34,Rain,18,No,No,25,Medium
2026-05-11 19:10,Greater Noida West,28.59,77.43,873,12,Fog,0,No,Yes,56,Very High
2026-05-11 19:20,Akshardham Route,28.6127,77.2773,321,37,Heavy Rain,8,No,No,11,Medium
2026-05-11 19:30,MG Road Gurgaon,28.4794,77.0806,862,5,Rain,2,No,Yes,89,Very High
2026-05-11 19:40,Pari Chowk,28.4671,77.503,173,59,Cloudy,0,No,Yes,12,Low
2026-05-11 19:50,Lajpat Nagar,28.5677,77.243,763,8,Rain,15,No,Yes,13,Very High
2026-05-11 20:00,Sector 62 Noida,28.628,77.3649,680,25,Cloudy,0,No,No,68,Medium
2026-05-11 20:10,Sector 18 Noida,28.5706,77.324,130,62,Clear,0,No,Yes,33,Low
2026-05-11 20:20,Dwarka Sector 21,28.5511,77.0565,264,26,Rain,6,Yes,No,82,Medium
2026-05-11 20:30,Pari Chowk,28.4671,77.503,291,39,Rain,11,No,No,98,Medium
2026-05-11 20:40,Akshardham Route,28.6127,77.2773,900,5,Rain,10,Yes,No,67,Very High
2026-05-11 20:50,Greater Noida West,28.59,77.43,590,31,Clear,0,No,Yes,49,Medium
2026-05-11 21:00,Karol Bagh,28.6519,77.1909,523,36,Fog,0,No,No,90,Medium
2026-05-11 21:10,India Gate,28.6129,77.2295,665,11,Cloudy,0,Yes,No,73,Very High
2026-05-11 21:20,Sector 18 Noida,28.5706,77.324,448,29,Rain,16,No,Yes,33,Medium
2026-05-11 21:30,Cyber Hub Gurgaon,28.4959,77.0882,551,22,Heavy Rain,15,No,No,38,High
2026-05-11 21:40,Connaught Place,28.6315,77.2167,507,22,Clear,0,Yes,No,27,High
2026-05-11 21:50,Botanical Garden,28.5636,77.334,627,5,Rain,4,Yes,No,18,Very High
2026-05-11 22:00,DND Flyway,28.5942,77.3053,472,27,Heavy Rain,6,No,Yes,66,Medium
2026-05-11 22:10,India Gate,28.6129,77.2295,242,39,Fog,0,Yes,No,52,Medium
2026-05-11 22:20,Lajpat Nagar,28.5677,77.243,408,43,Fog,0,No,Yes,32,Low
2026-05-11 22:30,Pari Chowk,28.4671,77.503,103,52,Heavy Rain,4,No,Yes,43,Low
2026-05-11 22:40,Cyber Hub Gurgaon,28.4959,77.0882,648,12,Cloudy,0,Yes,Yes,89,Very High
2026-05-11 22:50,Sector 18 Noida,28.5706,77.324,773,7,Rain,7,No,No,94,Very High
2026-05-11 23:00,Connaught Place,28.6315,77.2167,828,5,Rain,8,No,Yes,43,Very High
2026-05-11 23:10,Sector 18 Noida,28.5706,77.324,444,29,Heavy Rain,8,No,Yes,34,Medium
2026-05-11 23:20,IGI Airport T3,28.5562,77.1,309,50,Clear,0,No,No,48,Low
2026-05-11 23:30,Karol Bagh,28.6519,77.1909,876,5,Heavy Rain,20,No,Yes,50,Very High
2026-05-11 23:40,Karol Bagh,28.6519,77.1909,692,24,Fog,0,No,No,18,High
2026-05-11 23:50,Connaught Place,28.6315,77.2167,555,18,Clear,0,Yes,No,22,High
2026-05-12 00:00,Karol Bagh,28.6519,77.1909,690,24,Cloudy,0,No,Yes,39,High
2026-05-12 00:10,MG Road Gurgaon,28.4794,77.0806,580,5,Heavy Rain,16,Yes,No,81,Very High
2026-05-12 00:20,IGI Airport T3,28.5562,77.1,225,43,Heavy Rain,20,No,No,80,Low
2026-05-12 00:30,MG Road Gurgaon,28.4794,77.0806,543,7,Heavy Rain,9,Yes,Yes,34,Very High
2026-05-12 00:40,Sector 62 Noida,28.628,77.3649,52,67,Cloudy,0,No,No,73,Low
2026-05-12 00:50,Greater Noida West,28.59,77.43,377,33,Heavy Rain,8,No,No,24,Medium
2026-05-12 01:00,Sector 62 Noida,28.628,77.3649,156,45,Cloudy,0,Yes,No,12,Low
2026-05-12 01:10,Dwarka Sector 21,28.5511,77.0565,725,10,Rain,19,No,No,83,Very High
2026-05-12 01:20,Cyber Hub Gurgaon,28.4959,77.0882,739,21,Cloudy,0,No,Yes,52,Very High
2026-05-12 01:30,Vaishali Ghaziabad,28.646,77.339,513,36,Cloudy,0,No,No,32,Medium
2026-05-12 01:40,Connaught Place,28.6315,77.2167,378,45,Clear,0,No,No,29,Low
2026-05-12 01:50,Pari Chowk,28.4671,77.503,497,25,Heavy Rain,15,No,No,32,Medium
2026-05-12 02:00,Dwarka Sector 21,28.5511,77.0565,230,40,Clear,0,Yes,No,57,Low
2026-05-12 02:10,Pari Chowk,28.4671,77.503,434,42,Clear,0,No,Yes,71,Low
2026-05-12 02:20,India Gate,28.6129,77.2295,864,5,Heavy Rain,10,Yes,No,89,Very High
2026-05-12 02:30,DND Flyway,28.5942,77.3053,479,39,Fog,0,No,No,78,Medium
2026-05-12 02:40,India Gate,28.6129,77.2295,756,8,Heavy Rain,13,No,No,68,Very High
2026-05-12 02:50,Botanical Garden,28.5636,77.334,709,23,Cloudy,0,No,No,26,Very High
2026-05-12 03:00,Connaught Place,28.6315,77.2167,388,33,Rain,9,No,No,26,Medium
2026-05-12 03:10,Cyber Hub Gurgaon,28.4959,77.0882,427,42,Clear,0,No,No,90,Low
2026-05-12 03:20,DND Flyway,28.5942,77.3053,824,5,Rain,20,No,Yes,69,Very High
2026-05-12 03:30,IGI Airport T3,28.5562,77.1,274,52,Fog,0,No,No,96,Low
2026-05-12 03:40,Cyber Hub Gurgaon,28.4959,77.0882,413,43,Clear,0,No,No,26,Low
2026-05-12 03:50,India Gate,28.6129,77.2295,173,44,Cloudy,0,Yes,No,12,Low
2026-05-12 04:00,Pari Chowk,28.4671,77.503,257,53,Fog,0,No,No,23,Low
2026-05-12 04:10,Sector 18 Noida,28.5706,77.324,802,5,Heavy Rain,9,No,Yes,43,Very High
2026-05-12 04:20,Sector 62 Noida,28.628,77.3649,891,5,Fog,0,Yes,No,14,Very High
2026-05-12 04:30,Dwarka Sector 21,28.5511,77.0565,108,51,Rain,15,No,Yes,95,Low
2026-05-12 04:40,Lajpat Nagar,28.5677,77.243,841,14,Cloudy,0,No,No,72,Very High
2026-05-12 04:50,Akshardham Route,28.6127,77.2773,78,65,Cloudy,0,No,Yes,97,Low
2026-05-12 05:00,India Gate,28.6129,77.2295,435,41,Cloudy,0,No,No,70,Low
2026-05-12 05:10,Akshardham Route,28.6127,77.2773,293,39,Heavy Rain,7,No,Yes,66,Medium
2026-05-12 05:20,Sector 18 Noida,28.5706,77.324,274,25,Rain,9,Yes,No,47,Medium
2026-05-12 05:30,Vaishali Ghaziabad,28.646,77.339,453,40,Cloudy,0,No,No,51,Low
2026-05-12 05:40,DND Flyway,28.5942,77.3053,263,26,Rain,3,Yes,Yes,14,Medium
2026-05-12 05:50,Karol Bagh,28.6519,77.1909,537,8,Heavy Rain,7,Yes,No,53,Very High
2026-05-12 06:00,Botanical Garden,28.5636,77.334,156,60,Cloudy,0,No,No,39,Low
2026-05-12 06:10,India Gate,28.6129,77.2295,489,38,Clear,0,No,No,97,Medium
2026-05-12 06:20,Karol Bagh,28.6519,77.1909,728,22,Cloudy,0,No,No,28,Very High
2026-05-12 06:30,Botanical Garden,28.5636,77.334,530,20,Clear,0,Yes,No,22,High
2026-05-12 06:40,Sector 18 Noida,28.5706,77.324,196,42,Clear,0,Yes,Yes,56,Low
2026-05-12 06:50,Cyber Hub Gurgaon,28.4959,77.0882,258,41,Heavy Rain,19,No,Yes,17,Low
2026-05-12 07:00,Lajpat Nagar,28.5677,77.243,360,34,Rain,5,No,No,59,Medium
2026-05-12 07:10,Akshardham Route,28.6127,77.2773,691,24,Cloudy,0,No,No,41,High
2026-05-12 07:20,India Gate,28.6129,77.2295,450,25,Fog,0,Yes,No,55,Medium
2026-05-12 07:30,Dwarka Sector 21,28.5511,77.0565,121,47,Cloudy,0,Yes,No,49,Low
2026-05-12 07:40,Connaught Place,28.6315,77.2167,374,46,Cloudy,0,No,Yes,27,Low
2026-05-12 07:50,Connaught Place,28.6315,77.2167,416,31,Heavy Rain,7,No,No,12,Medium
2026-05-12 08:00,IGI Airport T3,28.5562,77.1,230,40,Clear,0,Yes,Yes,49,Low
2026-05-12 08:10,DND Flyway,28.5942,77.3053,95,64,Fog,0,No,No,41,Low
2026-05-12 08:20,Akshardham Route,28.6127,77.2773,446,14,Rain,4,Yes,No,62,Very High
2026-05-12 08:30,Lajpat Nagar,28.5677,77.243,522,36,Fog,0,No,Yes,52,Medium
2026-05-12 08:40,MG Road Gurgaon,28.4794,77.0806,123,47,Cloudy,0,Yes,No,50,Low
2026-05-12 08:50,India Gate,28.6129,77.2295,860,5,Clear,0,Yes,No,47,Very High
2026-05-12 09:00,India Gate,28.6129,77.2295,301,38,Heavy Rain,12,No,No,18,Medium
2026-05-12 09:10,Botanical Garden,28.5636,77.334,720,22,Clear,0,No,No,42,Very High
2026-05-12 09:20,MG Road Gurgaon,28.4794,77.0806,195,57,Cloudy,0,No,Yes,19,Low
2026-05-12 09:30,Greater Noida West,28.59,77.43,290,39,Rain,4,No,No,58,Medium
2026-05-12 09:40,India Gate,28.6129,77.2295,861,5,Heavy Rain,3,No,No,15,Very High
2026-05-12 09:50,Dwarka Sector 21,28.5511,77.0565,379,30,Clear,0,Yes,No,14,Medium
2026-05-12 10:00,Cyber Hub Gurgaon,28.4959,77.0882,599,16,Clear,0,Yes,Yes,61,High
2026-05-12 10:10,DND Flyway,28.5942,77.3053,379,33,Rain,5,No,No,33,Medium
2026-05-12 10:20,Botanical Garden,28.5636,77.334,476,39,Cloudy,0,No,No,72,Medium
2026-05-12 10:30,IGI Airport T3,28.5562,77.1,649,27,Cloudy,0,No,No,17,Medium
2026-05-12 10:40,India Gate,28.6129,77.2295,761,5,Rain,17,Yes,No,69,Very High
2026-05-12 10:50,Pari Chowk,28.4671,77.503,397,17,Heavy Rain,1,Yes,No,95,High
2026-05-12 11:00,Connaught Place,28.6315,77.2167,676,5,Rain,11,Yes,No,52,Very High
2026-05-12 11:10,Sector 62 Noida,28.628,77.3649,367,46,Clear,0,No,Yes,93,Low
2026-05-12 11:20,Dwarka Sector 21,28.5511,77.0565,875,5,Heavy Rain,13,No,No,73,Very High
2026-05-12 11:30,Greater Noida West,28.59,77.43,636,16,Rain,4,No,No,99,High
2026-05-12 11:40,MG Road Gurgaon,28.4794,77.0806,357,20,Rain,15,Yes,No,83,High
2026-05-12 11:50,Akshardham Route,28.6127,77.2773,395,44,Clear,0,No,No,28,Low
2026-05-12 12:00,MG Road Gurgaon,28.4794,77.0806,699,24,Cloudy,0,No,No,81,High
2026-05-12 12:10,India Gate,28.6129,77.2295,274,52,Fog,0,No,No,62,Low
2026-05-12 12:20,DND Flyway,28.5942,77.3053,839,15,Clear,0,No,No,91,Very High
2026-05-12 12:30,DND Flyway,28.5942,77.3053,515,21,Clear,0,Yes,Yes,55,High
2026-05-12 12:40,Dwarka Sector 21,28.5511,77.0565,762,20,Fog,0,No,No,64,Very High
2026-05-12 12:50,Connaught Place,28.6315,77.2167,484,23,Fog,0,Yes,No,23,High
2026-05-12 13:00,India Gate,28.6129,77.2295,201,57,Clear,0,No,No,79,Low
2026-05-12 13:10,Pari Chowk,28.4671,77.503,593,31,Fog,0,No,No,38,Medium
2026-05-12 13:20,Pari Chowk,28.4671,77.503,803,17,Fog,0,No,No,66,Very High
2026-05-12 13:30,Sector 18 Noida,28.5706,77.324,287,51,Fog,0,No,Yes,60,Low
2026-05-12 13:40,DND Flyway,28.5942,77.3053,723,22,Clear,0,No,No,77,Very High
2026-05-12 13:50,Karol Bagh,28.6519,77.1909,529,20,Fog,0,Yes,No,12,High
2026-05-12 14:00,MG Road Gurgaon,28.4794,77.0806,371,46,Clear,0,No,No,19,Low
2026-05-12 14:10,DND Flyway,28.5942,77.3053,374,34,Rain,18,No,No,58,Medium
2026-05-12 14:20,Pari Chowk,28.4671,77.503,450,28,Rain,18,No,No,53,Medium
2026-05-12 14:30,Lajpat Nagar,28.5677,77.243,389,30,Fog,0,Yes,No,84,Medium
2026-05-12 14:40,Akshardham Route,28.6127,77.2773,564,33,Fog,0,No,No,28,Medium
2026-05-12 14:50,Karol Bagh,28.6519,77.1909,83,65,Clear,0,No,No,87,Low
2026-05-12 15:00,Karol Bagh,28.6519,77.1909,409,43,Clear,0,No,No,98,Low
2026-05-12 15:10,Karol Bagh,28.6519,77.1909,648,15,Rain,7,No,No,14,High
2026-05-12 15:20,Pari Chowk,28.4671,77.503,702,24,Clear,0,No,No,96,Very High
2026-05-12 15:30,Sector 62 Noida,28.628,77.3649,767,7,Heavy Rain,6,No,No,96,Very High
2026-05-12 15:40,Pari Chowk,28.4671,77.503,79,38,Heavy Rain,7,Yes,No,69,Medium
2026-05-12 15:50,Dwarka Sector 21,28.5511,77.0565,356,47,Cloudy,0,No,No,67,Low
2026-05-12 16:00,MG Road Gurgaon,28.4794,77.0806,173,47,Heavy Rain,18,No,No,69,Low
2026-05-12 16:10,Vaishali Ghaziabad,28.646,77.339,838,5,Rain,11,No,No,92,Very High
2026-05-12 16:20,MG Road Gurgaon,28.4794,77.0806,497,37,Fog,0,No,No,66,Medium
2026-05-12 16:30,Sector 18 Noida,28.5706,77.324,191,58,Clear,0,No,Yes,84,Low
2026-05-12 16:40,Lajpat Nagar,28.5677,77.243,645,27,Cloudy,0,No,No,63,Medium
2026-05-12 16:50,IGI Airport T3,28.5562,77.1,283,40,Rain,17,No,Yes,70,Low
2026-05-12 17:00,Lajpat Nagar,28.5677,77.243,518,36,Clear,0,No,Yes,68,Medium
2026-05-12 17:10,IGI Airport T3,28.5562,77.1,88,38,Rain,9,Yes,No,89,Medium
2026-05-12 17:20,Botanical Garden,28.5636,77.334,127,50,Heavy Rain,16,No,No,10,Low
2026-05-12 17:30,Connaught Place,28.6315,77.2167,274,40,Heavy Rain,6,No,Yes,98,Low
2026-05-12 17:40,Dwarka Sector 21,28.5511,77.0565,440,41,Clear,0,No,No,60,Low
2026-05-12 17:50,DND Flyway,28.5942,77.3053,711,11,Rain,15,No,No,43,Very High
2026-05-12 18:00,MG Road Gurgaon,28.4794,77.0806,717,23,Cloudy,0,No,No,46,Very High
2026-05-12 18:10,IGI Airport T3,28.5562,77.1,393,44,Clear,0,No,No,35,Low
2026-05-12 18:20,Greater Noida West,28.59,77.43,883,5,Rain,19,No,No,80,Very High
2026-05-12 18:30,Greater Noida West,28.59,77.43,333,21,Rain,14,Yes,Yes,70,High
2026-05-12 18:40,Greater Noida West,28.59,77.43,583,5,Heavy Rain,19,Yes,No,14,Very High
2026-05-12 18:50,IGI Airport T3,28.5562,77.1,79,65,Fog,0,No,No,17,Low
2026-05-12 19:00,Sector 18 Noida,28.5706,77.324,525,35,Cloudy,0,No,No,14,Medium
2026-05-12 19:10,Lajpat Nagar,28.5677,77.243,557,6,Heavy Rain,19,Yes,Yes,59,Very High
2026-05-12 19:20,Vaishali Ghaziabad,28.646,77.339,470,39,Cloudy,0,No,Yes,62,Medium
2026-05-12 19:30,Sector 18 Noida,28.5706,77.324,433,30,Heavy Rain,20,No,No,80,Medium
2026-05-12 19:40,Lajpat Nagar,28.5677,77.243,671,5,Rain,11,Yes,No,78,Very High
2026-05-12 19:50,Pari Chowk,28.4671,77.503,838,5,Heavy Rain,2,No,No,93,Very High
2026-05-12 20:00,Greater Noida West,28.59,77.43,654,27,Fog,0,No,No,38,Medium
2026-05-12 20:10,Sector 62 Noida,28.628,77.3649,342,48,Fog,0,No,No,26,Low
2026-05-12 20:20,Connaught Place,28.6315,77.2167,204,57,Cloudy,0,No,No,78,Low
2026-05-12 20:30,Pari Chowk,28.4671,77.503,176,47,Heavy Rain,13,No,No,97,Low
2026-05-12 20:40,Sector 62 Noida,28.628,77.3649,777,19,Fog,0,No,No,75,Very High
2026-05-12 20:50,India Gate,28.6129,77.2295,567,21,Rain,13,No,No,56,High
2026-05-12 21:00,Sector 18 Noida,28.5706,77.324,870,12,Fog,0,No,No,56,Very High
2026-05-12 21:10,Connaught Place,28.6315,77.2167,91,64,Fog,0,No,No,100,Low
2026-05-12 21:20,India Gate,28.6129,77.2295,299,51,Cloudy,0,No,No,75,Low
2026-05-12 21:30,Sector 18 Noida,28.5706,77.324,840,5,Rain,8,No,Yes,90,Very High
2026-05-12 21:40,Akshardham Route,28.6127,77.2773,451,40,Clear,0,No,Yes,70,Low
2026-05-12 21:50,Karol Bagh,28.6519,77.1909,720,22,Fog,0,No,Yes,57,Very High
2026-05-12 22:00,India Gate,28.6129,77.2295,718,5,Heavy Rain,8,Yes,No,18,Very High
2026-05-12 22:10,IGI Airport T3,28.5562,77.1,801,5,Heavy Rain,8,No,Yes,90,Very High
2026-05-12 22:20,Dwarka Sector 21,28.5511,77.0565,128,50,Rain,6,No,Yes,72,Low
2026-05-12 22:30,India Gate,28.6129,77.2295,707,23,Cloudy,0,No,No,74,Very High
2026-05-12 22:40,Pari Chowk,28.4671,77.503,489,38,Cloudy,0,No,Yes,51,Medium
2026-05-12 22:50,Vaishali Ghaziabad,28.646,77.339,838,5,Cloudy,0,Yes,No,85,Very High
2026-05-12 23:00,Karol Bagh,28.6519,77.1909,295,51,Cloudy,0,No,No,92,Low
2026-05-12 23:10,Akshardham Route,28.6127,77.2773,729,10,Rain,7,No,No,97,Very High
2026-05-12 23:20,Dwarka Sector 21,28.5511,77.0565,812,16,Cloudy,0,No,No,47,Very High
2026-05-12 23:30,Sector 62 Noida,28.628,77.3649,387,33,Heavy Rain,12,No,No,74,Medium
2026-05-12 23:40,Sector 18 Noida,28.5706,77.324,516,36,Cloudy,0,No,No,91,Medium
2026-05-12 23:50,IGI Airport T3,28.5562,77.1,256,41,Heavy Rain,7,No,No,18,Low
2026-05-13 00:00,India Gate,28.6129,77.2295,602,5,Heavy Rain,1,Yes,No,88,Very High
2026-05-13 00:10,Karol Bagh,28.6519,77.1909,606,18,Rain,1,No,Yes,94,High
2026-05-13 00:20,Vaishali Ghaziabad,28.646,77.339,380,33,Heavy Rain,5,No,Yes,86,Medium
2026-05-13 00:30,Dwarka Sector 21,28.5511,77.0565,143,61,Fog,0,No,No,40,Low
2026-05-13 00:40,Sector 18 Noida,28.5706,77.324,471,39,Cloudy,0,No,No,74,Medium
2026-05-13 00:50,India Gate,28.6129,77.2295,95,37,Rain,9,Yes,No,46,Medium
2026-05-13 01:00,MG Road Gurgaon,28.4794,77.0806,512,24,Rain,10,No,No,98,High
2026-05-13 01:10,Lajpat Nagar,28.5677,77.243,348,47,Cloudy,0,No,Yes,37,Low
2026-05-13 01:20,Cyber Hub Gurgaon,28.4959,77.0882,846,5,Rain,9,Yes,No,56,Very High
2026-05-13 01:30,DND Flyway,28.5942,77.3053,776,5,Fog,0,Yes,Yes,86,Very High
2026-05-13 01:40,Karol Bagh,28.6519,77.1909,375,33,Rain,13,No,No,99,Medium
2026-05-13 01:50,Connaught Place,28.6315,77.2167,64,51,Fog,0,Yes,Yes,77,Low
2026-05-13 02:00,MG Road Gurgaon,28.4794,77.0806,380,18,Rain,9,Yes,No,16,High
2026-05-13 02:10,Greater Noida West,28.59,77.43,86,38,Rain,15,Yes,No,52,Medium
2026-05-13 02:20,Botanical Garden,28.5636,77.334,721,10,Heavy Rain,14,No,Yes,44,Very High
2026-05-13 02:30,DND Flyway,28.5942,77.3053,412,43,Clear,0,No,No,89,Low
2026-05-13 02:40,Pari Chowk,28.4671,77.503,214,41,Fog,0,Yes,No,71,Low
2026-05-13 02:50,Pari Chowk,28.4671,77.503,510,9,Rain,14,Yes,No,21,Very High
2026-05-13 03:00,Sector 62 Noida,28.628,77.3649,375,18,Heavy Rain,10,Yes,Yes,49,High
2026-05-13 03:10,Connaught Place,28.6315,77.2167,56,67,Cloudy,0,No,No,88,Low
2026-05-13 03:20,Botanical Garden,28.5636,77.334,639,28,Clear,0,No,No,27,Medium
2026-05-13 03:30,Sector 18 Noida,28.5706,77.324,52,52,Clear,0,Yes,No,84,Low
2026-05-13 03:40,Lajpat Nagar,28.5677,77.243,861,5,Clear,0,Yes,No,78,Very High
2026-05-13 03:50,Greater Noida West,28.59,77.43,721,22,Clear,0,No,Yes,60,Very High
2026-05-13 04:00,MG Road Gurgaon,28.4794,77.0806,803,5,Heavy Rain,9,No,Yes,62,Very High
2026-05-13 04:10,DND Flyway,28.5942,77.3053,473,24,Cloudy,0,Yes,No,51,High
2026-05-13 04:20,Akshardham Route,28.6127,77.2773,565,33,Fog,0,No,Yes,70,Medium
2026-05-13 04:30,Vaishali Ghaziabad,28.646,77.339,212,56,Fog,0,No,No,21,Low
2026-05-13 04:40,Karol Bagh,28.6519,77.1909,276,25,Rain,8,Yes,No,77,Medium
2026-05-13 04:50,Botanical Garden,28.5636,77.334,765,7,Rain,12,No,No,49,Very High
2026-05-13 05:00,Dwarka Sector 21,28.5511,77.0565,419,43,Cloudy,0,No,Yes,80,Low
2026-05-13 05:10,Sector 18 Noida,28.5706,77.324,394,32,Heavy Rain,18,No,No,69,Medium
2026-05-13 05:20,Greater Noida West,28.59,77.43,296,39,Heavy Rain,11,No,No,78,Medium
2026-05-13 05:30,DND Flyway,28.5942,77.3053,111,63,Cloudy,0,No,No,42,Low
2026-05-13 05:40,Dwarka Sector 21,28.5511,77.0565,307,38,Rain,9,No,No,97,Medium
2026-05-13 05:50,IGI Airport T3,28.5562,77.1,710,5,Heavy Rain,20,Yes,No,94,Very High
2026-05-13 06:00,MG Road Gurgaon,28.4794,77.0806,482,26,Rain,3,No,No,80,Medium
2026-05-13 06:10,DND Flyway,28.5942,77.3053,393,44,Fog,0,No,Yes,37,Low
2026-05-13 06:20,Lajpat Nagar,28.5677,77.243,713,23,Fog,0,No,No,77,Very High
2026-05-13 06:30,Dwarka Sector 21,28.5511,77.0565,374,19,Rain,5,Yes,Yes,69,High
2026-05-13 06:40,MG Road Gurgaon,28.4794,77.0806,117,36,Heavy Rain,4,Yes,No,65,Medium
2026-05-13 06:50,DND Flyway,28.5942,77.3053,633,13,Clear,0,Yes,No,99,Very High
2026-05-13 07:00,IGI Airport T3,28.5562,77.1,378,33,Rain,8,No,No,77,Medium
2026-05-13 07:10,IGI Airport T3,28.5562,77.1,770,5,Rain,6,Yes,No,35,Very High
2026-05-13 07:20,MG Road Gurgaon,28.4794,77.0806,253,54,Cloudy,0,No,Yes,64,Low
2026-05-13 07:30,India Gate,28.6129,77.2295,891,5,Rain,15,Yes,No,96,Very High
2026-05-13 07:40,Dwarka Sector 21,28.5511,77.0565,188,58,Clear,0,No,No,10,Low
2026-05-13 07:50,India Gate,28.6129,77.2295,283,37,Fog,0,Yes,No,10,Medium
2026-05-13 08:00,Botanical Garden,28.5636,77.334,803,17,Clear,0,No,No,24,Very High
2026-05-13 08:10,Pari Chowk,28.4671,77.503,457,25,Fog,0,Yes,No,100,Medium
2026-05-13 08:20,Dwarka Sector 21,28.5511,77.0565,851,14,Fog,0,No,Yes,54,Very High
2026-05-13 08:30,Dwarka Sector 21,28.5511,77.0565,711,8,Cloudy,0,Yes,No,82,Very High
2026-05-13 08:40,India Gate,28.6129,77.2295,168,32,Heavy Rain,6,Yes,Yes,61,Medium
2026-05-13 08:50,DND Flyway,28.5942,77.3053,445,26,Cloudy,0,Yes,No,84,Medium
2026-05-13 09:00,Botanical Garden,28.5636,77.334,332,36,Rain,9,No,No,32,Medium
2026-05-13 09:10,Sector 62 Noida,28.628,77.3649,572,20,Heavy Rain,20,No,No,89,High
2026-05-13 09:20,DND Flyway,28.5942,77.3053,361,34,Rain,19,No,Yes,96,Medium
2026-05-13 09:30,Connaught Place,28.6315,77.2167,786,5,Rain,13,Yes,No,23,Very High
2026-05-13 09:40,Sector 18 Noida,28.5706,77.324,466,39,Clear,0,No,No,60,Medium
2026-05-13 09:50,Lajpat Nagar,28.5677,77.243,481,23,Cloudy,0,Yes,No,48,High
2026-05-13 10:00,Akshardham Route,28.6127,77.2773,160,60,Clear,0,No,No,98,Low
2026-05-13 10:10,Karol Bagh,28.6519,77.1909,759,8,Heavy Rain,6,No,Yes,61,Very High
2026-05-13 10:20,IGI Airport T3,28.5562,77.1,106,51,Rain,11,No,No,32,Low
2026-05-13 10:30,MG Road Gurgaon,28.4794,77.0806,55,67,Cloudy,0,No,No,67,Low
2026-05-13 10:40,Dwarka Sector 21,28.5511,77.0565,762,20,Cloudy,0,No,No,91,Very High
2026-05-13 10:50,Vaishali Ghaziabad,28.646,77.339,440,41,Clear,0,No,No,67,Low
2026-05-13 11:00,Akshardham Route,28.6127,77.2773,193,46,Heavy Rain,8,No,No,72,Low
2026-05-13 11:10,Botanical Garden,28.5636,77.334,553,34,Cloudy,0,No,No,97,Medium
2026-05-13 11:20,Pari Chowk,28.4671,77.503,721,22,Fog,0,No,No,75,Very High
2026-05-13 11:30,Connaught Place,28.6315,77.2167,653,15,Heavy Rain,4,No,No,32,High
2026-05-13 11:40,Botanical Garden,28.5636,77.334,732,10,Heavy Rain,13,No,No,69,Very High
2026-05-13 11:50,Karol Bagh,28.6519,77.1909,539,23,Heavy Rain,8,No,No,51,High
2026-05-13 12:00,Pari Chowk,28.4671,77.503,293,51,Clear,0,No,No,12,Low
2026-05-13 12:10,DND Flyway,28.5942,77.3053,680,5,Heavy Rain,13,Yes,No,10,Very High
2026-05-13 12:20,Dwarka Sector 21,28.5511,77.0565,472,27,Rain,15,No,No,26,Medium
2026-05-13 12:30,Sector 18 Noida,28.5706,77.324,338,36,Rain,7,No,No,12,Medium
2026-05-13 12:40,Pari Chowk,28.4671,77.503,79,38,Heavy Rain,11,Yes,No,37,Medium
2026-05-13 12:50,Connaught Place,28.6315,77.2167,328,49,Fog,0,No,Yes,77,Low
2026-05-13 13:00,Cyber Hub Gurgaon,28.4959,77.0882,180,46,Rain,18,No,No,59,Low
2026-05-13 13:10,Sector 18 Noida,28.5706,77.324,659,15,Rain,5,No,Yes,35,High
2026-05-13 13:20,Sector 62 Noida,28.628,77.3649,516,36,Cloudy,0,No,Yes,46,Medium
2026-05-13 13:30,Botanical Garden,28.5636,77.334,298,39,Heavy Rain,4,No,Yes,22,Medium
2026-05-13 13:40,Sector 18 Noida,28.5706,77.324,153,60,Cloudy,0,No,No,71,Low
2026-05-13 13:50,Cyber Hub Gurgaon,28.4959,77.0882,462,40,Clear,0,No,No,20,Low
2026-05-13 14:00,Akshardham Route,28.6127,77.2773,191,46,Heavy Rain,14,No,No,64,Low
2026-05-13 14:10,IGI Airport T3,28.5562,77.1,894,11,Cloudy,0,No,No,37,Very High
2026-05-13 14:20,IGI Airport T3,28.5562,77.1,260,41,Rain,20,No,No,37,Low
2026-05-13 14:30,IGI Airport T3,28.5562,77.1,596,19,Heavy Rain,12,No,Yes,36,High
2026-05-13 14:40,Vaishali Ghaziabad,28.646,77.339,534,35,Clear,0,No,No,41,Medium
2026-05-13 14:50,DND Flyway,28.5942,77.3053,579,32,Cloudy,0,No,No,39,Medium
2026-05-13 15:00,Akshardham Route,28.6127,77.2773,840,5,Heavy Rain,13,No,No,46,Very High
2026-05-13 15:10,Sector 62 Noida,28.628,77.3649,353,20,Rain,6,Yes,Yes,76,High
2026-05-13 15:20,Connaught Place,28.6315,77.2167,341,48,Fog,0,No,Yes,73,Low
2026-05-13 15:30,Sector 62 Noida,28.628,77.3649,312,50,Clear,0,No,No,30,Low
2026-05-13 15:40,Cyber Hub Gurgaon,28.4959,77.0882,539,35,Fog,0,No,Yes,80,Medium
2026-05-13 15:50,Vaishali Ghaziabad,28.646,77.339,222,41,Fog,0,Yes,Yes,46,Low
2026-05-13 16:00,Dwarka Sector 21,28.5511,77.0565,603,15,Cloudy,0,Yes,No,66,High
2026-05-13 16:10,Karol Bagh,28.6519,77.1909,238,55,Fog,0,No,No,76,Low
2026-05-13 16:20,Karol Bagh,28.6519,77.1909,799,17,Cloudy,0,No,No,31,Very High
2026-05-13 16:30,Dwarka Sector 21,28.5511,77.0565,229,40,Cloudy,0,Yes,No,36,Low
2026-05-13 16:40,Cyber Hub Gurgaon,28.4959,77.0882,587,31,Fog,0,No,No,15,Medium
2026-05-13 16:50,Sector 62 Noida,28.628,77.3649,252,54,Clear,0,No,Yes,93,Low
2026-05-13 17:00,Greater Noida West,28.59,77.43,786,6,Rain,7,No,Yes,65,Very High
2026-05-13 17:10,Sector 18 Noida,28.5706,77.324,621,29,Fog,0,No,No,25,Medium
2026-05-13 17:20,IGI Airport T3,28.5562,77.1,251,54,Clear,0,No,No,79,Low
2026-05-13 17:30,Dwarka Sector 21,28.5511,77.0565,784,5,Rain,3,Yes,No,15,Very High
2026-05-13 17:40,Lajpat Nagar,28.5677,77.243,746,9,Heavy Rain,17,No,No,42,Very High
2026-05-13 17:50,Connaught Place,28.6315,77.2167,592,31,Clear,0,No,No,14,Medium
2026-05-13 18:00,Botanical Garden,28.5636,77.334,308,38,Heavy Rain,1,No,No,79,Medium
2026-05-13 18:10,Botanical Garden,28.5636,77.334,839,5,Heavy Rain,13,No,Yes,96,Very High
2026-05-13 18:20,Dwarka Sector 21,28.5511,77.0565,164,45,Fog,0,Yes,No,98,Low
2026-05-13 18:30,Pari Chowk,28.4671,77.503,742,9,Rain,3,No,No,34,Very High
2026-05-13 18:40,Botanical Garden,28.5636,77.334,167,59,Cloudy,0,No,Yes,20,Low
2026-05-13 18:50,Akshardham Route,28.6127,77.2773,119,51,Heavy Rain,7,No,No,24,Low
2026-05-13 19:00,Pari Chowk,28.4671,77.503,817,5,Heavy Rain,12,No,No,80,Very High
2026-05-13 19:10,Lajpat Nagar,28.5677,77.243,636,13,Fog,0,Yes,No,20,Very High
2026-05-13 19:20,Karol Bagh,28.6519,77.1909,149,49,Heavy Rain,16,No,No,30,Low
2026-05-13 19:30,Akshardham Route,28.6127,77.2773,492,26,Rain,2,No,No,21,Medium
2026-05-13 19:40,Vaishali Ghaziabad,28.646,77.339,734,22,Clear,0,No,No,65,Very High
2026-05-13 19:50,Botanical Garden,28.5636,77.334,605,30,Clear,0,No,No,88,Medium
2026-05-13 20:00,Sector 18 Noida,28.5706,77.324,133,50,Heavy Rain,3,No,No,53,Low
2026-05-13 20:10,Greater Noida West,28.59,77.43,836,5,Heavy Rain,16,No,No,85,Very High
2026-05-13 20:20,Karol Bagh,28.6519,77.1909,302,50,Clear,0,No,No,36,Low
2026-05-13 20:30,Pari Chowk,28.4671,77.503,805,17,Cloudy,0,No,No,98,Very High
2026-05-13 20:40,Pari Chowk,28.4671,77.503,636,28,Clear,0,No,No,70,Medium
2026-05-13 20:50,Connaught Place,28.6315,77.2167,327,49,Cloudy,0,No,No,86,Low
2026-05-13 21:00,Connaught Place,28.6315,77.2167,804,5,Cloudy,0,Yes,No,18,Very High
2026-05-13 21:10,Botanical Garden,28.5636,77.334,877,12,Cloudy,0,No,No,84,Very High
2026-05-13 21:20,India Gate,28.6129,77.2295,220,44,Heavy Rain,2,No,No,76,Low
2026-05-13 21:30,Greater Noida West,28.59,77.43,772,19,Clear,0,No,No,87,Very High
2026-05-13 21:40,Botanical Garden,28.5636,77.334,798,5,Heavy Rain,3,No,No,16,Very High
2026-05-13 21:50,Dwarka Sector 21,28.5511,77.0565,500,10,Rain,19,Yes,No,64,Very High
2026-05-13 22:00,Botanical Garden,28.5636,77.334,60,66,Clear,0,No,Yes,20,Low
2026-05-13 22:10,DND Flyway,28.5942,77.3053,108,63,Fog,0,No,No,89,Low
2026-05-13 22:20,MG Road Gurgaon,28.4794,77.0806,544,34,Fog,0,No,No,53,Medium
2026-05-13 22:30,Connaught Place,28.6315,77.2167,638,16,Heavy Rain,10,No,No,45,High
2026-05-13 22:40,Sector 18 Noida,28.5706,77.324,830,5,Rain,13,No,Yes,75,Very High
2026-05-13 22:50,Akshardham Route,28.6127,77.2773,283,40,Heavy Rain,19,No,No,21,Low
2026-05-13 23:00,MG Road Gurgaon,28.4794,77.0806,423,42,Clear,0,No,Yes,21,Low
2026-05-13 23:10,DND Flyway,28.5942,77.3053,745,21,Fog,0,No,Yes,90,Very High
2026-05-13 23:20,IGI Airport T3,28.5562,77.1,528,20,Clear,0,Yes,Yes,25,High
2026-05-13 23:30,Lajpat Nagar,28.5677,77.243,333,36,Rain,18,No,No,48,Medium
2026-05-13 23:40,India Gate,28.6129,77.2295,62,66,Cloudy,0,No,Yes,85,Low
2026-05-13 23:50,Greater Noida West,28.59,77.43,746,9,Rain,7,No,No,45,Very High
2026-05-14 00:00,Botanical Garden,28.5636,77.334,94,64,Cloudy,0,No,No,41,Low
2026-05-14 00:10,Botanical Garden,28.5636,77.334,436,29,Heavy Rain,8,No,No,23,Medium
2026-05-14 00:20,Botanical Garden,28.5636,77.334,384,45,Clear,0,No,Yes,41,Low
2026-05-14 00:30,Lajpat Nagar,28.5677,77.243,618,29,Cloudy,0,No,Yes,43,Medium
2026-05-14 00:40,Botanical Garden,28.5636,77.334,795,5,Rain,13,No,Yes,66,Very High
2026-05-14 00:50,Dwarka Sector 21,28.5511,77.0565,565,18,Fog,0,Yes,No,77,High
2026-05-14 01:00,Botanical Garden,28.5636,77.334,817,5,Clear,0,Yes,No,62,Very High
2026-05-14 01:10,DND Flyway,28.5942,77.3053,320,34,Fog,0,Yes,No,60,Medium
2026-05-14 01:20,DND Flyway,28.5942,77.3053,413,43,Clear,0,No,No,23,Low
2026-05-14 01:30,MG Road Gurgaon,28.4794,77.0806,345,35,Rain,19,No,Yes,85,Medium
2026-05-14 01:40,Karol Bagh,28.6519,77.1909,358,47,Cloudy,0,No,No,21,Low
2026-05-14 01:50,Botanical Garden,28.5636,77.334,334,36,Heavy Rain,10,No,No,92,Medium
2026-05-14 02:00,India Gate,28.6129,77.2295,804,17,Clear,0,No,No,68,Very High
2026-05-14 02:10,Lajpat Nagar,28.5677,77.243,418,16,Rain,14,Yes,Yes,71,High
2026-05-14 02:20,Lajpat Nagar,28.5677,77.243,359,47,Clear,0,No,No,29,Low
2026-05-14 02:30,Vaishali Ghaziabad,28.646,77.339,894,11,Clear,0,No,No,28,Very High
2026-05-14 02:40,Sector 62 Noida,28.628,77.3649,834,5,Rain,5,No,No,80,Very High
2026-05-14 02:50,Karol Bagh,28.6519,77.1909,400,44,Cloudy,0,No,No,16,Low
2026-05-14 03:00,Sector 62 Noida,28.628,77.3649,666,26,Clear,0,No,No,77,Medium
2026-05-14 03:10,IGI Airport T3,28.5562,77.1,642,13,Clear,0,Yes,Yes,29,Very High
2026-05-14 03:20,India Gate,28.6129,77.2295,137,49,Heavy Rain,10,No,No,26,Low
2026-05-14 03:30,Pari Chowk,28.4671,77.503,144,61,Fog,0,No,Yes,52,Low
2026-05-14 03:40,Dwarka Sector 21,28.5511,77.0565,221,44,Rain,5,No,No,61,Low
2026-05-14 03:50,India Gate,28.6129,77.2295,525,20,Cloudy,0,Yes,No,70,High
2026-05-14 04:00,Sector 62 Noida,28.628,77.3649,139,46,Clear,0,Yes,Yes,42,Low
2026-05-14 04:10,IGI Airport T3,28.5562,77.1,55,67,Clear,0,No,No,63,Low
2026-05-14 04:20,Akshardham Route,28.6127,77.2773,304,23,Heavy Rain,2,Yes,No,37,High
2026-05-14 04:30,Akshardham Route,28.6127,77.2773,212,56,Clear,0,No,Yes,46,Low
2026-05-14 04:40,Dwarka Sector 21,28.5511,77.0565,815,5,Fog,0,Yes,No,53,Very High
2026-05-14 04:50,MG Road Gurgaon,28.4794,77.0806,395,29,Fog,0,Yes,No,24,Medium
2026-05-14 05:00,Akshardham Route,28.6127,77.2773,154,48,Heavy Rain,17,No,Yes,93,Low
2026-05-14 05:10,Akshardham Route,28.6127,77.2773,879,12,Fog,0,No,No,41,Very High
2026-05-14 05:20,DND Flyway,28.5942,77.3053,216,44,Rain,3,No,No,53,Low
2026-05-14 05:30,MG Road Gurgaon,28.4794,77.0806,426,42,Fog,0,No,No,46,Low
2026-05-14 05:40,India Gate,28.6129,77.2295,609,30,Cloudy,0,No,No,44,Medium
2026-05-14 05:50,Akshardham Route,28.6127,77.2773,203,45,Rain,5,No,No,68,Low
2026-05-14 06:00,Greater Noida West,28.59,77.43,367,46,Fog,0,No,No,36,Low
2026-05-14 06:10,Pari Chowk,28.4671,77.503,393,32,Rain,15,No,No,96,Medium
2026-05-14 06:20,India Gate,28.6129,77.2295,383,45,Cloudy,0,No,No,18,Low
2026-05-14 06:30,Botanical Garden,28.5636,77.334,843,5,Rain,3,Yes,No,41,Very High
2026-05-14 06:40,MG Road Gurgaon,28.4794,77.0806,713,8,Fog,0,Yes,Yes,53,Very High
2026-05-14 06:50,Vaishali Ghaziabad,28.646,77.339,759,20,Cloudy,0,No,Yes,74,Very High
2026-05-14 07:00,India Gate,28.6129,77.2295,680,25,Clear,0,No,Yes,97,Medium
2026-05-14 07:10,MG Road Gurgaon,28.4794,77.0806,553,22,Rain,13,No,Yes,61,High
2026-05-14 07:20,Lajpat Nagar,28.5677,77.243,814,5,Rain,1,No,No,67,Very High
2026-05-14 07:30,Botanical Garden,28.5636,77.334,309,50,Fog,0,No,No,52,Low
2026-05-14 07:40,India Gate,28.6129,77.2295,616,29,Fog,0,No,No,23,Medium
2026-05-14 07:50,Sector 18 Noida,28.5706,77.324,301,38,Heavy Rain,2,No,No,33,Medium
2026-05-14 08:00,IGI Airport T3,28.5562,77.1,482,38,Fog,0,No,No,45,Medium
2026-05-14 08:10,Sector 18 Noida,28.5706,77.324,716,23,Cloudy,0,No,No,41,Very High
2026-05-14 08:20,Botanical Garden,28.5636,77.334,641,13,Clear,0,Yes,No,11,Very High
2026-05-14 08:30,Karol Bagh,28.6519,77.1909,265,53,Cloudy,0,No,No,94,Low
2026-05-14 08:40,Botanical Garden,28.5636,77.334,529,23,Heavy Rain,2,No,Yes,65,High
2026-05-14 08:50,DND Flyway,28.5942,77.3053,547,34,Fog,0,No,No,41,Medium
2026-05-14 09:00,Sector 18 Noida,28.5706,77.324,144,61,Clear,0,No,No,84,Low
2026-05-14 09:10,India Gate,28.6129,77.2295,195,45,Heavy Rain,18,No,No,26,Low
2026-05-14 09:20,Lajpat Nagar,28.5677,77.243,79,50,Clear,0,Yes,Yes,23,Low
2026-05-14 09:30,Dwarka Sector 21,28.5511,77.0565,206,45,Rain,1,No,No,100,Low
2026-05-14 09:40,Sector 62 Noida,28.628,77.3649,814,16,Cloudy,0,No,No,93,Very High
2026-05-14 09:50,Connaught Place,28.6315,77.2167,523,24,Heavy Rain,7,No,No,76,High
2026-05-14 10:00,Pari Chowk,28.4671,77.503,868,5,Rain,18,No,No,32,Very High
2026-05-14 10:10,Sector 62 Noida,28.628,77.3649,639,13,Fog,0,Yes,No,53,Very High
2026-05-14 10:20,Greater Noida West,28.59,77.43,197,57,Clear,0,No,No,27,Low
2026-05-14 10:30,Botanical Garden,28.5636,77.334,221,56,Clear,0,No,No,66,Low
2026-05-14 10:40,Pari Chowk,28.4671,77.503,627,5,Rain,7,Yes,No,54,Very High
2026-05-14 10:50,IGI Airport T3,28.5562,77.1,423,42,Cloudy,0,No,Yes,50,Low
2026-05-14 11:00,MG Road Gurgaon,28.4794,77.0806,117,63,Cloudy,0,No,No,65,Low
2026-05-14 11:10,DND Flyway,28.5942,77.3053,543,22,Rain,15,No,Yes,86,High
2026-05-14 11:20,India Gate,28.6129,77.2295,109,63,Cloudy,0,No,No,22,Low
2026-05-14 11:30,Greater Noida West,28.59,77.43,381,45,Clear,0,No,No,96,Low
2026-05-14 11:40,Greater Noida West,28.59,77.43,728,7,Fog,0,Yes,Yes,78,Very High
2026-05-14 11:50,Pari Chowk,28.4671,77.503,276,52,Clear,0,No,No,14,Low
2026-05-14 12:00,India Gate,28.6129,77.2295,123,62,Clear,0,No,No,34,Low
2026-05-14 12:10,IGI Airport T3,28.5562,77.1,495,37,Cloudy,0,No,No,30,Medium
2026-05-14 12:20,Botanical Garden,28.5636,77.334,124,62,Fog,0,No,No,16,Low
2026-05-14 12:30,Dwarka Sector 21,28.5511,77.0565,715,23,Clear,0,No,Yes,11,Very High
2026-05-14 12:40,IGI Airport T3,28.5562,77.1,561,33,Clear,0,No,No,75,Medium
2026-05-14 12:50,MG Road Gurgaon,28.4794,77.0806,650,27,Fog,0,No,No,13,Medium
2026-05-14 13:00,Cyber Hub Gurgaon,28.4959,77.0882,858,5,Heavy Rain,15,No,No,22,Very High
2026-05-14 13:10,Akshardham Route,28.6127,77.2773,325,49,Fog,0,No,No,99,Low
2026-05-14 13:20,Sector 62 Noida,28.628,77.3649,824,5,Rain,6,No,No,70,Very High
2026-05-14 13:30,Karol Bagh,28.6519,77.1909,194,58,Clear,0,No,Yes,72,Low
2026-05-14 13:40,Sector 18 Noida,28.5706,77.324,790,18,Clear,0,No,No,75,Very High
2026-05-14 13:50,Sector 62 Noida,28.628,77.3649,325,37,Rain,1,No,Yes,24,Medium
2026-05-14 14:00,IGI Airport T3,28.5562,77.1,191,58,Fog,0,No,No,16,Low
2026-05-14 14:10,Akshardham Route,28.6127,77.2773,238,55,Cloudy,0,No,No,40,Low
2026-05-14 14:20,Akshardham Route,28.6127,77.2773,519,24,Heavy Rain,3,No,No,67,High
2026-05-14 14:30,Lajpat Nagar,28.5677,77.243,756,5,Clear,0,Yes,Yes,56,Very High
2026-05-14 14:40,Sector 62 Noida,28.628,77.3649,232,55,Cloudy,0,No,No,80,Low
2026-05-14 14:50,Greater Noida West,28.59,77.43,139,46,Fog,0,Yes,Yes,17,Low
2026-05-14 15:00,India Gate,28.6129,77.2295,599,19,Rain,6,No,No,99,High
2026-05-14 15:10,MG Road Gurgaon,28.4794,77.0806,162,60,Clear,0,No,No,36,Low
2026-05-14 15:20,India Gate,28.6129,77.2295,550,34,Fog,0,No,No,64,Medium
2026-05-14 15:30,Greater Noida West,28.59,77.43,253,27,Heavy Rain,8,Yes,No,46,Medium
2026-05-14 15:40,Vaishali Ghaziabad,28.646,77.339,324,49,Fog,0,No,Yes,47,Low
2026-05-14 15:50,Connaught Place,28.6315,77.2167,896,11,Fog,0,No,No,80,Very High
2026-05-14 16:00,Vaishali Ghaziabad,28.646,77.339,162,60,Fog,0,No,No,19,Low
2026-05-14 16:10,Karol Bagh,28.6519,77.1909,143,61,Clear,0,No,No,58,Low
2026-05-14 16:20,Lajpat Nagar,28.5677,77.243,347,47,Fog,0,No,No,15,Low
2026-05-14 16:30,DND Flyway,28.5942,77.3053,211,56,Fog,0,No,No,63,Low
2026-05-14 16:40,Dwarka Sector 21,28.5511,77.0565,348,47,Cloudy,0,No,Yes,27,Low
2026-05-14 16:50,Sector 62 Noida,28.628,77.3649,319,34,Cloudy,0,Yes,No,19,Medium
2026-05-14 17:00,Lajpat Nagar,28.5677,77.243,653,27,Cloudy,0,No,No,49,Medium
2026-05-14 17:10,DND Flyway,28.5942,77.3053,283,52,Fog,0,No,No,58,Low
2026-05-14 17:20,Sector 62 Noida,28.628,77.3649,779,5,Clear,0,Yes,No,76,Very High
2026-05-14 17:30,DND Flyway,28.5942,77.3053,620,29,Fog,0,No,No,85,Medium
2026-05-14 17:40,Akshardham Route,28.6127,77.2773,74,66,Fog,0,No,No,42,Low
2026-05-14 17:50,Karol Bagh,28.6519,77.1909,253,42,Rain,8,No,Yes,71,Low
2026-05-14 18:00,Greater Noida West,28.59,77.43,456,25,Clear,0,Yes,No,98,Medium
2026-05-14 18:10,Botanical Garden,28.5636,77.334,581,32,Fog,0,No,No,96,Medium
2026-05-14 18:20,Botanical Garden,28.5636,77.334,476,27,Rain,4,No,No,86,Medium
2026-05-14 18:30,Dwarka Sector 21,28.5511,77.0565,424,30,Heavy Rain,18,No,No,27,Medium
2026-05-14 18:40,Cyber Hub Gurgaon,28.4959,77.0882,338,48,Cloudy,0,No,No,31,Low
2026-05-14 18:50,India Gate,28.6129,77.2295,441,26,Cloudy,0,Yes,No,16,Medium
2026-05-14 19:00,Dwarka Sector 21,28.5511,77.0565,563,18,Fog,0,Yes,No,81,High
2026-05-14 19:10,Akshardham Route,28.6127,77.2773,399,44,Fog,0,No,No,88,Low
2026-05-14 19:20,Greater Noida West,28.59,77.43,879,12,Fog,0,No,Yes,48,Very High
2026-05-14 19:30,Botanical Garden,28.5636,77.334,496,25,Rain,18,No,Yes,69,Medium
2026-05-14 19:40,Vaishali Ghaziabad,28.646,77.339,137,61,Clear,0,No,No,96,Low
2026-05-14 19:50,Connaught Place,28.6315,77.2167,652,15,Rain,19,No,Yes,81,High
2026-05-14 20:00,Cyber Hub Gurgaon,28.4959,77.0882,446,41,Clear,0,No,No,39,Low
2026-05-14 20:10,Botanical Garden,28.5636,77.334,51,40,Heavy Rain,11,Yes,No,19,Low
2026-05-14 20:20,India Gate,28.6129,77.2295,775,5,Clear,0,Yes,No,76,Very High
2026-05-14 20:30,Connaught Place,28.6315,77.2167,886,11,Cloudy,0,No,Yes,54,Very High
2026-05-14 20:40,Connaught Place,28.6315,77.2167,616,29,Cloudy,0,No,No,32,Medium
2026-05-14 20:50,MG Road Gurgaon,28.4794,77.0806,564,21,Rain,20,No,Yes,80,High
2026-05-14 21:00,IGI Airport T3,28.5562,77.1,596,31,Clear,0,No,No,47,Medium
2026-05-14 21:10,Akshardham Route,28.6127,77.2773,201,42,Fog,0,Yes,No,97,Low
2026-05-14 21:20,Sector 18 Noida,28.5706,77.324,106,63,Cloudy,0,No,No,80,Low
2026-05-14 21:30,India Gate,28.6129,77.2295,541,34,Clear,0,No,No,78,Medium
2026-05-14 21:40,Karol Bagh,28.6519,77.1909,348,35,Heavy Rain,16,No,No,49,Medium
2026-05-14 21:50,Sector 62 Noida,28.628,77.3649,74,66,Cloudy,0,No,No,16,Low
2026-05-14 22:00,Dwarka Sector 21,28.5511,77.0565,795,17,Clear,0,No,No,78,Very High
2026-05-14 22:10,IGI Airport T3,28.5562,77.1,340,48,Clear,0,No,Yes,78,Low
2026-05-14 22:20,IGI Airport T3,28.5562,77.1,101,52,Rain,3,No,Yes,90,Low
2026-05-14 22:30,IGI Airport T3,28.5562,77.1,819,5,Heavy Rain,3,No,No,49,Very High
2026-05-14 22:40,Karol Bagh,28.6519,77.1909,66,66,Cloudy,0,No,No,95,Low
2026-05-14 22:50,Sector 18 Noida,28.5706,77.324,51,55,Rain,17,No,No,84,Low
2026-05-14 23:00,Dwarka Sector 21,28.5511,77.0565,395,32,Rain,5,No,No,79,Medium
2026-05-14 23:10,Connaught Place,28.6315,77.2167,767,7,Heavy Rain,2,No,Yes,22,Very High
2026-05-14 23:20,Connaught Place,28.6315,77.2167,709,11,Rain,8,No,No,43,Very High
2026-05-14 23:30,India Gate,28.6129,77.2295,186,58,Fog,0,No,No,50,Low
2026-05-14 23:40,DND Flyway,28.5942,77.3053,64,51,Clear,0,Yes,No,14,Low
2026-05-14 23:50,MG Road Gurgaon,28.4794,77.0806,316,37,Rain,15,No,Yes,14,Medium
2026-05-15 00:00,MG Road Gurgaon,28.4794,77.0806,257,53,Fog,0,No,No,44,Low
2026-05-15 00:10,Sector 18 Noida,28.5706,77.324,791,5,Clear,0,Yes,No,89,Very High
2026-05-15 00:20,Dwarka Sector 21,28.5511,77.0565,330,48,Cloudy,0,No,No,61,Low
2026-05-15 00:30,Pari Chowk,28.4671,77.503,570,20,Heavy Rain,19,No,No,59,High
2026-05-15 00:40,Greater Noida West,28.59,77.43,243,54,Cloudy,0,No,No,37,Low
2026-05-15 00:50,Sector 62 Noida,28.628,77.3649,487,38,Fog,0,No,No,98,Medium
2026-05-15 01:00,Lajpat Nagar,28.5677,77.243,313,50,Fog,0,No,No,29,Low
2026-05-15 01:10,Vaishali Ghaziabad,28.646,77.339,675,13,Rain,3,No,No,94,Very High
2026-05-15 01:20,DND Flyway,28.5942,77.3053,252,54,Fog,0,No,No,45,Low
2026-05-15 01:30,Cyber Hub Gurgaon,28.4959,77.0882,439,41,Cloudy,0,No,No,18,Low
2026-05-15 01:40,Akshardham Route,28.6127,77.2773,535,23,Heavy Rain,9,No,No,17,High
2026-05-15 01:50,Botanical Garden,28.5636,77.334,172,47,Heavy Rain,5,No,No,69,Low
2026-05-15 02:00,India Gate,28.6129,77.2295,314,50,Cloudy,0,No,No,16,Low
2026-05-15 02:10,Sector 62 Noida,28.628,77.3649,716,23,Cloudy,0,No,No,81,Very High
2026-05-15 02:20,Connaught Place,28.6315,77.2167,182,46,Heavy Rain,20,No,No,99,Low
2026-05-15 02:30,Vaishali Ghaziabad,28.646,77.339,714,11,Rain,8,No,Yes,78,Very High
2026-05-15 02:40,Sector 18 Noida,28.5706,77.324,224,56,Cloudy,0,No,No,35,Low
2026-05-15 02:50,Dwarka Sector 21,28.5511,77.0565,676,5,Rain,6,Yes,No,95,Very High
2026-05-15 03:00,Karol Bagh,28.6519,77.1909,448,26,Fog,0,Yes,No,34,Medium
2026-05-15 03:10,Sector 62 Noida,28.628,77.3649,579,17,Fog,0,Yes,No,80,High
2026-05-15 03:20,Connaught Place,28.6315,77.2167,549,34,Clear,0,No,No,70,Medium
2026-05-15 03:30,India Gate,28.6129,77.2295,819,5,Fog,0,Yes,No,74,Very High
2026-05-15 03:40,Sector 62 Noida,28.628,77.3649,853,14,Clear,0,No,No,19,Very High
2026-05-15 03:50,Akshardham Route,28.6127,77.2773,492,38,Clear,0,No,Yes,76,Medium
2026-05-15 04:00,Sector 62 Noida,28.628,77.3649,537,23,Heavy Rain,8,No,No,64,High
2026-05-15 04:10,Pari Chowk,28.4671,77.503,180,31,Heavy Rain,19,Yes,No,60,Medium
2026-05-15 04:20,Pari Chowk,28.4671,77.503,673,11,Cloudy,0,Yes,No,35,Very High
2026-05-15 04:30,Pari Chowk,28.4671,77.503,126,47,Fog,0,Yes,No,66,Low
2026-05-15 04:40,India Gate,28.6129,77.2295,476,39,Clear,0,No,No,69,Medium
2026-05-15 04:50,Greater Noida West,28.59,77.43,349,20,Heavy Rain,20,Yes,No,13,High
2026-05-15 05:00,MG Road Gurgaon,28.4794,77.0806,572,20,Rain,1,No,No,43,High
2026-05-15 05:10,MG Road Gurgaon,28.4794,77.0806,326,49,Clear,0,No,Yes,72,Low
2026-05-15 05:20,IGI Airport T3,28.5562,77.1,151,48,Heavy Rain,6,No,Yes,42,Low
2026-05-15 05:30,India Gate,28.6129,77.2295,899,5,Fog,0,Yes,No,49,Very High
2026-05-15 05:40,Lajpat Nagar,28.5677,77.243,55,55,Heavy Rain,7,No,No,73,Low
2026-05-15 05:50,IGI Airport T3,28.5562,77.1,257,38,Clear,0,Yes,No,66,Medium
2026-05-15 06:00,DND Flyway,28.5942,77.3053,845,5,Rain,13,No,No,79,Very High
2026-05-15 06:10,Botanical Garden,28.5636,77.334,683,25,Clear,0,No,No,47,Medium
2026-05-15 06:20,Connaught Place,28.6315,77.2167,829,5,Fog,0,Yes,No,94,Very High
2026-05-15 06:30,Sector 18 Noida,28.5706,77.324,818,16,Cloudy,0,No,No,68,Very High
2026-05-15 06:40,Akshardham Route,28.6127,77.2773,186,46,Heavy Rain,7,No,No,95,Low
2026-05-15 06:50,DND Flyway,28.5942,77.3053,564,21,Heavy Rain,12,No,Yes,54,High
2026-05-15 07:00,Greater Noida West,28.59,77.43,735,21,Fog,0,No,No,48,Very High
2026-05-15 07:10,Connaught Place,28.6315,77.2167,580,17,Fog,0,Yes,No,25,High
2026-05-15 07:20,DND Flyway,28.5942,77.3053,808,17,Fog,0,No,Yes,53,Very High
2026-05-15 07:30,Karol Bagh,28.6519,77.1909,602,18,Rain,8,No,No,62,High
2026-05-15 07:40,Dwarka Sector 21,28.5511,77.0565,214,56,Fog,0,No,No,65,Low
2026-05-15 07:50,Lajpat Nagar,28.5677,77.243,99,64,Cloudy,0,No,No,28,Low
2026-05-15 08:00,Connaught Place,28.6315,77.2167,292,24,Rain,16,Yes,Yes,37,High
2026-05-15 08:10,MG Road Gurgaon,28.4794,77.0806,339,36,Rain,15,No,Yes,15,Medium
2026-05-15 08:20,Botanical Garden,28.5636,77.334,348,20,Heavy Rain,11,Yes,No,62,High
2026-05-15 08:30,Sector 62 Noida,28.628,77.3649,555,33,Fog,0,No,No,57,Medium
2026-05-15 08:40,Vaishali Ghaziabad,28.646,77.339,695,24,Clear,0,No,No,30,High
2026-05-15 08:50,Botanical Garden,28.5636,77.334,440,29,Rain,6,No,No,90,Medium
2026-05-15 09:00,Lajpat Nagar,28.5677,77.243,307,35,Cloudy,0,Yes,No,74,Medium
2026-05-15 09:10,Lajpat Nagar,28.5677,77.243,396,32,Heavy Rain,16,No,No,85,Medium
2026-05-15 09:20,Dwarka Sector 21,28.5511,77.0565,110,63,Cloudy,0,No,No,91,Low
2026-05-15 09:30,Karol Bagh,28.6519,77.1909,388,45,Cloudy,0,No,No,46,Low
2026-05-15 09:40,Akshardham Route,28.6127,77.2773,234,40,Clear,0,Yes,No,64,Low
2026-05-15 09:50,MG Road Gurgaon,28.4794,77.0806,753,5,Clear,0,Yes,No,70,Very High
2026-05-15 10:00,Sector 62 Noida,28.628,77.3649,311,50,Clear,0,No,No,87,Low
2026-05-15 10:10,Connaught Place,28.6315,77.2167,596,19,Rain,6,No,No,27,High
2026-05-15 10:20,Sector 62 Noida,28.628,77.3649,641,16,Rain,12,No,No,14,High
2026-05-15 10:30,Sector 18 Noida,28.5706,77.324,134,62,Fog,0,No,Yes,25,Low
2026-05-15 10:40,Botanical Garden,28.5636,77.334,483,26,Heavy Rain,15,No,No,32,Medium
2026-05-15 10:50,Akshardham Route,28.6127,77.2773,542,34,Cloudy,0,No,No,57,Medium
2026-05-15 11:00,DND Flyway,28.5942,77.3053,311,50,Clear,0,No,No,19,Low
2026-05-15 11:10,Lajpat Nagar,28.5677,77.243,834,5,Rain,18,No,No,74,Very High
2026-05-15 11:20,IGI Airport T3,28.5562,77.1,811,5,Clear,0,Yes,No,59,Very High
2026-05-15 11:30,Greater Noida West,28.59,77.43,232,55,Fog,0,No,No,99,Low
2026-05-15 11:40,Cyber Hub Gurgaon,28.4959,77.0882,364,34,Heavy Rain,10,No,No,50,Medium
2026-05-15 11:50,DND Flyway,28.5942,77.3053,747,9,Rain,20,No,No,90,Very High
2026-05-15 12:00,Lajpat Nagar,28.5677,77.243,457,40,Cloudy,0,No,Yes,41,Low
2026-05-15 12:10,Connaught Place,28.6315,77.2167,206,45,Rain,1,No,Yes,58,Low
2026-05-15 12:20,Karol Bagh,28.6519,77.1909,598,31,Clear,0,No,No,24,Medium
2026-05-15 12:30,Dwarka Sector 21,28.5511,77.0565,350,35,Heavy Rain,1,No,No,21,Medium
2026-05-15 12:40,MG Road Gurgaon,28.4794,77.0806,607,5,Rain,5,Yes,No,26,Very High
2026-05-15 12:50,Sector 18 Noida,28.5706,77.324,413,28,Fog,0,Yes,No,23,Medium
2026-05-15 13:00,Pari Chowk,28.4671,77.503,480,23,Cloudy,0,Yes,No,59,High
2026-05-15 13:10,Cyber Hub Gurgaon,28.4959,77.0882,246,39,Fog,0,Yes,Yes,18,Medium
2026-05-15 13:20,Dwarka Sector 21,28.5511,77.0565,142,49,Rain,9,No,Yes,12,Low
2026-05-15 13:30,Sector 62 Noida,28.628,77.3649,429,15,Heavy Rain,4,Yes,No,46,High
2026-05-15 13:40,Botanical Garden,28.5636,77.334,330,33,Cloudy,0,Yes,Yes,48,Medium
2026-05-15 13:50,Pari Chowk,28.4671,77.503,502,37,Fog,0,No,Yes,28,Medium
2026-05-15 14:00,Sector 18 Noida,28.5706,77.324,682,25,Fog,0,No,No,73,Medium
2026-05-15 14:10,Cyber Hub Gurgaon,28.4959,77.0882,286,51,Fog,0,No,Yes,43,Low
2026-05-15 14:20,Karol Bagh,28.6519,77.1909,304,50,Clear,0,No,No,64,Low
2026-05-15 14:30,DND Flyway,28.5942,77.3053,741,5,Rain,16,Yes,No,59,Very High
2026-05-15 14:40,Greater Noida West,28.59,77.43,724,22,Clear,0,No,No,70,Very High
2026-05-15 14:50,MG Road Gurgaon,28.4794,77.0806,71,39,Heavy Rain,1,Yes,No,36,Medium
2026-05-15 15:00,Connaught Place,28.6315,77.2167,836,5,Rain,13,No,No,59,Very High
2026-05-15 15:10,India Gate,28.6129,77.2295,621,17,Heavy Rain,10,No,Yes,13,High
2026-05-15 15:20,Sector 18 Noida,28.5706,77.324,428,30,Heavy Rain,9,No,No,80,Medium
2026-05-15 15:30,Botanical Garden,28.5636,77.334,133,62,Fog,0,No,No,77,Low
2026-05-15 15:40,Connaught Place,28.6315,77.2167,459,40,Fog,0,No,No,59,Low
2026-05-15 15:50,Lajpat Nagar,28.5677,77.243,693,5,Heavy Rain,14,Yes,No,25,Very High
2026-05-15 16:00,Karol Bagh,28.6519,77.1909,135,61,Cloudy,0,No,Yes,71,Low
2026-05-15 16:10,Cyber Hub Gurgaon,28.4959,77.0882,612,18,Rain,6,No,No,19,High
2026-05-15 16:20,Sector 62 Noida,28.628,77.3649,652,27,Clear,0,No,No,74,Medium
2026-05-15 16:30,Sector 62 Noida,28.628,77.3649,703,24,Clear,0,No,No,53,Very High
2026-05-15 16:40,DND Flyway,28.5942,77.3053,626,29,Cloudy,0,No,No,63,Medium
2026-05-15 16:50,MG Road Gurgaon,28.4794,77.0806,240,54,Cloudy,0,No,No,39,Low
2026-05-15 17:00,MG Road Gurgaon,28.4794,77.0806,108,63,Cloudy,0,No,Yes,43,Low
2026-05-15 17:10,Dwarka Sector 21,28.5511,77.0565,505,25,Heavy Rain,1,No,No,32,Medium
2026-05-15 17:20,Greater Noida West,28.59,77.43,595,19,Rain,7,No,No,12,High
2026-05-15 17:30,Sector 18 Noida,28.5706,77.324,761,5,Heavy Rain,1,Yes,Yes,100,Very High
2026-05-15 17:40,Sector 62 Noida,28.628,77.3649,773,7,Heavy Rain,10,No,Yes,33,Very High
2026-05-15 17:50,Akshardham Route,28.6127,77.2773,789,5,Heavy Rain,8,Yes,No,26,Very High
2026-05-15 18:00,Pari Chowk,28.4671,77.503,71,54,Rain,19,No,No,12,Low
2026-05-15 18:10,Pari Chowk,28.4671,77.503,825,5,Rain,15,No,No,71,Very High
2026-05-15 18:20,Cyber Hub Gurgaon,28.4959,77.0882,867,5,Clear,0,Yes,No,13,Very High
2026-05-15 18:30,Karol Bagh,28.6519,77.1909,163,48,Rain,19,No,No,17,Low
2026-05-15 18:40,Botanical Garden,28.5636,77.334,281,52,Fog,0,No,Yes,74,Low
2026-05-15 18:50,Sector 62 Noida,28.628,77.3649,302,38,Heavy Rain,9,No,No,74,Medium
2026-05-15 19:00,IGI Airport T3,28.5562,77.1,457,40,Clear,0,No,No,52,Low
2026-05-15 19:10,Akshardham Route,28.6127,77.2773,50,67,Cloudy,0,No,No,60,Low
2026-05-15 19:20,Sector 18 Noida,28.5706,77.324,401,32,Heavy Rain,14,No,No,66,Medium
2026-05-15 19:30,Botanical Garden,28.5636,77.334,353,35,Heavy Rain,15,No,No,96,Medium
2026-05-15 19:40,India Gate,28.6129,77.2295,132,35,Rain,13,Yes,Yes,12,Medium
2026-05-15 19:50,Connaught Place,28.6315,77.2167,525,35,Fog,0,No,No,79,Medium
2026-05-15 20:00,Vaishali Ghaziabad,28.646,77.339,275,52,Clear,0,No,No,64,Low
2026-05-15 20:10,Cyber Hub Gurgaon,28.4959,77.0882,844,14,Fog,0,No,Yes,16,Very High
2026-05-15 20:20,Akshardham Route,28.6127,77.2773,881,5,Rain,5,No,Yes,25,Very High
2026-05-15 20:30,Dwarka Sector 21,28.5511,77.0565,680,10,Cloudy,0,Yes,No,50,Very High
2026-05-15 20:40,Vaishali Ghaziabad,28.646,77.339,125,62,Fog,0,No,No,18,Low
2026-05-15 20:50,Lajpat Nagar,28.5677,77.243,476,27,Heavy Rain,19,No,No,93,Medium
2026-05-15 21:00,MG Road Gurgaon,28.4794,77.0806,858,13,Cloudy,0,No,No,24,Very High
2026-05-15 21:10,Pari Chowk,28.4671,77.503,578,20,Rain,6,No,No,63,High
2026-05-15 21:20,Karol Bagh,28.6519,77.1909,696,24,Clear,0,No,No,37,High
2026-05-15 21:30,Sector 62 Noida,28.628,77.3649,601,18,Heavy Rain,16,No,Yes,76,High
2026-05-15 21:40,Sector 18 Noida,28.5706,77.324,708,23,Clear,0,No,No,46,Very High
2026-05-15 21:50,DND Flyway,28.5942,77.3053,699,5,Heavy Rain,15,Yes,No,61,Very High
2026-05-15 22:00,DND Flyway,28.5942,77.3053,460,25,Clear,0,Yes,Yes,84,Medium
2026-05-15 22:10,India Gate,28.6129,77.2295,152,60,Clear,0,No,No,56,Low
2026-05-15 22:20,Karol Bagh,28.6519,77.1909,527,23,Rain,5,No,Yes,79,High
2026-05-15 22:30,Cyber Hub Gurgaon,28.4959,77.0882,303,50,Fog,0,No,No,61,Low
2026-05-15 22:40,Karol Bagh,28.6519,77.1909,426,42,Cloudy,0,No,No,38,Low
2026-05-15 22:50,Botanical Garden,28.5636,77.334,488,38,Clear,0,No,No,96,Medium
2026-05-15 23:00,Connaught Place,28.6315,77.2167,183,31,Heavy Rain,2,Yes,No,15,Medium
2026-05-15 23:10,India Gate,28.6129,77.2295,594,19,Rain,13,No,No,42,High
2026-05-15 23:20,Pari Chowk,28.4671,77.503,760,20,Clear,0,No,No,67,Very High
2026-05-15 23:30,Sector 62 Noida,28.628,77.3649,281,40,Heavy Rain,18,No,No,10,Low
2026-05-15 23:40,Botanical Garden,28.5636,77.334,735,21,Clear,0,No,Yes,57,Very High
2026-05-15 23:50,Vaishali Ghaziabad,28.646,77.339,52,67,Fog,0,No,No,22,Low
2026-05-16 00:00,Pari Chowk,28.4671,77.503,888,11,Clear,0,No,No,39,Very High
2026-05-16 00:10,MG Road Gurgaon,28.4794,77.0806,413,43,Fog,0,No,No,64,Low
2026-05-16 00:20,Sector 62 Noida,28.628,77.3649,143,46,Cloudy,0,Yes,No,35,Low
2026-05-16 00:30,IGI Airport T3,28.5562,77.1,624,29,Clear,0,No,No,43,Medium
2026-05-16 00:40,Connaught Place,28.6315,77.2167,212,56,Fog,0,No,Yes,61,Low
2026-05-16 00:50,Karol Bagh,28.6519,77.1909,541,22,Rain,19,No,No,30,High
2026-05-16 01:00,Pari Chowk,28.4671,77.503,330,48,Fog,0,No,No,59,Low
2026-05-16 01:10,Botanical Garden,28.5636,77.334,83,50,Cloudy,0,Yes,Yes,91,Low
2026-05-16 01:20,Botanical Garden,28.5636,77.334,351,47,Clear,0,No,No,10,Low
2026-05-16 01:30,IGI Airport T3,28.5562,77.1,441,41,Cloudy,0,No,No,64,Low
2026-05-16 01:40,Karol Bagh,28.6519,77.1909,689,25,Clear,0,No,No,87,Medium
2026-05-16 01:50,Sector 62 Noida,28.628,77.3649,127,62,Clear,0,No,No,68,Low
2026-05-16 02:00,Pari Chowk,28.4671,77.503,667,14,Rain,12,No,No,26,Very High
2026-05-16 02:10,Botanical Garden,28.5636,77.334,239,40,Cloudy,0,Yes,Yes,51,Low
2026-05-16 02:20,Akshardham Route,28.6127,77.2773,97,64,Cloudy,0,No,Yes,36,Low
2026-05-16 02:30,Sector 18 Noida,28.5706,77.324,522,36,Clear,0,No,No,38,Medium
2026-05-16 02:40,Sector 18 Noida,28.5706,77.324,425,27,Cloudy,0,Yes,No,34,Medium
2026-05-16 02:50,Greater Noida West,28.59,77.43,280,52,Clear,0,No,No,45,Low
2026-05-16 03:00,Connaught Place,28.6315,77.2167,865,5,Rain,20,Yes,Yes,46,Very High
2026-05-16 03:10,IGI Airport T3,28.5562,77.1,240,42,Rain,4,No,No,40,Low
2026-05-16 03:20,India Gate,28.6129,77.2295,209,57,Clear,0,No,No,21,Low
2026-05-16 03:30,Greater Noida West,28.59,77.43,476,27,Heavy Rain,15,No,No,54,Medium
2026-05-16 03:40,Sector 18 Noida,28.5706,77.324,370,46,Fog,0,No,Yes,99,Low
2026-05-16 03:50,India Gate,28.6129,77.2295,770,19,Cloudy,0,No,No,13,Very High
2026-05-16 04:00,Sector 62 Noida,28.628,77.3649,53,55,Rain,7,No,No,71,Low
2026-05-16 04:10,DND Flyway,28.5942,77.3053,201,42,Cloudy,0,Yes,No,76,Low
2026-05-16 04:20,Cyber Hub Gurgaon,28.4959,77.0882,148,46,Cloudy,0,Yes,No,73,Low
2026-05-16 04:30,Lajpat Nagar,28.5677,77.243,688,13,Rain,7,No,No,32,Very High
2026-05-16 04:40,Pari Chowk,28.4671,77.503,732,22,Clear,0,No,Yes,52,Very High
2026-05-16 04:50,DND Flyway,28.5942,77.3053,327,37,Heavy Rain,5,No,Yes,30,Medium
2026-05-16 05:00,Pari Chowk,28.4671,77.503,719,11,Heavy Rain,17,No,No,31,Very High
2026-05-16 05:10,Vaishali Ghaziabad,28.646,77.339,220,56,Cloudy,0,No,Yes,80,Low
2026-05-16 05:20,IGI Airport T3,28.5562,77.1,73,51,Clear,0,Yes,No,93,Low
2026-05-16 05:30,Karol Bagh,28.6519,77.1909,664,26,Fog,0,No,Yes,82,Medium
2026-05-16 05:40,Lajpat Nagar,28.5677,77.243,350,47,Clear,0,No,No,62,Low
2026-05-16 05:50,Botanical Garden,28.5636,77.334,562,18,Fog,0,Yes,No,67,High
2026-05-16 06:00,Dwarka Sector 21,28.5511,77.0565,66,66,Fog,0,No,No,42,Low
2026-05-16 06:10,Akshardham Route,28.6127,77.2773,580,32,Cloudy,0,No,No,63,Medium
2026-05-16 06:20,DND Flyway,28.5942,77.3053,819,5,Fog,0,Yes,No,78,Very High
2026-05-16 06:30,Dwarka Sector 21,28.5511,77.0565,455,40,Cloudy,0,No,No,95,Low
2026-05-16 06:40,Connaught Place,28.6315,77.2167,861,5,Rain,16,Yes,No,12,Very High
2026-05-16 06:50,Karol Bagh,28.6519,77.1909,792,5,Heavy Rain,19,Yes,Yes,66,Very High
2026-05-16 07:00,Karol Bagh,28.6519,77.1909,777,5,Fog,0,Yes,Yes,94,Very High
2026-05-16 07:10,Vaishali Ghaziabad,28.646,77.339,83,53,Rain,13,No,No,85,Low
2026-05-16 07:20,DND Flyway,28.5942,77.3053,248,54,Cloudy,0,No,No,22,Low
2026-05-16 07:30,Connaught Place,28.6315,77.2167,687,13,Rain,20,No,No,89,Very High
2026-05-16 07:40,Cyber Hub Gurgaon,28.4959,77.0882,501,22,Cloudy,0,Yes,No,55,High
2026-05-16 07:50,Botanical Garden,28.5636,77.334,456,28,Heavy Rain,3,No,No,27,Medium
2026-05-16 08:00,Connaught Place,28.6315,77.2167,835,5,Heavy Rain,6,Yes,No,100,Very High
2026-05-16 08:10,MG Road Gurgaon,28.4794,77.0806,281,40,Heavy Rain,7,No,Yes,64,Low
2026-05-16 08:20,Greater Noida West,28.59,77.43,386,18,Heavy Rain,9,Yes,No,74,High
2026-05-16 08:30,Karol Bagh,28.6519,77.1909,640,28,Cloudy,0,No,No,31,Medium
2026-05-16 08:40,Pari Chowk,28.4671,77.503,767,7,Heavy Rain,20,No,Yes,27,Very High
2026-05-16 08:50,Sector 18 Noida,28.5706,77.324,333,48,Clear,0,No,No,63,Low
2026-05-16 09:00,Pari Chowk,28.4671,77.503,522,21,Fog,0,Yes,No,11,High
2026-05-16 09:10,DND Flyway,28.5942,77.3053,177,59,Fog,0,No,No,30,Low
2026-05-16 09:20,Vaishali Ghaziabad,28.646,77.339,834,5,Rain,15,No,No,67,Very High
2026-05-16 09:30,Akshardham Route,28.6127,77.2773,153,60,Fog,0,No,No,69,Low
2026-05-16 09:40,IGI Airport T3,28.5562,77.1,884,12,Cloudy,0,No,No,57,Very High
2026-05-16 09:50,IGI Airport T3,28.5562,77.1,571,20,Heavy Rain,17,No,No,44,High
2026-05-16 10:00,MG Road Gurgaon,28.4794,77.0806,701,24,Clear,0,No,No,75,Very High
2026-05-16 10:10,Akshardham Route,28.6127,77.2773,279,25,Heavy Rain,19,Yes,Yes,95,Medium
2026-05-16 10:20,Sector 18 Noida,28.5706,77.324,177,59,Cloudy,0,No,No,36,Low
2026-05-16 10:30,India Gate,28.6129,77.2295,83,65,Cloudy,0,No,No,87,Low
2026-05-16 10:40,Greater Noida West,28.59,77.43,296,36,Clear,0,Yes,No,48,Medium
2026-05-16 10:50,India Gate,28.6129,77.2295,789,18,Fog,0,No,No,77,Very High
2026-05-16 11:00,Lajpat Nagar,28.5677,77.243,283,25,Heavy Rain,20,Yes,Yes,69,Medium
2026-05-16 11:10,MG Road Gurgaon,28.4794,77.0806,256,41,Rain,16,No,No,89,Low
2026-05-16 11:20,Akshardham Route,28.6127,77.2773,170,32,Heavy Rain,6,Yes,Yes,34,Medium
2026-05-16 11:30,DND Flyway,28.5942,77.3053,569,18,Fog,0,Yes,Yes,79,High
2026-05-16 11:40,Sector 18 Noida,28.5706,77.324,616,5,Rain,7,Yes,No,82,Very High
2026-05-16 11:50,Lajpat Nagar,28.5677,77.243,214,56,Cloudy,0,No,No,50,Low
2026-05-16 12:00,Pari Chowk,28.4671,77.503,325,49,Cloudy,0,No,Yes,68,Low
2026-05-16 12:10,Vaishali Ghaziabad,28.646,77.339,360,31,Cloudy,0,Yes,No,48,Medium
2026-05-16 12:20,Pari Chowk,28.4671,77.503,690,24,Clear,0,No,No,90,High
2026-05-16 12:30,IGI Airport T3,28.5562,77.1,773,5,Rain,3,Yes,No,80,Very High
2026-05-16 12:40,Pari Chowk,28.4671,77.503,198,45,Rain,10,No,No,56,Low
2026-05-16 12:50,Dwarka Sector 21,28.5511,77.0565,894,5,Heavy Rain,17,No,No,80,Very High
2026-05-16 13:00,Cyber Hub Gurgaon,28.4959,77.0882,79,53,Rain,1,No,No,78,Low
2026-05-16 13:10,India Gate,28.6129,77.2295,195,45,Heavy Rain,15,No,No,78,Low
2026-05-16 13:20,Akshardham Route,28.6127,77.2773,93,64,Clear,0,No,Yes,46,Low
2026-05-16 13:30,Vaishali Ghaziabad,28.646,77.339,476,27,Rain,17,No,No,73,Medium
2026-05-16 13:40,Akshardham Route,28.6127,77.2773,451,40,Cloudy,0,No,No,75,Low
2026-05-16 13:50,Sector 62 Noida,28.628,77.3649,410,43,Fog,0,No,Yes,13,Low
2026-05-16 14:00,IGI Airport T3,28.5562,77.1,624,29,Cloudy,0,No,No,97,Medium
2026-05-16 14:10,Pari Chowk,28.4671,77.503,209,30,Heavy Rain,9,Yes,No,42,Medium
2026-05-16 14:20,Dwarka Sector 21,28.5511,77.0565,188,58,Cloudy,0,No,No,35,Low
2026-05-16 14:30,Cyber Hub Gurgaon,28.4959,77.0882,643,16,Rain,2,No,No,19,High
2026-05-16 14:40,Sector 62 Noida,28.628,77.3649,230,43,Heavy Rain,9,No,No,87,Low
2026-05-16 14:50,Vaishali Ghaziabad,28.646,77.339,800,5,Heavy Rain,8,No,No,35,Very High
2026-05-16 15:00,Pari Chowk,28.4671,77.503,866,13,Fog,0,No,No,73,Very High
2026-05-16 15:10,Sector 62 Noida,28.628,77.3649,377,45,Clear,0,No,Yes,97,Low
2026-05-16 15:20,Dwarka Sector 21,28.5511,77.0565,757,20,Clear,0,No,Yes,78,Very High
2026-05-16 15:30,Pari Chowk,28.4671,77.503,154,60,Cloudy,0,No,No,51,Low
2026-05-16 15:40,India Gate,28.6129,77.2295,241,54,Clear,0,No,Yes,98,Low
2026-05-16 15:50,Sector 62 Noida,28.628,77.3649,203,57,Fog,0,No,No,43,Low
2026-05-16 16:00,Botanical Garden,28.5636,77.334,527,23,Heavy Rain,4,No,No,45,High
2026-05-16 16:10,MG Road Gurgaon,28.4794,77.0806,771,7,Heavy Rain,9,No,No,62,Very High
2026-05-16 16:20,Lajpat Nagar,28.5677,77.243,214,56,Cloudy,0,No,No,39,Low
2026-05-16 16:30,IGI Airport T3,28.5562,77.1,152,60,Fog,0,No,No,53,Low
2026-05-16 16:40,Lajpat Nagar,28.5677,77.243,229,28,Heavy Rain,4,Yes,No,92,Medium
2026-05-16 16:50,Akshardham Route,28.6127,77.2773,521,21,Clear,0,Yes,Yes,83,High
2026-05-16 17:00,Sector 18 Noida,28.5706,77.324,72,66,Fog,0,No,No,22,Low
2026-05-16 17:10,Karol Bagh,28.6519,77.1909,186,58,Clear,0,No,Yes,95,Low
2026-05-16 17:20,Sector 18 Noida,28.5706,77.324,672,26,Clear,0,No,No,100,Medium
2026-05-16 17:30,MG Road Gurgaon,28.4794,77.0806,425,27,Fog,0,Yes,No,36,Medium
2026-05-16 17:40,Pari Chowk,28.4671,77.503,310,50,Fog,0,No,No,43,Low
2026-05-16 17:50,Sector 62 Noida,28.628,77.3649,874,5,Cloudy,0,Yes,No,78,Very High
2026-05-16 18:00,Lajpat Nagar,28.5677,77.243,453,25,Cloudy,0,Yes,Yes,67,Medium
2026-05-16 18:10,Dwarka Sector 21,28.5511,77.0565,142,61,Fog,0,No,Yes,30,Low
2026-05-16 18:20,Akshardham Route,28.6127,77.2773,718,11,Heavy Rain,2,No,No,13,Very High
2026-05-16 18:30,Dwarka Sector 21,28.5511,77.0565,300,38,Rain,11,No,No,14,Medium
2026-05-16 18:40,Dwarka Sector 21,28.5511,77.0565,223,41,Fog,0,Yes,No,17,Low
2026-05-16 18:50,Akshardham Route,28.6127,77.2773,419,31,Rain,20,No,No,93,Medium
2026-05-16 19:00,Sector 18 Noida,28.5706,77.324,56,52,Clear,0,Yes,No,90,Low
2026-05-16 19:10,Greater Noida West,28.59,77.43,787,6,Rain,8,No,No,67,Very High
2026-05-16 19:20,Botanical Garden,28.5636,77.334,728,10,Heavy Rain,10,No,Yes,78,Very High
2026-05-16 19:30,Connaught Place,28.6315,77.2167,210,56,Cloudy,0,No,No,40,Low
2026-05-16 19:40,Dwarka Sector 21,28.5511,77.0565,576,20,Heavy Rain,16,No,No,17,High
2026-05-16 19:50,Connaught Place,28.6315,77.2167,241,54,Clear,0,No,No,55,Low
2026-05-16 20:00,India Gate,28.6129,77.2295,739,6,Cloudy,0,Yes,No,80,Very High
2026-05-16 20:10,Karol Bagh,28.6519,77.1909,735,5,Heavy Rain,16,Yes,No,65,Very High
2026-05-16 20:20,Lajpat Nagar,28.5677,77.243,482,38,Clear,0,No,No,84,Medium
2026-05-16 20:30,Greater Noida West,28.59,77.43,876,5,Heavy Rain,4,No,No,69,Very High
2026-05-16 20:40,Vaishali Ghaziabad,28.646,77.339,474,24,Fog,0,Yes,No,23,High
2026-05-16 20:50,DND Flyway,28.5942,77.3053,838,5,Rain,14,Yes,Yes,26,Very High
2026-05-16 21:00,Pari Chowk,28.4671,77.503,93,64,Clear,0,No,No,75,Low
2026-05-16 21:10,Karol Bagh,28.6519,77.1909,204,57,Fog,0,No,No,52,Low
2026-05-16 21:20,Vaishali Ghaziabad,28.646,77.339,634,28,Clear,0,No,No,87,Medium
2026-05-16 21:30,Greater Noida West,28.59,77.43,396,32,Rain,20,No,Yes,19,Medium
2026-05-16 21:40,Akshardham Route,28.6127,77.2773,734,22,Cloudy,0,No,No,77,Very High
2026-05-16 21:50,MG Road Gurgaon,28.4794,77.0806,372,31,Cloudy,0,Yes,No,55,Medium
2026-05-16 22:00,Pari Chowk,28.4671,77.503,588,31,Cloudy,0,No,No,55,Medium
2026-05-16 22:10,IGI Airport T3,28.5562,77.1,575,32,Fog,0,No,No,88,Medium
2026-05-16 22:20,Sector 62 Noida,28.628,77.3649,738,9,Heavy Rain,17,No,No,79,Very High
2026-05-16 22:30,Botanical Garden,28.5636,77.334,217,41,Clear,0,Yes,No,18,Low
2026-05-16 22:40,Connaught Place,28.6315,77.2167,242,54,Cloudy,0,No,No,63,Low
2026-05-16 22:50,Vaishali Ghaziabad,28.646,77.339,880,12,Clear,0,No,No,78,Very High
2026-05-16 23:00,IGI Airport T3,28.5562,77.1,69,66,Clear,0,No,Yes,59,Low
2026-05-16 23:10,Connaught Place,28.6315,77.2167,250,42,Heavy Rain,10,No,Yes,27,Low
2026-05-16 23:20,Botanical Garden,28.5636,77.334,463,13,Rain,8,Yes,No,40,Very High
2026-05-16 23:30,Karol Bagh,28.6519,77.1909,872,12,Fog,0,No,No,30,Very High
2026-05-16 23:40,Greater Noida West,28.59,77.43,452,40,Fog,0,No,No,57,Low
2026-05-16 23:50,Karol Bagh,28.6519,77.1909,868,5,Cloudy,0,Yes,Yes,25,Very High
2026-05-17 00:00,Karol Bagh,28.6519,77.1909,270,52,Clear,0,No,No,30,Low
2026-05-17 00:10,DND Flyway,28.5942,77.3053,143,61,Cloudy,0,No,Yes,87,Low
2026-05-17 00:20,IGI Airport T3,28.5562,77.1,483,23,Clear,0,Yes,No,63,High
2026-05-17 00:30,Botanical Garden,28.5636,77.334,91,64,Clear,0,No,No,33,Low
2026-05-17 00:40,India Gate,28.6129,77.2295,688,13,Heavy Rain,20,No,Yes,63,Very High
2026-05-17 00:50,MG Road Gurgaon,28.4794,77.0806,246,54,Cloudy,0,No,No,51,Low
2026-05-17 01:00,Akshardham Route,28.6127,77.2773,384,30,Cloudy,0,Yes,No,77,Medium
2026-05-17 01:10,Vaishali Ghaziabad,28.646,77.339,235,55,Cloudy,0,No,No,26,Low
2026-05-17 01:20,Greater Noida West,28.59,77.43,355,47,Clear,0,No,No,57,Low
2026-05-17 01:30,MG Road Gurgaon,28.4794,77.0806,67,66,Clear,0,No,No,72,Low
2026-05-17 01:40,MG Road Gurgaon,28.4794,77.0806,406,31,Heavy Rain,19,No,Yes,29,Medium
2026-05-17 01:50,IGI Airport T3,28.5562,77.1,528,35,Cloudy,0,No,No,30,Medium
2026-05-17 02:00,IGI Airport T3,28.5562,77.1,730,22,Cloudy,0,No,No,85,Very High
2026-05-17 02:10,Cyber Hub Gurgaon,28.4959,77.0882,145,49,Rain,7,No,No,47,Low
2026-05-17 02:20,DND Flyway,28.5942,77.3053,807,5,Rain,3,No,No,65,Very High
2026-05-17 02:30,Lajpat Nagar,28.5677,77.243,663,26,Cloudy,0,No,No,33,Medium
2026-05-17 02:40,Cyber Hub Gurgaon,28.4959,77.0882,849,5,Heavy Rain,8,Yes,No,89,Very High
2026-05-17 02:50,Dwarka Sector 21,28.5511,77.0565,314,38,Heavy Rain,7,No,Yes,88,Medium
2026-05-17 03:00,Akshardham Route,28.6127,77.2773,519,24,Rain,4,No,Yes,37,High
2026-05-17 03:10,Botanical Garden,28.5636,77.334,774,7,Rain,19,No,No,96,Very High
2026-05-17 03:20,MG Road Gurgaon,28.4794,77.0806,593,31,Fog,0,No,Yes,12,Medium
2026-05-17 03:30,India Gate,28.6129,77.2295,546,7,Heavy Rain,1,Yes,No,30,Very High
2026-05-17 03:40,Vaishali Ghaziabad,28.646,77.339,415,31,Rain,13,No,No,94,Medium
2026-05-17 03:50,DND Flyway,28.5942,77.3053,867,13,Clear,0,No,Yes,45,Very High
2026-05-17 04:00,India Gate,28.6129,77.2295,615,29,Fog,0,No,No,52,Medium
2026-05-17 04:10,Sector 62 Noida,28.628,77.3649,388,33,Heavy Rain,9,No,Yes,66,Medium
2026-05-17 04:20,Karol Bagh,28.6519,77.1909,863,13,Cloudy,0,No,Yes,61,Very High
2026-05-17 04:30,Vaishali Ghaziabad,28.646,77.339,563,33,Fog,0,No,No,54,Medium
2026-05-17 04:40,Dwarka Sector 21,28.5511,77.0565,84,50,Clear,0,Yes,No,38,Low
2026-05-17 04:50,DND Flyway,28.5942,77.3053,156,60,Cloudy,0,No,No,23,Low
2026-05-17 05:00,Sector 18 Noida,28.5706,77.324,260,38,Cloudy,0,Yes,Yes,36,Medium
2026-05-17 05:10,Pari Chowk,28.4671,77.503,463,40,Clear,0,No,No,37,Low
2026-05-17 05:20,Sector 62 Noida,28.628,77.3649,123,62,Cloudy,0,No,No,89,Low
2026-05-17 05:30,Cyber Hub Gurgaon,28.4959,77.0882,836,5,Cloudy,0,Yes,No,54,Very High
2026-05-17 05:40,DND Flyway,28.5942,77.3053,298,39,Heavy Rain,16,No,No,22,Medium
2026-05-17 05:50,MG Road Gurgaon,28.4794,77.0806,491,23,Fog,0,Yes,Yes,33,High
2026-05-17 06:00,Botanical Garden,28.5636,77.334,307,23,Rain,18,Yes,No,41,High
2026-05-17 06:10,Sector 62 Noida,28.628,77.3649,50,55,Heavy Rain,9,No,Yes,35,Low
2026-05-17 06:20,Pari Chowk,28.4671,77.503,401,44,Fog,0,No,No,36,Low
2026-05-17 06:30,Dwarka Sector 21,28.5511,77.0565,620,29,Clear,0,No,No,82,Medium
2026-05-17 06:40,Botanical Garden,28.5636,77.334,715,11,Rain,2,No,No,34,Very High
2026-05-17 06:50,Vaishali Ghaziabad,28.646,77.339,258,38,Clear,0,Yes,No,100,Medium
2026-05-17 07:00,DND Flyway,28.5942,77.3053,239,43,Rain,14,No,No,62,Low
2026-05-17 07:10,Vaishali Ghaziabad,28.646,77.339,611,18,Rain,19,No,No,40,High
2026-05-17 07:20,DND Flyway,28.5942,77.3053,746,21,Fog,0,No,No,53,Very High
2026-05-17 07:30,DND Flyway,28.5942,77.3053,528,35,Clear,0,No,Yes,76,Medium
2026-05-17 07:40,Connaught Place,28.6315,77.2167,776,5,Clear,0,Yes,No,57,Very High
2026-05-17 07:50,Sector 62 Noida,28.628,77.3649,191,43,Cloudy,0,Yes,No,58,Low
2026-05-17 08:00,MG Road Gurgaon,28.4794,77.0806,614,5,Heavy Rain,10,Yes,No,19,Very High
2026-05-17 08:10,Lajpat Nagar,28.5677,77.243,680,13,Heavy Rain,8,No,No,93,Very High
2026-05-17 08:20,India Gate,28.6129,77.2295,334,36,Heavy Rain,4,No,No,92,Medium
2026-05-17 08:30,Sector 62 Noida,28.628,77.3649,373,46,Fog,0,No,Yes,71,Low
2026-05-17 08:40,Pari Chowk,28.4671,77.503,554,19,Clear,0,Yes,Yes,74,High
2026-05-17 08:50,IGI Airport T3,28.5562,77.1,242,54,Fog,0,No,Yes,77,Low
2026-05-17 09:00,DND Flyway,28.5942,77.3053,439,41,Fog,0,No,No,69,Low
2026-05-17 09:10,Greater Noida West,28.59,77.43,92,64,Clear,0,No,No,51,Low
2026-05-17 09:20,Greater Noida West,28.59,77.43,228,43,Rain,10,No,No,54,Low
2026-05-17 09:30,Vaishali Ghaziabad,28.646,77.339,422,42,Fog,0,No,No,39,Low
2026-05-17 09:40,Lajpat Nagar,28.5677,77.243,396,44,Clear,0,No,No,75,Low
2026-05-17 09:50,Karol Bagh,28.6519,77.1909,433,42,Cloudy,0,No,No,95,Low
2026-05-17 10:00,Pari Chowk,28.4671,77.503,859,13,Clear,0,No,No,41,Very High
2026-05-17 10:10,Connaught Place,28.6315,77.2167,665,14,Heavy Rain,13,No,No,15,Very High
2026-05-17 10:20,Dwarka Sector 21,28.5511,77.0565,524,36,Fog,0,No,No,70,Medium
2026-05-17 10:30,Sector 62 Noida,28.628,77.3649,495,37,Fog,0,No,No,82,Medium
2026-05-17 10:40,Greater Noida West,28.59,77.43,746,21,Cloudy,0,No,No,91,Very High
2026-05-17 10:50,Lajpat Nagar,28.5677,77.243,640,28,Clear,0,No,No,71,Medium
2026-05-17 11:00,Connaught Place,28.6315,77.2167,347,47,Fog,0,No,Yes,24,Low
2026-05-17 11:10,Cyber Hub Gurgaon,28.4959,77.0882,767,7,Rain,14,No,No,42,Very High
2026-05-17 11:20,Vaishali Ghaziabad,28.646,77.339,724,22,Fog,0,No,No,74,Very High
2026-05-17 11:30,Vaishali Ghaziabad,28.646,77.339,51,55,Rain,5,No,No,32,Low
2026-05-17 11:40,India Gate,28.6129,77.2295,80,65,Cloudy,0,No,No,71,Low
2026-05-17 11:50,Botanical Garden,28.5636,77.334,589,31,Clear,0,No,No,75,Medium
2026-05-17 12:00,Karol Bagh,28.6519,77.1909,262,53,Fog,0,No,Yes,11,Low
2026-05-17 12:10,MG Road Gurgaon,28.4794,77.0806,528,23,Heavy Rain,20,No,No,48,High
2026-05-17 12:20,India Gate,28.6129,77.2295,83,65,Cloudy,0,No,No,39,Low
2026-05-17 12:30,DND Flyway,28.5942,77.3053,575,32,Fog,0,No,Yes,46,Medium
2026-05-17 12:40,Cyber Hub Gurgaon,28.4959,77.0882,174,47,Rain,17,No,Yes,99,Low
2026-05-17 12:50,Greater Noida West,28.59,77.43,684,13,Rain,19,No,Yes,91,Very High
2026-05-17 13:00,Akshardham Route,28.6127,77.2773,818,16,Cloudy,0,No,No,70,Very High
2026-05-17 13:10,Karol Bagh,28.6519,77.1909,52,52,Cloudy,0,Yes,No,55,Low
2026-05-17 13:20,India Gate,28.6129,77.2295,617,5,Rain,18,Yes,No,80,Very High
2026-05-17 13:30,Lajpat Nagar,28.5677,77.243,281,40,Rain,18,No,Yes,100,Low
2026-05-17 13:40,Greater Noida West,28.59,77.43,347,32,Fog,0,Yes,No,13,Medium
2026-05-17 13:50,Connaught Place,28.6315,77.2167,390,44,Clear,0,No,No,50,Low
2026-05-17 14:00,Karol Bagh,28.6519,77.1909,327,22,Rain,1,Yes,No,46,High
2026-05-17 14:10,India Gate,28.6129,77.2295,426,30,Heavy Rain,7,No,Yes,59,Medium
2026-05-17 14:20,Sector 18 Noida,28.5706,77.324,548,34,Clear,0,No,Yes,81,Medium
2026-05-17 14:30,Vaishali Ghaziabad,28.646,77.339,272,52,Fog,0,No,No,48,Low
2026-05-17 14:40,Karol Bagh,28.6519,77.1909,440,14,Rain,11,Yes,Yes,96,Very High
2026-05-17 14:50,India Gate,28.6129,77.2295,736,5,Rain,13,Yes,No,81,Very High
2026-05-17 15:00,Pari Chowk,28.4671,77.503,458,28,Rain,2,No,No,79,Medium
2026-05-17 15:10,India Gate,28.6129,77.2295,107,63,Fog,0,No,No,47,Low
2026-05-17 15:20,Sector 18 Noida,28.5706,77.324,784,5,Fog,0,Yes,No,33,Very High
2026-05-17 15:30,Sector 62 Noida,28.628,77.3649,676,10,Fog,0,Yes,No,94,Very High
2026-05-17 15:40,Dwarka Sector 21,28.5511,77.0565,826,15,Fog,0,No,Yes,19,Very High
2026-05-17 15:50,Connaught Place,28.6315,77.2167,775,5,Rain,19,Yes,No,72,Very High
2026-05-17 16:00,Vaishali Ghaziabad,28.646,77.339,176,44,Clear,0,Yes,Yes,29,Low
2026-05-17 16:10,Lajpat Nagar,28.5677,77.243,247,42,Rain,4,No,No,32,Low
2026-05-17 16:20,Lajpat Nagar,28.5677,77.243,755,5,Heavy Rain,2,Yes,No,89,Very High
2026-05-17 16:30,IGI Airport T3,28.5562,77.1,54,67,Fog,0,No,Yes,83,Low
2026-05-17 16:40,Pari Chowk,28.4671,77.503,698,24,Cloudy,0,No,No,50,High
2026-05-17 16:50,Lajpat Nagar,28.5677,77.243,507,37,Fog,0,No,No,67,Medium
2026-05-17 17:00,MG Road Gurgaon,28.4794,77.0806,640,16,Rain,17,No,Yes,14,High
2026-05-17 17:10,India Gate,28.6129,77.2295,334,33,Cloudy,0,Yes,No,30,Medium
2026-05-17 17:20,Akshardham Route,28.6127,77.2773,165,47,Heavy Rain,17,No,No,70,Low
2026-05-17 17:30,DND Flyway,28.5942,77.3053,395,29,Clear,0,Yes,No,29,Medium
2026-05-17 17:40,Pari Chowk,28.4671,77.503,521,36,Fog,0,No,No,42,Medium
2026-05-17 17:50,Pari Chowk,28.4671,77.503,633,28,Cloudy,0,No,No,81,Medium
2026-05-17 18:00,Akshardham Route,28.6127,77.2773,162,48,Heavy Rain,11,No,Yes,26,Low
2026-05-17 18:10,MG Road Gurgaon,28.4794,77.0806,579,32,Fog,0,No,Yes,50,Medium
2026-05-17 18:20,Cyber Hub Gurgaon,28.4959,77.0882,236,55,Clear,0,No,No,49,Low
2026-05-17 18:30,Vaishali Ghaziabad,28.646,77.339,789,18,Clear,0,No,No,26,Very High
2026-05-17 18:40,Pari Chowk,28.4671,77.503,540,22,Rain,12,No,Yes,95,High
2026-05-17 18:50,Greater Noida West,28.59,77.43,886,11,Fog,0,No,No,27,Very High
2026-05-17 19:00,DND Flyway,28.5942,77.3053,565,33,Clear,0,No,No,66,Medium
2026-05-17 19:10,Greater Noida West,28.59,77.43,373,46,Cloudy,0,No,No,64,Low
2026-05-17 19:20,Vaishali Ghaziabad,28.646,77.339,782,18,Fog,0,No,Yes,75,Very High
2026-05-17 19:30,Vaishali Ghaziabad,28.646,77.339,341,21,Heavy Rain,4,Yes,No,41,High
2026-05-17 19:40,MG Road Gurgaon,28.4794,77.0806,207,42,Cloudy,0,Yes,No,100,Low
2026-05-17 19:50,Sector 62 Noida,28.628,77.3649,385,30,Cloudy,0,Yes,No,51,Medium
2026-05-17 20:00,Sector 62 Noida,28.628,77.3649,501,37,Clear,0,No,Yes,25,Medium
2026-05-17 20:10,Karol Bagh,28.6519,77.1909,690,12,Rain,2,No,No,74,Very High
2026-05-17 20:20,IGI Airport T3,28.5562,77.1,257,53,Clear,0,No,Yes,100,Low
2026-05-17 20:30,Cyber Hub Gurgaon,28.4959,77.0882,465,39,Cloudy,0,No,No,60,Medium
2026-05-17 20:40,Pari Chowk,28.4671,77.503,883,12,Clear,0,No,No,53,Very High
2026-05-17 20:50,Akshardham Route,28.6127,77.2773,251,42,Heavy Rain,2,No,Yes,40,Low
2026-05-17 21:00,Cyber Hub Gurgaon,28.4959,77.0882,661,11,Fog,0,Yes,No,45,Very High
2026-05-17 21:10,IGI Airport T3,28.5562,77.1,308,35,Clear,0,Yes,No,83,Medium
2026-05-17 21:20,Karol Bagh,28.6519,77.1909,321,34,Clear,0,Yes,No,94,Medium
2026-05-17 21:30,Akshardham Route,28.6127,77.2773,427,42,Fog,0,No,No,36,Low
2026-05-17 21:40,DND Flyway,28.5942,77.3053,176,59,Fog,0,No,No,55,Low
2026-05-17 21:50,Lajpat Nagar,28.5677,77.243,265,41,Heavy Rain,7,No,No,96,Low
2026-05-17 22:00,Lajpat Nagar,28.5677,77.243,864,13,Cloudy,0,No,No,60,Very High
2026-05-17 22:10,Karol Bagh,28.6519,77.1909,832,5,Cloudy,0,Yes,No,97,Very High
2026-05-17 22:20,Lajpat Nagar,28.5677,77.243,119,51,Heavy Rain,14,No,No,84,Low
2026-05-17 22:30,Sector 18 Noida,28.5706,77.324,821,5,Heavy Rain,15,Yes,No,53,Very High
2026-05-17 22:40,Sector 62 Noida,28.628,77.3649,500,37,Fog,0,No,No,94,Medium
2026-05-17 22:50,Connaught Place,28.6315,77.2167,429,30,Heavy Rain,16,No,No,94,Medium
2026-05-17 23:00,Botanical Garden,28.5636,77.334,575,20,Rain,8,No,No,36,High
2026-05-17 23:10,Akshardham Route,28.6127,77.2773,376,30,Cloudy,0,Yes,No,89,Medium
2026-05-17 23:20,Pari Chowk,28.4671,77.503,531,35,Fog,0,No,No,18,Medium
2026-05-17 23:30,MG Road Gurgaon,28.4794,77.0806,571,20,Rain,13,No,Yes,40,High
2026-05-17 23:40,DND Flyway,28.5942,77.3053,662,11,Cloudy,0,Yes,No,48,Very High
2026-05-17 23:50,Cyber Hub Gurgaon,28.4959,77.0882,798,5,Clear,0,Yes,No,82,Very High
2026-05-18 00:00,Sector 62 Noida,28.628,77.3649,372,34,Rain,14,No,Yes,82,Medium
2026-05-18 00:10,India Gate,28.6129,77.2295,74,51,Clear,0,Yes,Yes,11,Low
2026-05-18 00:20,Karol Bagh,28.6519,77.1909,692,24,Cloudy,0,No,Yes,47,High
2026-05-18 00:30,Sector 18 Noida,28.5706,77.324,332,33,Clear,0,Yes,No,10,Medium
2026-05-18 00:40,Akshardham Route,28.6127,77.2773,766,5,Cloudy,0,Yes,No,20,Very High
2026-05-18 00:50,DND Flyway,28.5942,77.3053,369,46,Cloudy,0,No,Yes,87,Low
2026-05-18 01:00,Cyber Hub Gurgaon,28.4959,77.0882,808,17,Clear,0,No,Yes,84,Very High
2026-05-18 01:10,Vaishali Ghaziabad,28.646,77.339,65,66,Cloudy,0,No,No,28,Low
2026-05-18 01:20,Karol Bagh,28.6519,77.1909,97,37,Rain,9,Yes,No,93,Medium
2026-05-18 01:30,Vaishali Ghaziabad,28.646,77.339,639,13,Cloudy,0,Yes,No,72,Very High
2026-05-18 01:40,India Gate,28.6129,77.2295,813,5,Heavy Rain,5,No,No,60,Very High
2026-05-18 01:50,Karol Bagh,28.6519,77.1909,508,25,Heavy Rain,6,No,Yes,59,Medium
2026-05-18 02:00,Connaught Place,28.6315,77.2167,885,5,Rain,17,No,No,72,Very High
2026-05-18 02:10,MG Road Gurgaon,28.4794,77.0806,424,42,Fog,0,No,No,91,Low
2026-05-18 02:20,MG Road Gurgaon,28.4794,77.0806,594,5,Rain,6,Yes,No,89,Very High
2026-05-18 02:30,Pari Chowk,28.4671,77.503,581,20,Rain,19,No,No,71,High
2026-05-18 02:40,Botanical Garden,28.5636,77.334,669,26,Fog,0,No,No,93,Medium
2026-05-18 02:50,Connaught Place,28.6315,77.2167,208,57,Fog,0,No,No,56,Low
2026-05-18 03:00,Akshardham Route,28.6127,77.2773,470,27,Rain,3,No,No,53,Medium
2026-05-18 03:10,Akshardham Route,28.6127,77.2773,85,50,Cloudy,0,Yes,No,37,Low
2026-05-18 03:20,Botanical Garden,28.5636,77.334,446,41,Clear,0,No,Yes,100,Low
2026-05-18 03:30,MG Road Gurgaon,28.4794,77.0806,721,10,Heavy Rain,19,No,Yes,69,Very High
2026-05-18 03:40,Pari Chowk,28.4671,77.503,366,46,Cloudy,0,No,No,98,Low
2026-05-18 03:50,Karol Bagh,28.6519,77.1909,599,19,Heavy Rain,19,No,No,26,High
2026-05-18 04:00,India Gate,28.6129,77.2295,68,51,Clear,0,Yes,No,28,Low
2026-05-18 04:10,Cyber Hub Gurgaon,28.4959,77.0882,829,5,Fog,0,Yes,Yes,15,Very High
2026-05-18 04:20,Connaught Place,28.6315,77.2167,628,14,Cloudy,0,Yes,No,46,Very High
2026-05-18 04:30,Dwarka Sector 21,28.5511,77.0565,138,61,Fog,0,No,Yes,19,Low
2026-05-18 04:40,India Gate,28.6129,77.2295,101,52,Heavy Rain,18,No,No,85,Low
2026-05-18 04:50,Lajpat Nagar,28.5677,77.243,824,5,Clear,0,Yes,No,68,Very High
2026-05-18 05:00,Dwarka Sector 21,28.5511,77.0565,485,38,Cloudy,0,No,No,44,Medium
2026-05-18 05:10,Sector 62 Noida,28.628,77.3649,199,57,Clear,0,No,No,17,Low
2026-05-18 05:20,MG Road Gurgaon,28.4794,77.0806,713,11,Heavy Rain,13,No,No,23,Very High
2026-05-18 05:30,Cyber Hub Gurgaon,28.4959,77.0882,303,35,Cloudy,0,Yes,No,65,Medium
2026-05-18 05:40,Karol Bagh,28.6519,77.1909,542,34,Fog,0,No,No,17,Medium
2026-05-18 05:50,Greater Noida West,28.59,77.43,520,36,Fog,0,No,Yes,73,Medium
2026-05-18 06:00,Dwarka Sector 21,28.5511,77.0565,368,34,Heavy Rain,4,No,No,50,Medium
2026-05-18 06:10,India Gate,28.6129,77.2295,632,28,Cloudy,0,No,Yes,76,Medium
2026-05-18 06:20,Sector 62 Noida,28.628,77.3649,178,44,Fog,0,Yes,Yes,39,Low
2026-05-18 06:30,Lajpat Nagar,28.5677,77.243,722,22,Fog,0,No,No,77,Very High
2026-05-18 06:40,Dwarka Sector 21,28.5511,77.0565,876,5,Heavy Rain,17,No,No,67,Very High
2026-05-18 06:50,Connaught Place,28.6315,77.2167,657,15,Rain,9,No,No,36,High
2026-05-18 07:00,Pari Chowk,28.4671,77.503,621,29,Clear,0,No,No,82,Medium
2026-05-18 07:10,Botanical Garden,28.5636,77.334,704,12,Heavy Rain,8,No,Yes,83,Very High
2026-05-18 07:20,Sector 18 Noida,28.5706,77.324,729,22,Cloudy,0,No,Yes,84,Very High
2026-05-18 07:30,Botanical Garden,28.5636,77.334,797,17,Cloudy,0,No,No,53,Very High
2026-05-18 07:40,Lajpat Nagar,28.5677,77.243,543,34,Clear,0,No,Yes,15,Medium
2026-05-18 07:50,Dwarka Sector 21,28.5511,77.0565,106,63,Fog,0,No,No,18,Low
2026-05-18 08:00,Karol Bagh,28.6519,77.1909,479,39,Fog,0,No,No,75,Medium
2026-05-18 08:10,Dwarka Sector 21,28.5511,77.0565,52,67,Cloudy,0,No,Yes,91,Low
2026-05-18 08:20,Vaishali Ghaziabad,28.646,77.339,412,31,Heavy Rain,16,No,No,41,Medium
2026-05-18 08:30,Cyber Hub Gurgaon,28.4959,77.0882,214,56,Fog,0,No,No,31,Low
2026-05-18 08:40,Karol Bagh,28.6519,77.1909,549,19,Clear,0,Yes,No,49,High
2026-05-18 08:50,Sector 62 Noida,28.628,77.3649,680,13,Heavy Rain,20,No,No,21,Very High
2026-05-18 09:00,Cyber Hub Gurgaon,28.4959,77.0882,286,39,Rain,15,No,No,54,Medium
2026-05-18 09:10,Sector 62 Noida,28.628,77.3649,777,19,Fog,0,No,No,44,Very High
2026-05-18 09:20,Vaishali Ghaziabad,28.646,77.339,421,42,Clear,0,No,No,33,Low
2026-05-18 09:30,Greater Noida West,28.59,77.43,671,11,Cloudy,0,Yes,No,52,Very High
2026-05-18 09:40,Greater Noida West,28.59,77.43,609,30,Fog,0,No,No,81,Medium
2026-05-18 09:50,Akshardham Route,28.6127,77.2773,448,41,Fog,0,No,No,43,Low
2026-05-18 10:00,Botanical Garden,28.5636,77.334,214,41,Cloudy,0,Yes,No,54,Low
2026-05-18 10:10,Sector 18 Noida,28.5706,77.324,653,5,Rain,15,Yes,No,22,Very High
2026-05-18 10:20,DND Flyway,28.5942,77.3053,118,51,Heavy Rain,19,No,No,30,Low
2026-05-18 10:30,Connaught Place,28.6315,77.2167,812,5,Rain,16,No,No,71,Very High
2026-05-18 10:40,Vaishali Ghaziabad,28.646,77.339,86,65,Cloudy,0,No,Yes,59,Low
2026-05-18 10:50,Pari Chowk,28.4671,77.503,468,12,Rain,9,Yes,No,57,Very High
2026-05-18 11:00,Connaught Place,28.6315,77.2167,346,47,Clear,0,No,No,49,Low
2026-05-18 11:10,Sector 18 Noida,28.5706,77.324,714,8,Clear,0,Yes,No,22,Very High
2026-05-18 11:20,Sector 18 Noida,28.5706,77.324,741,21,Clear,0,No,No,64,Very High
2026-05-18 11:30,Connaught Place,28.6315,77.2167,321,49,Fog,0,No,Yes,72,Low
2026-05-18 11:40,IGI Airport T3,28.5562,77.1,385,33,Heavy Rain,19,No,Yes,86,Medium
2026-05-18 11:50,Cyber Hub Gurgaon,28.4959,77.0882,169,59,Clear,0,No,No,79,Low
2026-05-18 12:00,Karol Bagh,28.6519,77.1909,789,18,Clear,0,No,Yes,63,Very High
2026-05-18 12:10,Pari Chowk,28.4671,77.503,83,65,Clear,0,No,No,51,Low
2026-05-18 12:20,Dwarka Sector 21,28.5511,77.0565,122,50,Rain,3,No,Yes,96,Low
2026-05-18 12:30,Cyber Hub Gurgaon,28.4959,77.0882,749,21,Fog,0,No,No,50,Very High
2026-05-18 12:40,Pari Chowk,28.4671,77.503,879,12,Cloudy,0,No,No,67,Very High
2026-05-18 12:50,Cyber Hub Gurgaon,28.4959,77.0882,101,64,Fog,0,No,Yes,16,Low
2026-05-18 13:00,Botanical Garden,28.5636,77.334,522,24,Heavy Rain,11,No,No,23,High
2026-05-18 13:10,India Gate,28.6129,77.2295,883,12,Clear,0,No,No,53,Very High
2026-05-18 13:20,Dwarka Sector 21,28.5511,77.0565,893,5,Clear,0,Yes,No,74,Very High
2026-05-18 13:30,India Gate,28.6129,77.2295,827,5,Heavy Rain,10,No,No,22,Very High
2026-05-18 13:40,Sector 62 Noida,28.628,77.3649,150,33,Heavy Rain,16,Yes,No,84,Medium
2026-05-18 13:50,Karol Bagh,28.6519,77.1909,265,53,Clear,0,No,No,32,Low
2026-05-18 14:00,India Gate,28.6129,77.2295,620,17,Rain,17,No,No,60,High
2026-05-18 14:10,Akshardham Route,28.6127,77.2773,397,32,Heavy Rain,20,No,No,99,Medium
2026-05-18 14:20,MG Road Gurgaon,28.4794,77.0806,899,5,Rain,9,No,No,10,Very High
2026-05-18 14:30,Cyber Hub Gurgaon,28.4959,77.0882,82,53,Rain,18,No,No,16,Low
2026-05-18 14:40,Sector 18 Noida,28.5706,77.324,373,31,Cloudy,0,Yes,Yes,31,Medium
2026-05-18 14:50,Dwarka Sector 21,28.5511,77.0565,708,8,Cloudy,0,Yes,Yes,45,Very High
2026-05-18 15:00,Connaught Place,28.6315,77.2167,480,38,Fog,0,No,No,63,Medium
2026-05-18 15:10,Sector 18 Noida,28.5706,77.324,360,31,Fog,0,Yes,No,37,Medium
2026-05-18 15:20,Sector 62 Noida,28.628,77.3649,681,13,Heavy Rain,6,No,No,62,Very High
2026-05-18 15:30,Sector 62 Noida,28.628,77.3649,279,52,Clear,0,No,No,15,Low
2026-05-18 15:40,Vaishali Ghaziabad,28.646,77.339,503,37,Cloudy,0,No,Yes,47,Medium
2026-05-18 15:50,Greater Noida West,28.59,77.43,638,16,Heavy Rain,10,No,No,43,High
2026-05-18 16:00,Botanical Garden,28.5636,77.334,79,65,Clear,0,No,Yes,90,Low
2026-05-18 16:10,Karol Bagh,28.6519,77.1909,412,43,Fog,0,No,No,56,Low
2026-05-18 16:20,Botanical Garden,28.5636,77.334,403,29,Cloudy,0,Yes,Yes,49,Medium
2026-05-18 16:30,Akshardham Route,28.6127,77.2773,497,25,Heavy Rain,16,No,Yes,97,Medium
2026-05-18 16:40,Pari Chowk,28.4671,77.503,415,43,Fog,0,No,No,68,Low
2026-05-18 16:50,MG Road Gurgaon,28.4794,77.0806,90,64,Cloudy,0,No,Yes,54,Low
2026-05-18 17:00,Akshardham Route,28.6127,77.2773,173,47,Heavy Rain,1,No,No,73,Low
2026-05-18 17:10,Karol Bagh,28.6519,77.1909,212,44,Rain,20,No,No,77,Low
2026-05-18 17:20,DND Flyway,28.5942,77.3053,640,16,Rain,18,No,No,68,High
2026-05-18 17:30,MG Road Gurgaon,28.4794,77.0806,496,22,Fog,0,Yes,No,32,High
2026-05-18 17:40,Dwarka Sector 21,28.5511,77.0565,464,13,Rain,12,Yes,No,37,Very High
2026-05-18 17:50,IGI Airport T3,28.5562,77.1,632,5,Rain,8,Yes,No,24,Very High
2026-05-18 18:00,Sector 18 Noida,28.5706,77.324,389,33,Rain,2,No,No,98,Medium
2026-05-18 18:10,Akshardham Route,28.6127,77.2773,274,52,Clear,0,No,No,99,Low
2026-05-18 18:20,Sector 18 Noida,28.5706,77.324,396,44,Cloudy,0,No,No,50,Low
2026-05-18 18:30,Pari Chowk,28.4671,77.503,230,43,Rain,3,No,Yes,24,Low
2026-05-18 18:40,Karol Bagh,28.6519,77.1909,696,24,Clear,0,No,No,43,High
2026-05-18 18:50,India Gate,28.6129,77.2295,350,32,Cloudy,0,Yes,No,88,Medium
2026-05-18 19:00,Botanical Garden,28.5636,77.334,461,13,Heavy Rain,20,Yes,No,63,Very High
2026-05-18 19:10,DND Flyway,28.5942,77.3053,762,8,Rain,9,No,Yes,95,Very High
2026-05-18 19:20,Pari Chowk,28.4671,77.503,109,51,Rain,12,No,Yes,23,Low
2026-05-18 19:30,Connaught Place,28.6315,77.2167,208,42,Cloudy,0,Yes,No,82,Low
2026-05-18 19:40,India Gate,28.6129,77.2295,542,22,Heavy Rain,10,No,No,87,High
2026-05-18 19:50,Greater Noida West,28.59,77.43,590,19,Rain,1,No,No,90,High
2026-05-18 20:00,IGI Airport T3,28.5562,77.1,689,13,Rain,20,No,Yes,46,Very High
2026-05-18 20:10,Botanical Garden,28.5636,77.334,607,5,Rain,19,Yes,Yes,52,Very High
2026-05-18 20:20,Botanical Garden,28.5636,77.334,696,24,Fog,0,No,No,18,High
2026-05-18 20:30,Dwarka Sector 21,28.5511,77.0565,304,35,Clear,0,Yes,No,57,Medium
2026-05-18 20:40,Dwarka Sector 21,28.5511,77.0565,64,66,Clear,0,No,No,27,Low
2026-05-18 20:50,Pari Chowk,28.4671,77.503,111,63,Cloudy,0,No,Yes,59,Low
2026-05-18 21:00,Connaught Place,28.6315,77.2167,233,55,Cloudy,0,No,No,66,Low
2026-05-18 21:10,Connaught Place,28.6315,77.2167,503,37,Fog,0,No,Yes,47,Medium
2026-05-18 21:20,Greater Noida West,28.59,77.43,369,34,Heavy Rain,4,No,No,32,Medium
2026-05-18 21:30,Botanical Garden,28.5636,77.334,540,34,Clear,0,No,No,12,Medium
2026-05-18 21:40,Karol Bagh,28.6519,77.1909,880,5,Rain,13,Yes,No,47,Very High
2026-05-18 21:50,India Gate,28.6129,77.2295,586,31,Clear,0,No,No,72,Medium
2026-05-18 22:00,Connaught Place,28.6315,77.2167,285,51,Clear,0,No,No,80,Low
2026-05-18 22:10,Karol Bagh,28.6519,77.1909,596,19,Rain,1,No,No,19,High
2026-05-18 22:20,Dwarka Sector 21,28.5511,77.0565,464,28,Rain,10,No,No,86,Medium
2026-05-18 22:30,Connaught Place,28.6315,77.2167,699,24,Cloudy,0,No,No,28,High
2026-05-18 22:40,MG Road Gurgaon,28.4794,77.0806,528,20,Cloudy,0,Yes,No,47,High
2026-05-18 22:50,Botanical Garden,28.5636,77.334,184,46,Heavy Rain,2,No,No,82,Low
2026-05-18 23:00,Pari Chowk,28.4671,77.503,176,47,Heavy Rain,6,No,No,99,Low
2026-05-18 23:10,IGI Airport T3,28.5562,77.1,402,32,Heavy Rain,1,No,No,17,Medium
2026-05-18 23:20,MG Road Gurgaon,28.4794,77.0806,723,10,Rain,4,No,No,10,Very High
2026-05-18 23:30,Connaught Place,28.6315,77.2167,281,37,Fog,0,Yes,No,34,Medium
2026-05-18 23:40,Botanical Garden,28.5636,77.334,366,31,Fog,0,Yes,No,80,Medium
2026-05-18 23:50,Lajpat Nagar,28.5677,77.243,447,41,Clear,0,No,No,49,Low
2026-05-19 00:00,Sector 18 Noida,28.5706,77.324,764,20,Cloudy,0,No,No,45,Very High
2026-05-19 00:10,India Gate,28.6129,77.2295,401,44,Fog,0,No,No,97,Low
2026-05-19 00:20,DND Flyway,28.5942,77.3053,801,17,Fog,0,No,No,87,Very High
2026-05-19 00:30,Greater Noida West,28.59,77.43,189,46,Heavy Rain,3,No,No,96,Low
2026-05-19 00:40,Sector 18 Noida,28.5706,77.324,721,22,Cloudy,0,No,No,45,Very High
2026-05-19 00:50,Greater Noida West,28.59,77.43,438,41,Cloudy,0,No,No,33,Low
2026-05-19 01:00,Pari Chowk,28.4671,77.503,839,15,Fog,0,No,No,26,Very High
2026-05-19 01:10,Dwarka Sector 21,28.5511,77.0565,718,11,Heavy Rain,17,No,Yes,22,Very High
2026-05-19 01:20,Pari Chowk,28.4671,77.503,533,35,Cloudy,0,No,No,74,Medium
2026-05-19 01:30,Botanical Garden,28.5636,77.334,159,60,Cloudy,0,No,No,11,Low
2026-05-19 01:40,Botanical Garden,28.5636,77.334,543,34,Fog,0,No,No,92,Medium
2026-05-19 01:50,Vaishali Ghaziabad,28.646,77.339,502,25,Rain,13,No,No,92,Medium
2026-05-19 02:00,Botanical Garden,28.5636,77.334,321,49,Fog,0,No,No,95,Low
2026-05-19 02:10,MG Road Gurgaon,28.4794,77.0806,608,18,Rain,8,No,No,77,High
2026-05-19 02:20,Cyber Hub Gurgaon,28.4959,77.0882,727,7,Clear,0,Yes,No,90,Very High
2026-05-19 02:30,Pari Chowk,28.4671,77.503,286,51,Clear,0,No,No,31,Low
2026-05-19 02:40,Dwarka Sector 21,28.5511,77.0565,223,41,Clear,0,Yes,No,47,Low
2026-05-19 02:50,Lajpat Nagar,28.5677,77.243,747,21,Fog,0,No,No,25,Very High
2026-05-19 03:00,Dwarka Sector 21,28.5511,77.0565,140,46,Cloudy,0,Yes,No,39,Low
2026-05-19 03:10,Sector 62 Noida,28.628,77.3649,115,63,Clear,0,No,No,21,Low
2026-05-19 03:20,Sector 18 Noida,28.5706,77.324,253,27,Heavy Rain,12,Yes,No,86,Medium
2026-05-19 03:30,India Gate,28.6129,77.2295,105,63,Cloudy,0,No,No,22,Low
2026-05-19 03:40,Botanical Garden,28.5636,77.334,824,16,Cloudy,0,No,No,47,Very High
2026-05-19 03:50,MG Road Gurgaon,28.4794,77.0806,457,40,Fog,0,No,No,67,Low
2026-05-19 04:00,Karol Bagh,28.6519,77.1909,723,22,Clear,0,No,Yes,54,Very High
2026-05-19 04:10,Dwarka Sector 21,28.5511,77.0565,392,29,Fog,0,Yes,No,66,Medium
2026-05-19 04:20,DND Flyway,28.5942,77.3053,538,20,Clear,0,Yes,No,80,High
2026-05-19 04:30,DND Flyway,28.5942,77.3053,265,26,Rain,1,Yes,No,92,Medium
2026-05-19 04:40,Connaught Place,28.6315,77.2167,416,43,Cloudy,0,No,No,58,Low
2026-05-19 04:50,Botanical Garden,28.5636,77.334,582,32,Cloudy,0,No,No,14,Medium
2026-05-19 05:00,India Gate,28.6129,77.2295,735,6,Fog,0,Yes,No,39,Very High
2026-05-19 05:10,Dwarka Sector 21,28.5511,77.0565,876,5,Heavy Rain,5,No,No,27,Very High
2026-05-19 05:20,India Gate,28.6129,77.2295,424,42,Cloudy,0,No,No,14,Low
2026-05-19 05:30,Pari Chowk,28.4671,77.503,250,39,Cloudy,0,Yes,No,10,Medium
2026-05-19 05:40,Connaught Place,28.6315,77.2167,585,31,Fog,0,No,No,89,Medium
2026-05-19 05:50,Sector 62 Noida,28.628,77.3649,731,10,Rain,10,No,Yes,46,Very High
2026-05-19 06:00,Akshardham Route,28.6127,77.2773,598,19,Heavy Rain,7,No,Yes,20,High
2026-05-19 06:10,Dwarka Sector 21,28.5511,77.0565,404,32,Heavy Rain,8,No,Yes,25,Medium
2026-05-19 06:20,IGI Airport T3,28.5562,77.1,822,5,Rain,19,No,No,18,Very High
2026-05-19 06:30,MG Road Gurgaon,28.4794,77.0806,145,49,Rain,11,No,No,28,Low
2026-05-19 06:40,Sector 62 Noida,28.628,77.3649,211,44,Heavy Rain,3,No,Yes,56,Low
2026-05-19 06:50,Karol Bagh,28.6519,77.1909,403,29,Clear,0,Yes,Yes,74,Medium
2026-05-19 07:00,Vaishali Ghaziabad,28.646,77.339,813,5,Heavy Rain,12,No,No,41,Very High
2026-05-19 07:10,Botanical Garden,28.5636,77.334,304,23,Heavy Rain,11,Yes,No,85,High
2026-05-19 07:20,Greater Noida West,28.59,77.43,109,36,Rain,13,Yes,No,63,Medium
2026-05-19 07:30,DND Flyway,28.5942,77.3053,553,22,Rain,14,No,No,94,High
2026-05-19 07:40,Sector 18 Noida,28.5706,77.324,357,32,Clear,0,Yes,No,37,Medium
2026-05-19 07:50,MG Road Gurgaon,28.4794,77.0806,673,11,Fog,0,Yes,No,24,Very High
2026-05-19 08:00,Pari Chowk,28.4671,77.503,743,6,Cloudy,0,Yes,Yes,69,Very High
2026-05-19 08:10,India Gate,28.6129,77.2295,508,25,Heavy Rain,3,No,No,62,Medium
2026-05-19 08:20,Dwarka Sector 21,28.5511,77.0565,266,53,Cloudy,0,No,No,14,Low
2026-05-19 08:30,Lajpat Nagar,28.5677,77.243,432,30,Rain,4,No,No,52,Medium
2026-05-19 08:40,Vaishali Ghaziabad,28.646,77.339,588,31,Fog,0,No,No,41,Medium
2026-05-19 08:50,Sector 62 Noida,28.628,77.3649,862,5,Heavy Rain,12,Yes,No,75,Very High
2026-05-19 09:00,Pari Chowk,28.4671,77.503,203,57,Cloudy,0,No,No,85,Low
2026-05-19 09:10,Connaught Place,28.6315,77.2167,279,40,Heavy Rain,8,No,No,27,Low
2026-05-19 09:20,Sector 18 Noida,28.5706,77.324,77,65,Clear,0,No,Yes,100,Low
2026-05-19 09:30,Vaishali Ghaziabad,28.646,77.339,118,36,Rain,10,Yes,No,52,Medium
2026-05-19 09:40,Akshardham Route,28.6127,77.2773,342,48,Cloudy,0,No,No,61,Low
2026-05-19 09:50,MG Road Gurgaon,28.4794,77.0806,588,31,Clear,0,No,No,72,Medium
2026-05-19 10:00,Cyber Hub Gurgaon,28.4959,77.0882,251,27,Rain,18,Yes,No,68,Medium
2026-05-19 10:10,Karol Bagh,28.6519,77.1909,753,20,Fog,0,No,No,93,Very High
2026-05-19 10:20,Cyber Hub Gurgaon,28.4959,77.0882,197,45,Heavy Rain,9,No,No,95,Low
2026-05-19 10:30,Connaught Place,28.6315,77.2167,867,13,Clear,0,No,No,34,Very High
2026-05-19 10:40,Cyber Hub Gurgaon,28.4959,77.0882,474,39,Fog,0,No,Yes,35,Medium
2026-05-19 10:50,Vaishali Ghaziabad,28.646,77.339,323,37,Rain,4,No,Yes,59,Medium
2026-05-19 11:00,Cyber Hub Gurgaon,28.4959,77.0882,323,49,Clear,0,No,Yes,21,Low
2026-05-19 11:10,Greater Noida West,28.59,77.43,472,12,Heavy Rain,16,Yes,No,51,Very High
2026-05-19 11:20,Akshardham Route,28.6127,77.2773,99,52,Heavy Rain,12,No,No,63,Low
2026-05-19 11:30,Sector 18 Noida,28.5706,77.324,434,42,Fog,0,No,Yes,88,Low
2026-05-19 11:40,Greater Noida West,28.59,77.43,751,20,Clear,0,No,No,60,Very High
2026-05-19 11:50,Cyber Hub Gurgaon,28.4959,77.0882,222,56,Fog,0,No,No,31,Low
2026-05-19 12:00,Karol Bagh,28.6519,77.1909,723,5,Rain,13,Yes,No,30,Very High
2026-05-19 12:10,Vaishali Ghaziabad,28.646,77.339,518,36,Fog,0,No,Yes,30,Medium
2026-05-19 12:20,Karol Bagh,28.6519,77.1909,79,50,Fog,0,Yes,No,18,Low
2026-05-19 12:30,Dwarka Sector 21,28.5511,77.0565,690,12,Heavy Rain,12,No,No,84,Very High
2026-05-19 12:40,Greater Noida West,28.59,77.43,446,29,Heavy Rain,17,No,No,79,Medium
2026-05-19 12:50,Vaishali Ghaziabad,28.646,77.339,859,5,Fog,0,Yes,Yes,11,Very High
2026-05-19 13:00,DND Flyway,28.5942,77.3053,786,6,Heavy Rain,9,No,No,59,Very High
2026-05-19 13:10,Vaishali Ghaziabad,28.646,77.339,889,5,Rain,19,No,No,70,Very High
2026-05-19 13:20,Karol Bagh,28.6519,77.1909,62,39,Rain,19,Yes,No,91,Medium
2026-05-19 13:30,Lajpat Nagar,28.5677,77.243,699,9,Fog,0,Yes,No,86,Very High
2026-05-19 13:40,IGI Airport T3,28.5562,77.1,732,10,Heavy Rain,2,No,Yes,27,Very High
2026-05-19 13:50,India Gate,28.6129,77.2295,367,46,Clear,0,No,Yes,41,Low
2026-05-19 14:00,Lajpat Nagar,28.5677,77.243,121,62,Cloudy,0,No,Yes,50,Low
2026-05-19 14:10,IGI Airport T3,28.5562,77.1,504,22,Clear,0,Yes,No,98,High
2026-05-19 14:20,Sector 62 Noida,28.628,77.3649,753,20,Fog,0,No,No,42,Very High
2026-05-19 14:30,DND Flyway,28.5942,77.3053,737,21,Fog,0,No,No,34,Very High
2026-05-19 14:40,Sector 62 Noida,28.628,77.3649,814,5,Rain,16,No,Yes,44,Very High
2026-05-19 14:50,Lajpat Nagar,28.5677,77.243,157,48,Rain,15,No,No,86,Low
2026-05-19 15:00,Cyber Hub Gurgaon,28.4959,77.0882,887,5,Rain,2,No,No,91,Very High
2026-05-19 15:10,India Gate,28.6129,77.2295,313,50,Cloudy,0,No,Yes,62,Low
2026-05-19 15:20,Karol Bagh,28.6519,77.1909,426,27,Fog,0,Yes,No,24,Medium
2026-05-19 15:30,Connaught Place,28.6315,77.2167,881,12,Clear,0,No,Yes,100,Very High
2026-05-19 15:40,Dwarka Sector 21,28.5511,77.0565,541,22,Heavy Rain,15,No,Yes,89,High
2026-05-19 15:50,Karol Bagh,28.6519,77.1909,826,5,Heavy Rain,17,No,No,17,Very High
2026-05-19 16:00,Pari Chowk,28.4671,77.503,75,65,Clear,0,No,Yes,14,Low
2026-05-19 16:10,Akshardham Route,28.6127,77.2773,621,29,Clear,0,No,No,86,Medium
2026-05-19 16:20,IGI Airport T3,28.5562,77.1,456,40,Clear,0,No,Yes,14,Low
2026-05-19 16:30,Lajpat Nagar,28.5677,77.243,492,38,Fog,0,No,No,14,Medium
2026-05-19 16:40,Pari Chowk,28.4671,77.503,740,21,Clear,0,No,No,96,Very High
2026-05-19 16:50,Lajpat Nagar,28.5677,77.243,745,9,Rain,16,No,No,79,Very High
2026-05-19 17:00,Connaught Place,28.6315,77.2167,316,37,Rain,9,No,No,77,Medium
2026-05-19 17:10,IGI Airport T3,28.5562,77.1,302,38,Heavy Rain,19,No,Yes,59,Medium
2026-05-19 17:20,Botanical Garden,28.5636,77.334,99,64,Cloudy,0,No,No,72,Low
2026-05-19 17:30,Dwarka Sector 21,28.5511,77.0565,341,36,Heavy Rain,9,No,No,73,Medium
2026-05-19 17:40,IGI Airport T3,28.5562,77.1,685,13,Rain,20,No,No,75,Very High
2026-05-19 17:50,Sector 18 Noida,28.5706,77.324,800,5,Heavy Rain,15,No,Yes,48,Very High
2026-05-19 18:00,Sector 62 Noida,28.628,77.3649,248,39,Cloudy,0,Yes,Yes,60,Medium
2026-05-19 18:10,Akshardham Route,28.6127,77.2773,397,44,Cloudy,0,No,No,19,Low
2026-05-19 18:20,Vaishali Ghaziabad,28.646,77.339,134,50,Rain,3,No,No,79,Low
2026-05-19 18:30,Vaishali Ghaziabad,28.646,77.339,717,23,Cloudy,0,No,No,57,Very High
2026-05-19 18:40,Sector 18 Noida,28.5706,77.324,863,5,Rain,1,No,No,31,Very High
2026-05-19 18:50,IGI Airport T3,28.5562,77.1,381,33,Rain,3,No,No,29,Medium
2026-05-19 19:00,Karol Bagh,28.6519,77.1909,621,14,Fog,0,Yes,No,70,Very High
2026-05-19 19:10,IGI Airport T3,28.5562,77.1,796,5,Clear,0,Yes,No,18,Very High
2026-05-19 19:20,Sector 62 Noida,28.628,77.3649,202,30,Heavy Rain,15,Yes,No,15,Medium
2026-05-19 19:30,Karol Bagh,28.6519,77.1909,283,40,Heavy Rain,8,No,No,97,Low
2026-05-19 19:40,Lajpat Nagar,28.5677,77.243,223,44,Heavy Rain,10,No,No,46,Low
2026-05-19 19:50,MG Road Gurgaon,28.4794,77.0806,664,14,Heavy Rain,18,No,Yes,51,Very High
2026-05-19 20:00,Akshardham Route,28.6127,77.2773,716,23,Clear,0,No,No,74,Very High
2026-05-19 20:10,Cyber Hub Gurgaon,28.4959,77.0882,307,35,Fog,0,Yes,Yes,88,Medium
2026-05-19 20:20,Pari Chowk,28.4671,77.503,875,12,Fog,0,No,No,49,Very High
2026-05-19 20:30,Pari Chowk,28.4671,77.503,297,39,Rain,2,No,No,92,Medium
2026-05-19 20:40,Lajpat Nagar,28.5677,77.243,232,43,Heavy Rain,3,No,No,38,Low
2026-05-19 20:50,Cyber Hub Gurgaon,28.4959,77.0882,438,41,Clear,0,No,No,20,Low
2026-05-19 21:00,Lajpat Nagar,28.5677,77.243,122,35,Heavy Rain,10,Yes,No,37,Medium
2026-05-19 21:10,Dwarka Sector 21,28.5511,77.0565,447,26,Fog,0,Yes,Yes,96,Medium
2026-05-19 21:20,India Gate,28.6129,77.2295,795,5,Rain,19,No,No,49,Very High
2026-05-19 21:30,Vaishali Ghaziabad,28.646,77.339,479,39,Cloudy,0,No,Yes,58,Medium
2026-05-19 21:40,Sector 62 Noida,28.628,77.3649,655,27,Fog,0,No,No,78,Medium
2026-05-19 21:50,Cyber Hub Gurgaon,28.4959,77.0882,262,53,Fog,0,No,No,76,Low
2026-05-19 22:00,Dwarka Sector 21,28.5511,77.0565,805,17,Fog,0,No,No,17,Very High
2026-05-19 22:10,Lajpat Nagar,28.5677,77.243,683,13,Rain,12,No,Yes,38,Very High
2026-05-19 22:20,India Gate,28.6129,77.2295,529,20,Fog,0,Yes,No,11,High
2026-05-19 22:30,Dwarka Sector 21,28.5511,77.0565,485,38,Cloudy,0,No,No,21,Medium
2026-05-19 22:40,Sector 18 Noida,28.5706,77.324,578,32,Fog,0,No,No,16,Medium
2026-05-19 22:50,MG Road Gurgaon,28.4794,77.0806,204,57,Cloudy,0,No,No,98,Low
2026-05-19 23:00,Vaishali Ghaziabad,28.646,77.339,405,28,Clear,0,Yes,Yes,98,Medium
2026-05-19 23:10,Lajpat Nagar,28.5677,77.243,197,42,Clear,0,Yes,No,44,Low
2026-05-19 23:20,Dwarka Sector 21,28.5511,77.0565,473,24,Clear,0,Yes,No,68,High
2026-05-19 23:30,Pari Chowk,28.4671,77.503,772,7,Rain,12,No,No,89,Very High
2026-05-19 23:40,India Gate,28.6129,77.2295,285,51,Cloudy,0,No,No,29,Low
2026-05-19 23:50,IGI Airport T3,28.5562,77.1,119,48,Clear,0,Yes,Yes,75,Low
2026-05-20 00:00,Pari Chowk,28.4671,77.503,792,5,Clear,0,Yes,No,50,Very High
2026-05-20 00:10,India Gate,28.6129,77.2295,406,31,Heavy Rain,9,No,No,26,Medium
2026-05-20 00:20,Botanical Garden,28.5636,77.334,599,19,Heavy Rain,10,No,No,65,High
2026-05-20 00:30,Greater Noida West,28.59,77.43,670,26,Cloudy,0,No,Yes,12,Medium
2026-05-20 00:40,Sector 18 Noida,28.5706,77.324,152,60,Fog,0,No,Yes,33,Low
2026-05-20 00:50,Sector 18 Noida,28.5706,77.324,866,5,Rain,5,No,Yes,66,Very High
2026-05-20 01:00,Karol Bagh,28.6519,77.1909,153,60,Clear,0,No,No,67,Low
2026-05-20 01:10,DND Flyway,28.5942,77.3053,818,5,Heavy Rain,6,No,No,88,Very High
2026-05-20 01:20,India Gate,28.6129,77.2295,304,50,Fog,0,No,No,52,Low
2026-05-20 01:30,India Gate,28.6129,77.2295,108,36,Heavy Rain,12,Yes,Yes,76,Medium
2026-05-20 01:40,IGI Airport T3,28.5562,77.1,507,25,Heavy Rain,12,No,No,54,Medium
2026-05-20 01:50,Karol Bagh,28.6519,77.1909,637,5,Rain,16,Yes,No,39,Very High
2026-05-20 02:00,Lajpat Nagar,28.5677,77.243,240,54,Fog,0,No,No,18,Low
2026-05-20 02:10,Dwarka Sector 21,28.5511,77.0565,109,63,Clear,0,No,No,96,Low
2026-05-20 02:20,Lajpat Nagar,28.5677,77.243,869,5,Rain,18,No,No,97,Very High
2026-05-20 02:30,Pari Chowk,28.4671,77.503,111,63,Cloudy,0,No,Yes,94,Low
2026-05-20 02:40,Botanical Garden,28.5636,77.334,96,64,Clear,0,No,No,37,Low
2026-05-20 02:50,MG Road Gurgaon,28.4794,77.0806,163,45,Fog,0,Yes,No,84,Low
2026-05-20 03:00,Sector 62 Noida,28.628,77.3649,212,44,Rain,12,No,Yes,87,Low
2026-05-20 03:10,Dwarka Sector 21,28.5511,77.0565,581,32,Clear,0,No,No,17,Medium
2026-05-20 03:20,MG Road Gurgaon,28.4794,77.0806,80,65,Fog,0,No,No,97,Low
2026-05-20 03:30,Lajpat Nagar,28.5677,77.243,756,5,Cloudy,0,Yes,Yes,33,Very High
2026-05-20 03:40,Greater Noida West,28.59,77.43,125,62,Cloudy,0,No,No,78,Low
2026-05-20 03:50,India Gate,28.6129,77.2295,184,58,Cloudy,0,No,Yes,73,Low
2026-05-20 04:00,Botanical Garden,28.5636,77.334,387,33,Rain,11,No,No,28,Medium
2026-05-20 04:10,Dwarka Sector 21,28.5511,77.0565,272,37,Clear,0,Yes,No,65,Medium
2026-05-20 04:20,Akshardham Route,28.6127,77.2773,825,5,Heavy Rain,13,No,Yes,16,Very High
2026-05-20 04:30,Botanical Garden,28.5636,77.334,405,31,Heavy Rain,10,No,No,12,Medium
2026-05-20 04:40,MG Road Gurgaon,28.4794,77.0806,658,12,Fog,0,Yes,No,44,Very High
2026-05-20 04:50,Akshardham Route,28.6127,77.2773,722,22,Clear,0,No,Yes,77,Very High
2026-05-20 05:00,Akshardham Route,28.6127,77.2773,598,19,Rain,17,No,Yes,39,High
2026-05-20 05:10,Connaught Place,28.6315,77.2167,804,5,Cloudy,0,Yes,Yes,90,Very High
2026-05-20 05:20,Akshardham Route,28.6127,77.2773,833,15,Cloudy,0,No,No,64,Very High
2026-05-20 05:30,India Gate,28.6129,77.2295,551,19,Clear,0,Yes,No,18,High
2026-05-20 05:40,Karol Bagh,28.6519,77.1909,94,52,Heavy Rain,7,No,Yes,49,Low
2026-05-20 05:50,DND Flyway,28.5942,77.3053,615,29,Fog,0,No,Yes,48,Medium
2026-05-20 06:00,Lajpat Nagar,28.5677,77.243,185,31,Rain,3,Yes,Yes,24,Medium
2026-05-20 06:10,Connaught Place,28.6315,77.2167,872,12,Fog,0,No,Yes,29,Very High
2026-05-20 06:20,MG Road Gurgaon,28.4794,77.0806,459,40,Cloudy,0,No,No,31,Low
2026-05-20 06:30,India Gate,28.6129,77.2295,557,33,Cloudy,0,No,No,34,Medium
2026-05-20 06:40,IGI Airport T3,28.5562,77.1,873,5,Rain,2,No,No,18,Very High
2026-05-20 06:50,Connaught Place,28.6315,77.2167,570,5,Rain,6,Yes,No,96,Very High
2026-05-20 07:00,Pari Chowk,28.4671,77.503,871,5,Clear,0,Yes,No,52,Very High
2026-05-20 07:10,Pari Chowk,28.4671,77.503,255,38,Clear,0,Yes,No,98,Medium
2026-05-20 07:20,Vaishali Ghaziabad,28.646,77.339,671,26,Fog,0,No,No,45,Medium
2026-05-20 07:30,IGI Airport T3,28.5562,77.1,114,63,Fog,0,No,No,100,Low
2026-05-20 07:40,Pari Chowk,28.4671,77.503,491,26,Rain,1,No,Yes,92,Medium
2026-05-20 07:50,Connaught Place,28.6315,77.2167,688,13,Rain,19,No,No,40,Very High
2026-05-20 08:00,Pari Chowk,28.4671,77.503,303,50,Cloudy,0,No,Yes,79,Low
2026-05-20 08:10,DND Flyway,28.5942,77.3053,177,32,Rain,14,Yes,No,52,Medium
2026-05-20 08:20,MG Road Gurgaon,28.4794,77.0806,200,57,Cloudy,0,No,Yes,43,Low
2026-05-20 08:30,Dwarka Sector 21,28.5511,77.0565,324,49,Clear,0,No,Yes,53,Low
2026-05-20 08:40,IGI Airport T3,28.5562,77.1,143,61,Fog,0,No,Yes,35,Low
2026-05-20 08:50,IGI Airport T3,28.5562,77.1,402,44,Clear,0,No,No,17,Low
2026-05-20 09:00,Lajpat Nagar,28.5677,77.243,827,15,Fog,0,No,Yes,100,Very High
2026-05-20 09:10,Pari Chowk,28.4671,77.503,155,60,Cloudy,0,No,Yes,37,Low
2026-05-20 09:20,DND Flyway,28.5942,77.3053,564,21,Rain,9,No,No,30,High
2026-05-20 09:30,Dwarka Sector 21,28.5511,77.0565,598,5,Heavy Rain,9,Yes,Yes,58,Very High
2026-05-20 09:40,Sector 62 Noida,28.628,77.3649,670,11,Cloudy,0,Yes,Yes,90,Very High
2026-05-20 09:50,Botanical Garden,28.5636,77.334,305,35,Cloudy,0,Yes,Yes,25,Medium
2026-05-20 10:00,IGI Airport T3,28.5562,77.1,231,43,Heavy Rain,5,No,Yes,41,Low
2026-05-20 10:10,Sector 62 Noida,28.628,77.3649,325,49,Cloudy,0,No,No,46,Low
2026-05-20 10:20,Akshardham Route,28.6127,77.2773,250,54,Clear,0,No,No,33,Low
2026-05-20 10:30,Connaught Place,28.6315,77.2167,544,34,Clear,0,No,No,33,Medium
2026-05-20 10:40,IGI Airport T3,28.5562,77.1,339,36,Heavy Rain,8,No,Yes,79,Medium
2026-05-20 10:50,MG Road Gurgaon,28.4794,77.0806,505,25,Rain,11,No,No,19,Medium
2026-05-20 11:00,DND Flyway,28.5942,77.3053,367,46,Clear,0,No,No,45,Low
2026-05-20 11:10,MG Road Gurgaon,28.4794,77.0806,569,33,Fog,0,No,No,98,Medium
2026-05-20 11:20,Lajpat Nagar,28.5677,77.243,100,64,Fog,0,No,No,13,Low
2026-05-20 11:30,Lajpat Nagar,28.5677,77.243,773,19,Cloudy,0,No,No,41,Very High
2026-05-20 11:40,Dwarka Sector 21,28.5511,77.0565,306,50,Clear,0,No,No,80,Low
2026-05-20 11:50,Karol Bagh,28.6519,77.1909,865,13,Cloudy,0,No,No,86,Very High
2026-05-20 12:00,Sector 62 Noida,28.628,77.3649,314,38,Rain,12,No,No,61,Medium
2026-05-20 12:10,DND Flyway,28.5942,77.3053,350,47,Clear,0,No,No,16,Low
2026-05-20 12:20,India Gate,28.6129,77.2295,459,40,Fog,0,No,No,80,Low
2026-05-20 12:30,Sector 62 Noida,28.628,77.3649,431,27,Cloudy,0,Yes,No,75,Medium
2026-05-20 12:40,Dwarka Sector 21,28.5511,77.0565,755,20,Clear,0,No,Yes,22,Very High
2026-05-20 12:50,Dwarka Sector 21,28.5511,77.0565,52,52,Fog,0,Yes,Yes,24,Low
2026-05-20 13:00,Vaishali Ghaziabad,28.646,77.339,286,51,Fog,0,No,Yes,17,Low
2026-05-20 13:10,Pari Chowk,28.4671,77.503,854,5,Heavy Rain,1,Yes,No,69,Very High
2026-05-20 13:20,Botanical Garden,28.5636,77.334,269,53,Fog,0,No,No,40,Low
2026-05-20 13:30,Karol Bagh,28.6519,77.1909,351,35,Rain,9,No,No,52,Medium
2026-05-20 13:40,Sector 18 Noida,28.5706,77.324,403,44,Clear,0,No,Yes,81,Low
2026-05-20 13:50,Sector 18 Noida,28.5706,77.324,269,41,Rain,8,No,No,51,Low
2026-05-20 14:00,Lajpat Nagar,28.5677,77.243,427,27,Fog,0,Yes,Yes,84,Medium
2026-05-20 14:10,Lajpat Nagar,28.5677,77.243,184,58,Clear,0,No,Yes,16,Low
2026-05-20 14:20,Greater Noida West,28.59,77.43,197,57,Clear,0,No,No,37,Low
2026-05-20 14:30,DND Flyway,28.5942,77.3053,544,22,Heavy Rain,9,No,Yes,11,High
2026-05-20 14:40,Sector 62 Noida,28.628,77.3649,305,23,Heavy Rain,15,Yes,No,95,High
2026-05-20 14:50,Cyber Hub Gurgaon,28.4959,77.0882,451,25,Cloudy,0,Yes,Yes,72,Medium
2026-05-20 15:00,Greater Noida West,28.59,77.43,392,44,Clear,0,No,No,18,Low
2026-05-20 15:10,Cyber Hub Gurgaon,28.4959,77.0882,646,27,Fog,0,No,No,22,Medium
2026-05-20 15:20,Akshardham Route,28.6127,77.2773,509,10,Rain,11,Yes,No,78,Very High
2026-05-20 15:30,DND Flyway,28.5942,77.3053,354,47,Clear,0,No,Yes,28,Low
2026-05-20 15:40,Lajpat Nagar,28.5677,77.243,259,53,Clear,0,No,Yes,88,Low
2026-05-20 15:50,Sector 18 Noida,28.5706,77.324,662,14,Rain,20,No,No,50,Very High
2026-05-20 16:00,DND Flyway,28.5942,77.3053,257,53,Fog,0,No,No,21,Low
2026-05-20 16:10,Karol Bagh,28.6519,77.1909,371,46,Fog,0,No,No,20,Low
2026-05-20 16:20,IGI Airport T3,28.5562,77.1,851,5,Rain,6,No,Yes,71,Very High
2026-05-20 16:30,DND Flyway,28.5942,77.3053,370,34,Rain,17,No,No,88,Medium
2026-05-20 16:40,Sector 18 Noida,28.5706,77.324,95,64,Clear,0,No,No,17,Low
2026-05-20 16:50,Dwarka Sector 21,28.5511,77.0565,394,44,Clear,0,No,No,64,Low
2026-05-20 17:00,Botanical Garden,28.5636,77.334,696,24,Cloudy,0,No,No,94,High
2026-05-20 17:10,Connaught Place,28.6315,77.2167,785,6,Heavy Rain,3,No,No,29,Very High
2026-05-20 17:20,Greater Noida West,28.59,77.43,486,38,Clear,0,No,No,87,Medium
2026-05-20 17:30,Lajpat Nagar,28.5677,77.243,376,33,Rain,10,No,No,32,Medium
2026-05-20 17:40,Lajpat Nagar,28.5677,77.243,773,19,Clear,0,No,No,31,Very High
2026-05-20 17:50,Lajpat Nagar,28.5677,77.243,706,23,Cloudy,0,No,No,13,Very High
2026-05-20 18:00,Sector 62 Noida,28.628,77.3649,206,45,Heavy Rain,15,No,Yes,29,Low
2026-05-20 18:10,Sector 18 Noida,28.5706,77.324,729,5,Rain,10,Yes,No,82,Very High
2026-05-20 18:20,Vaishali Ghaziabad,28.646,77.339,293,51,Fog,0,No,No,42,Low
2026-05-20 18:30,Botanical Garden,28.5636,77.334,643,28,Fog,0,No,No,78,Medium
2026-05-20 18:40,Sector 62 Noida,28.628,77.3649,864,5,Fog,0,Yes,No,100,Very High
2026-05-20 18:50,India Gate,28.6129,77.2295,692,24,Fog,0,No,No,86,High
2026-05-20 19:00,Lajpat Nagar,28.5677,77.243,596,16,Fog,0,Yes,No,92,High
2026-05-20 19:10,Dwarka Sector 21,28.5511,77.0565,846,14,Fog,0,No,No,79,Very High
2026-05-20 19:20,Lajpat Nagar,28.5677,77.243,814,5,Rain,1,No,No,60,Very High
2026-05-20 19:30,Dwarka Sector 21,28.5511,77.0565,83,65,Fog,0,No,No,73,Low
2026-05-20 19:40,MG Road Gurgaon,28.4794,77.0806,112,63,Fog,0,No,No,45,Low
2026-05-20 19:50,Sector 18 Noida,28.5706,77.324,792,6,Heavy Rain,6,No,No,11,Very High
2026-05-20 20:00,Karol Bagh,28.6519,77.1909,99,64,Clear,0,No,No,29,Low
2026-05-20 20:10,IGI Airport T3,28.5562,77.1,804,5,Rain,17,No,Yes,78,Very High
2026-05-20 20:20,DND Flyway,28.5942,77.3053,245,54,Clear,0,No,Yes,47,Low
2026-05-20 20:30,IGI Airport T3,28.5562,77.1,869,5,Heavy Rain,2,No,Yes,47,Very High
2026-05-20 20:40,Cyber Hub Gurgaon,28.4959,77.0882,54,55,Rain,12,No,Yes,18,Low
2026-05-20 20:50,Sector 62 Noida,28.628,77.3649,818,5,Rain,4,Yes,No,70,Very High
2026-05-20 21:00,Botanical Garden,28.5636,77.334,310,50,Fog,0,No,No,62,Low
2026-05-20 21:10,Sector 18 Noida,28.5706,77.324,723,22,Fog,0,No,Yes,69,Very High
2026-05-20 21:20,IGI Airport T3,28.5562,77.1,841,14,Cloudy,0,No,No,18,Very High
2026-05-20 21:30,Dwarka Sector 21,28.5511,77.0565,485,26,Heavy Rain,1,No,Yes,48,Medium
2026-05-20 21:40,Connaught Place,28.6315,77.2167,499,10,Heavy Rain,18,Yes,No,65,Very High
2026-05-20 21:50,DND Flyway,28.5942,77.3053,883,12,Fog,0,No,No,70,Very High
2026-05-20 22:00,Akshardham Route,28.6127,77.2773,107,63,Clear,0,No,No,91,Low
2026-05-20 22:10,MG Road Gurgaon,28.4794,77.0806,297,36,Cloudy,0,Yes,No,75,Medium
2026-05-20 22:20,Connaught Place,28.6315,77.2167,399,32,Heavy Rain,16,No,Yes,75,Medium
2026-05-20 22:30,Dwarka Sector 21,28.5511,77.0565,620,29,Clear,0,No,No,22,Medium
2026-05-20 22:40,Vaishali Ghaziabad,28.646,77.339,856,13,Cloudy,0,No,Yes,51,Very High
2026-05-20 22:50,Botanical Garden,28.5636,77.334,555,33,Fog,0,No,No,13,Medium
2026-05-20 23:00,Connaught Place,28.6315,77.2167,182,31,Heavy Rain,14,Yes,No,64,Medium
2026-05-20 23:10,Akshardham Route,28.6127,77.2773,777,5,Fog,0,Yes,No,47,Very High
2026-05-20 23:20,Vaishali Ghaziabad,28.646,77.339,271,25,Heavy Rain,7,Yes,Yes,26,Medium
2026-05-20 23:30,DND Flyway,28.5942,77.3053,145,46,Clear,0,Yes,No,16,Low
2026-05-20 23:40,Sector 62 Noida,28.628,77.3649,485,26,Rain,4,No,No,83,Medium
2026-05-20 23:50,Sector 62 Noida,28.628,77.3649,188,43,Clear,0,Yes,Yes,19,Low
2026-05-21 00:00,Lajpat Nagar,28.5677,77.243,198,45,Heavy Rain,5,No,No,27,Low
2026-05-21 00:10,DND Flyway,28.5942,77.3053,481,26,Rain,1,No,No,24,Medium
2026-05-21 00:20,Connaught Place,28.6315,77.2167,335,33,Clear,0,Yes,No,11,Medium
2026-05-21 00:30,MG Road Gurgaon,28.4794,77.0806,850,5,Heavy Rain,5,Yes,Yes,49,Very High
2026-05-21 00:40,Sector 62 Noida,28.628,77.3649,672,26,Clear,0,No,Yes,85,Medium
2026-05-21 00:50,Botanical Garden,28.5636,77.334,697,12,Heavy Rain,1,No,No,46,Very High
2026-05-21 01:00,Dwarka Sector 21,28.5511,77.0565,249,27,Rain,3,Yes,No,43,Medium
2026-05-21 01:10,Sector 62 Noida,28.628,77.3649,201,45,Heavy Rain,5,No,No,79,Low
2026-05-21 01:20,Connaught Place,28.6315,77.2167,664,14,Rain,16,No,No,71,Very High
2026-05-21 01:30,IGI Airport T3,28.5562,77.1,814,16,Clear,0,No,Yes,11,Very High
2026-05-21 01:40,Karol Bagh,28.6519,77.1909,201,57,Fog,0,No,No,35,Low
2026-05-21 01:50,Akshardham Route,28.6127,77.2773,476,39,Clear,0,No,No,70,Medium
2026-05-21 02:00,Greater Noida West,28.59,77.43,693,9,Cloudy,0,Yes,Yes,31,Very High
2026-05-21 02:10,Cyber Hub Gurgaon,28.4959,77.0882,194,46,Rain,1,No,Yes,97,Low
2026-05-21 02:20,DND Flyway,28.5942,77.3053,795,17,Clear,0,No,Yes,11,Very High
2026-05-21 02:30,Cyber Hub Gurgaon,28.4959,77.0882,554,34,Cloudy,0,No,No,16,Medium
2026-05-21 02:40,Cyber Hub Gurgaon,28.4959,77.0882,456,40,Clear,0,No,No,65,Low
2026-05-21 02:50,DND Flyway,28.5942,77.3053,342,21,Rain,4,Yes,Yes,71,High
2026-05-21 03:00,Botanical Garden,28.5636,77.334,450,28,Heavy Rain,1,No,No,78,Medium
2026-05-21 03:10,Sector 62 Noida,28.628,77.3649,420,27,Fog,0,Yes,No,98,Medium
2026-05-21 03:20,Dwarka Sector 21,28.5511,77.0565,364,31,Clear,0,Yes,No,71,Medium
2026-05-21 03:30,Sector 62 Noida,28.628,77.3649,818,5,Rain,12,No,No,23,Very High
2026-05-21 03:40,MG Road Gurgaon,28.4794,77.0806,529,35,Fog,0,No,No,33,Medium
2026-05-21 03:50,Vaishali Ghaziabad,28.646,77.339,93,49,Cloudy,0,Yes,No,54,Low
2026-05-21 04:00,Karol Bagh,28.6519,77.1909,824,16,Clear,0,No,No,39,Very High
2026-05-21 04:10,Akshardham Route,28.6127,77.2773,791,6,Rain,20,No,Yes,99,Very High
2026-05-21 04:20,Dwarka Sector 21,28.5511,77.0565,540,34,Cloudy,0,No,No,16,Medium
2026-05-21 04:30,Connaught Place,28.6315,77.2167,404,44,Clear,0,No,No,54,Low
2026-05-21 04:40,MG Road Gurgaon,28.4794,77.0806,424,30,Rain,4,No,No,65,Medium
2026-05-21 04:50,Botanical Garden,28.5636,77.334,337,36,Rain,15,No,No,21,Medium
2026-05-21 05:00,Cyber Hub Gurgaon,28.4959,77.0882,422,15,Heavy Rain,4,Yes,Yes,70,High
2026-05-21 05:10,Vaishali Ghaziabad,28.646,77.339,888,11,Clear,0,No,No,20,Very High
2026-05-21 05:20,MG Road Gurgaon,28.4794,77.0806,459,28,Heavy Rain,3,No,No,95,Medium
2026-05-21 05:30,India Gate,28.6129,77.2295,223,56,Cloudy,0,No,No,64,Low
2026-05-21 05:40,IGI Airport T3,28.5562,77.1,312,50,Cloudy,0,No,No,35,Low
2026-05-21 05:50,Greater Noida West,28.59,77.43,667,11,Clear,0,Yes,Yes,62,Very High
2026-05-21 06:00,MG Road Gurgaon,28.4794,77.0806,273,40,Rain,9,No,No,70,Low
2026-05-21 06:10,Sector 62 Noida,28.628,77.3649,620,29,Cloudy,0,No,No,26,Medium
2026-05-21 06:20,Connaught Place,28.6315,77.2167,77,38,Rain,4,Yes,No,31,Medium
2026-05-21 06:30,Karol Bagh,28.6519,77.1909,652,27,Clear,0,No,No,60,Medium
2026-05-21 06:40,Botanical Garden,28.5636,77.334,888,5,Heavy Rain,3,Yes,No,70,Very High
2026-05-21 06:50,Pari Chowk,28.4671,77.503,471,39,Clear,0,No,No,72,Medium
2026-05-21 07:00,DND Flyway,28.5942,77.3053,313,50,Clear,0,No,No,99,Low
2026-05-21 07:10,Connaught Place,28.6315,77.2167,473,27,Rain,16,No,No,45,Medium
2026-05-21 07:20,Botanical Garden,28.5636,77.334,91,52,Rain,6,No,No,11,Low
2026-05-21 07:30,Lajpat Nagar,28.5677,77.243,440,41,Fog,0,No,Yes,20,Low
2026-05-21 07:40,Botanical Garden,28.5636,77.334,202,57,Cloudy,0,No,No,63,Low
2026-05-21 07:50,Lajpat Nagar,28.5677,77.243,67,66,Clear,0,No,Yes,99,Low
2026-05-21 08:00,Vaishali Ghaziabad,28.646,77.339,208,57,Cloudy,0,No,No,41,Low
2026-05-21 08:10,India Gate,28.6129,77.2295,727,10,Rain,9,No,No,51,Very High
2026-05-21 08:20,Karol Bagh,28.6519,77.1909,165,59,Clear,0,No,Yes,11,Low
2026-05-21 08:30,Sector 18 Noida,28.5706,77.324,290,39,Rain,17,No,No,24,Medium
2026-05-21 08:40,India Gate,28.6129,77.2295,313,38,Rain,7,No,No,30,Medium
2026-05-21 08:50,Cyber Hub Gurgaon,28.4959,77.0882,475,12,Heavy Rain,4,Yes,No,98,Very High
2026-05-21 09:00,Botanical Garden,28.5636,77.334,183,58,Fog,0,No,No,92,Low
2026-05-21 09:10,Connaught Place,28.6315,77.2167,432,42,Cloudy,0,No,No,41,Low
2026-05-21 09:20,Greater Noida West,28.59,77.43,264,41,Heavy Rain,17,No,No,81,Low
2026-05-21 09:30,IGI Airport T3,28.5562,77.1,878,5,Rain,12,Yes,No,98,Very High
2026-05-21 09:40,Connaught Place,28.6315,77.2167,153,48,Heavy Rain,19,No,Yes,90,Low
2026-05-21 09:50,Dwarka Sector 21,28.5511,77.0565,896,5,Heavy Rain,6,No,No,45,Very High
2026-05-21 10:00,Sector 18 Noida,28.5706,77.324,764,20,Cloudy,0,No,No,38,Very High
2026-05-21 10:10,Sector 62 Noida,28.628,77.3649,376,45,Clear,0,No,No,97,Low
2026-05-21 10:20,Pari Chowk,28.4671,77.503,52,67,Clear,0,No,No,55,Low
2026-05-21 10:30,Botanical Garden,28.5636,77.334,392,29,Fog,0,Yes,Yes,19,Medium
2026-05-21 10:40,Greater Noida West,28.59,77.43,223,56,Cloudy,0,No,Yes,77,Low
2026-05-21 10:50,Sector 62 Noida,28.628,77.3649,833,15,Cloudy,0,No,No,28,Very High
2026-05-21 11:00,Pari Chowk,28.4671,77.503,169,47,Heavy Rain,3,No,No,41,Low
2026-05-21 11:10,Akshardham Route,28.6127,77.2773,373,34,Heavy Rain,7,No,No,19,Medium
2026-05-21 11:20,Lajpat Nagar,28.5677,77.243,685,25,Cloudy,0,No,No,79,Medium
2026-05-21 11:30,IGI Airport T3,28.5562,77.1,491,38,Clear,0,No,No,54,Medium
2026-05-21 11:40,Connaught Place,28.6315,77.2167,526,35,Fog,0,No,No,55,Medium
2026-05-21 11:50,IGI Airport T3,28.5562,77.1,391,32,Heavy Rain,1,No,Yes,65,Medium
2026-05-21 12:00,Botanical Garden,28.5636,77.334,731,22,Clear,0,No,No,37,Very High
2026-05-21 12:10,DND Flyway,28.5942,77.3053,725,22,Clear,0,No,No,42,Very High
2026-05-21 12:20,Akshardham Route,28.6127,77.2773,276,40,Heavy Rain,16,No,No,29,Low
2026-05-21 12:30,Vaishali Ghaziabad,28.646,77.339,594,19,Rain,6,No,Yes,69,High
2026-05-21 12:40,Pari Chowk,28.4671,77.503,335,48,Cloudy,0,No,Yes,33,Low
2026-05-21 12:50,Vaishali Ghaziabad,28.646,77.339,226,43,Heavy Rain,7,No,No,90,Low
2026-05-21 13:00,Karol Bagh,28.6519,77.1909,658,15,Rain,8,No,No,67,High
2026-05-21 13:10,MG Road Gurgaon,28.4794,77.0806,200,57,Clear,0,No,No,48,Low
2026-05-21 13:20,Sector 18 Noida,28.5706,77.324,443,29,Heavy Rain,10,No,Yes,51,Medium
2026-05-21 13:30,Vaishali Ghaziabad,28.646,77.339,380,45,Cloudy,0,No,Yes,86,Low
2026-05-21 13:40,DND Flyway,28.5942,77.3053,893,5,Rain,20,Yes,No,40,Very High
2026-05-21 13:50,Akshardham Route,28.6127,77.2773,254,54,Fog,0,No,No,81,Low
2026-05-21 14:00,Karol Bagh,28.6519,77.1909,169,59,Fog,0,No,No,19,Low
2026-05-21 14:10,Greater Noida West,28.59,77.43,793,18,Cloudy,0,No,No,86,Very High
2026-05-21 14:20,Greater Noida West,28.59,77.43,161,60,Cloudy,0,No,No,14,Low
2026-05-21 14:30,Botanical Garden,28.5636,77.334,479,39,Cloudy,0,No,No,66,Medium
2026-05-21 14:40,Akshardham Route,28.6127,77.2773,95,64,Fog,0,No,No,22,Low
2026-05-21 14:50,Dwarka Sector 21,28.5511,77.0565,202,30,Heavy Rain,8,Yes,No,88,Medium
2026-05-21 15:00,Cyber Hub Gurgaon,28.4959,77.0882,853,5,Heavy Rain,5,No,No,15,Very High
2026-05-21 15:10,Akshardham Route,28.6127,77.2773,592,31,Clear,0,No,No,88,Medium
2026-05-21 15:20,DND Flyway,28.5942,77.3053,883,5,Rain,18,No,No,84,Very High
2026-05-21 15:30,Sector 18 Noida,28.5706,77.324,382,33,Rain,16,No,No,25,Medium
2026-05-21 15:40,IGI Airport T3,28.5562,77.1,888,5,Rain,10,No,No,47,Very High
2026-05-21 15:50,Greater Noida West,28.59,77.43,257,26,Rain,6,Yes,No,53,Medium
2026-05-21 16:00,Greater Noida West,28.59,77.43,668,14,Heavy Rain,11,No,No,12,Very High
2026-05-21 16:10,Dwarka Sector 21,28.5511,77.0565,746,6,Cloudy,0,Yes,No,76,Very High
2026-05-21 16:20,Sector 18 Noida,28.5706,77.324,218,56,Cloudy,0,No,No,44,Low
2026-05-21 16:30,Cyber Hub Gurgaon,28.4959,77.0882,807,5,Heavy Rain,12,No,Yes,59,Very High
2026-05-21 16:40,Sector 18 Noida,28.5706,77.324,281,52,Clear,0,No,No,99,Low
2026-05-21 16:50,Greater Noida West,28.59,77.43,287,39,Heavy Rain,8,No,No,50,Medium
2026-05-21 17:00,Sector 18 Noida,28.5706,77.324,354,47,Clear,0,No,No,28,Low
2026-05-21 17:10,Connaught Place,28.6315,77.2167,877,5,Rain,14,No,No,45,Very High
2026-05-21 17:20,Botanical Garden,28.5636,77.334,352,32,Cloudy,0,Yes,No,36,Medium
2026-05-21 17:30,Sector 18 Noida,28.5706,77.324,218,44,Heavy Rain,2,No,No,54,Low
2026-05-21 17:40,Dwarka Sector 21,28.5511,77.0565,713,23,Cloudy,0,No,No,29,Very High
2026-05-21 17:50,MG Road Gurgaon,28.4794,77.0806,144,61,Fog,0,No,No,29,Low
2026-05-21 18:00,Sector 62 Noida,28.628,77.3649,95,52,Rain,11,No,No,18,Low
2026-05-21 18:10,Akshardham Route,28.6127,77.2773,259,26,Rain,14,Yes,No,67,Medium
2026-05-21 18:20,Cyber Hub Gurgaon,28.4959,77.0882,502,22,Clear,0,Yes,No,73,High
2026-05-21 18:30,Sector 62 Noida,28.628,77.3649,554,22,Rain,9,No,No,34,High
2026-05-21 18:40,Vaishali Ghaziabad,28.646,77.339,713,5,Rain,17,Yes,No,37,Very High
2026-05-21 18:50,Pari Chowk,28.4671,77.503,88,53,Rain,18,No,No,95,Low
2026-05-21 19:00,MG Road Gurgaon,28.4794,77.0806,896,5,Rain,17,No,Yes,54,Very High
2026-05-21 19:10,Sector 62 Noida,28.628,77.3649,688,10,Clear,0,Yes,No,38,Very High
2026-05-21 19:20,Vaishali Ghaziabad,28.646,77.339,613,18,Heavy Rain,1,No,Yes,22,High
2026-05-21 19:30,Connaught Place,28.6315,77.2167,871,12,Fog,0,No,Yes,71,Very High
2026-05-21 19:40,Greater Noida West,28.59,77.43,754,20,Clear,0,No,Yes,16,Very High
2026-05-21 19:50,Akshardham Route,28.6127,77.2773,520,21,Fog,0,Yes,No,10,High
2026-05-21 20:00,DND Flyway,28.5942,77.3053,250,54,Clear,0,No,No,20,Low
2026-05-21 20:10,Pari Chowk,28.4671,77.503,666,11,Cloudy,0,Yes,Yes,97,Very High
2026-05-21 20:20,Greater Noida West,28.59,77.43,286,51,Fog,0,No,No,15,Low
2026-05-21 20:30,MG Road Gurgaon,28.4794,77.0806,115,63,Fog,0,No,No,63,Low
2026-05-21 20:40,Dwarka Sector 21,28.5511,77.0565,533,35,Cloudy,0,No,No,26,Medium
2026-05-21 20:50,MG Road Gurgaon,28.4794,77.0806,220,29,Heavy Rain,10,Yes,No,10,Medium
2026-05-21 21:00,Lajpat Nagar,28.5677,77.243,390,29,Cloudy,0,Yes,No,42,Medium
2026-05-21 21:10,Connaught Place,28.6315,77.2167,888,11,Fog,0,No,Yes,69,Very High
2026-05-21 21:20,Pari Chowk,28.4671,77.503,212,56,Fog,0,No,Yes,41,Low
2026-05-21 21:30,DND Flyway,28.5942,77.3053,878,12,Clear,0,No,Yes,29,Very High
2026-05-21 21:40,Dwarka Sector 21,28.5511,77.0565,64,39,Rain,16,Yes,No,47,Medium
2026-05-21 21:50,IGI Airport T3,28.5562,77.1,643,28,Cloudy,0,No,No,56,Medium
2026-05-21 22:00,IGI Airport T3,28.5562,77.1,789,5,Clear,0,Yes,No,11,Very High
2026-05-21 22:10,Pari Chowk,28.4671,77.503,681,25,Fog,0,No,Yes,65,Medium
2026-05-21 22:20,Vaishali Ghaziabad,28.646,77.339,899,5,Heavy Rain,7,No,No,92,Very High
2026-05-21 22:30,Dwarka Sector 21,28.5511,77.0565,186,46,Rain,18,No,No,43,Low
2026-05-21 22:40,Pari Chowk,28.4671,77.503,256,26,Rain,5,Yes,Yes,50,Medium
2026-05-21 22:50,Botanical Garden,28.5636,77.334,847,14,Cloudy,0,No,No,69,Very High
2026-05-21 23:00,Karol Bagh,28.6519,77.1909,276,40,Heavy Rain,16,No,Yes,40,Low
2026-05-21 23:10,MG Road Gurgaon,28.4794,77.0806,524,9,Rain,8,Yes,No,87,Very High
2026-05-21 23:20,Botanical Garden,28.5636,77.334,458,40,Fog,0,No,Yes,88,Low
2026-05-21 23:30,IGI Airport T3,28.5562,77.1,593,5,Rain,18,Yes,Yes,33,Very High
2026-05-21 23:40,MG Road Gurgaon,28.4794,77.0806,891,11,Fog,0,No,No,21,Very High
2026-05-21 23:50,Karol Bagh,28.6519,77.1909,775,5,Cloudy,0,Yes,No,14,Very High
2026-05-22 00:00,IGI Airport T3,28.5562,77.1,65,66,Cloudy,0,No,No,37,Low
2026-05-22 00:10,DND Flyway,28.5942,77.3053,242,42,Rain,7,No,No,74,Low
2026-05-22 00:20,Botanical Garden,28.5636,77.334,319,49,Fog,0,No,No,77,Low
2026-05-22 00:30,Greater Noida West,28.59,77.43,721,10,Rain,5,No,No,98,Very High
2026-05-22 00:40,Cyber Hub Gurgaon,28.4959,77.0882,365,34,Rain,19,No,No,62,Medium
2026-05-22 00:50,Lajpat Nagar,28.5677,77.243,886,5,Heavy Rain,7,No,Yes,41,Very High
2026-05-22 01:00,Dwarka Sector 21,28.5511,77.0565,615,29,Cloudy,0,No,Yes,36,Medium
2026-05-22 01:10,Sector 62 Noida,28.628,77.3649,621,17,Rain,13,No,Yes,88,High
2026-05-22 01:20,DND Flyway,28.5942,77.3053,240,42,Rain,9,No,No,13,Low
2026-05-22 01:30,Connaught Place,28.6315,77.2167,58,67,Cloudy,0,No,Yes,42,Low
2026-05-22 01:40,Sector 62 Noida,28.628,77.3649,489,26,Heavy Rain,2,No,No,22,Medium
2026-05-22 01:50,Karol Bagh,28.6519,77.1909,581,32,Fog,0,No,No,67,Medium
2026-05-22 02:00,Greater Noida West,28.59,77.43,482,26,Heavy Rain,1,No,Yes,53,Medium
2026-05-22 02:10,Lajpat Nagar,28.5677,77.243,870,5,Heavy Rain,14,No,No,75,Very High
2026-05-22 02:20,Botanical Garden,28.5636,77.334,374,46,Clear,0,No,No,14,Low
2026-05-22 02:30,MG Road Gurgaon,28.4794,77.0806,898,5,Heavy Rain,19,No,No,57,Very High
2026-05-22 02:40,Connaught Place,28.6315,77.2167,460,13,Rain,13,Yes,Yes,66,Very High
2026-05-22 02:50,Botanical Garden,28.5636,77.334,790,5,Fog,0,Yes,No,11,Very High
2026-05-22 03:00,Sector 18 Noida,28.5706,77.324,786,18,Cloudy,0,No,No,71,Very High
2026-05-22 03:10,India Gate,28.6129,77.2295,625,29,Cloudy,0,No,No,17,Medium
2026-05-22 03:20,Lajpat Nagar,28.5677,77.243,386,45,Cloudy,0,No,No,64,Low
2026-05-22 03:30,Greater Noida West,28.59,77.43,876,5,Heavy Rain,13,No,No,21,Very High
2026-05-22 03:40,Sector 62 Noida,28.628,77.3649,296,36,Cloudy,0,Yes,No,18,Medium
2026-05-22 03:50,Lajpat Nagar,28.5677,77.243,333,48,Clear,0,No,Yes,82,Low
2026-05-22 04:00,Akshardham Route,28.6127,77.2773,86,65,Fog,0,No,No,58,Low
2026-05-22 04:10,Akshardham Route,28.6127,77.2773,271,52,Cloudy,0,No,No,78,Low
2026-05-22 04:20,Akshardham Route,28.6127,77.2773,114,63,Clear,0,No,No,60,Low
2026-05-22 04:30,Botanical Garden,28.5636,77.334,71,51,Fog,0,Yes,No,54,Low
2026-05-22 04:40,DND Flyway,28.5942,77.3053,337,36,Rain,8,No,Yes,37,Medium
2026-05-22 04:50,Sector 18 Noida,28.5706,77.324,63,66,Fog,0,No,No,37,Low
2026-05-22 05:00,Karol Bagh,28.6519,77.1909,283,52,Fog,0,No,No,64,Low
2026-05-22 05:10,Connaught Place,28.6315,77.2167,347,47,Fog,0,No,No,78,Low
2026-05-22 05:20,Connaught Place,28.6315,77.2167,635,28,Fog,0,No,No,17,Medium
2026-05-22 05:30,Akshardham Route,28.6127,77.2773,560,33,Cloudy,0,No,Yes,43,Medium
2026-05-22 05:40,Akshardham Route,28.6127,77.2773,771,7,Rain,1,No,No,14,Very High
2026-05-22 05:50,India Gate,28.6129,77.2295,188,58,Fog,0,No,No,32,Low
2026-05-22 06:00,Sector 18 Noida,28.5706,77.324,493,26,Heavy Rain,10,No,No,77,Medium
2026-05-22 06:10,Karol Bagh,28.6519,77.1909,672,14,Rain,1,No,No,17,Very High
2026-05-22 06:20,Cyber Hub Gurgaon,28.4959,77.0882,509,22,Clear,0,Yes,Yes,53,High
2026-05-22 06:30,Akshardham Route,28.6127,77.2773,578,5,Rain,12,Yes,No,79,Very High
2026-05-22 06:40,Cyber Hub Gurgaon,28.4959,77.0882,273,52,Cloudy,0,No,Yes,27,Low
2026-05-22 06:50,MG Road Gurgaon,28.4794,77.0806,770,7,Heavy Rain,17,No,No,93,Very High
2026-05-22 07:00,Sector 18 Noida,28.5706,77.324,745,9,Rain,1,No,No,49,Very High
2026-05-22 07:10,Sector 62 Noida,28.628,77.3649,466,24,Cloudy,0,Yes,No,37,High
2026-05-22 07:20,Botanical Garden,28.5636,77.334,496,25,Rain,13,No,No,30,Medium
2026-05-22 07:30,Vaishali Ghaziabad,28.646,77.339,789,18,Fog,0,No,No,83,Very High
2026-05-22 07:40,Cyber Hub Gurgaon,28.4959,77.0882,807,5,Rain,19,Yes,No,99,Very High
2026-05-22 07:50,Sector 18 Noida,28.5706,77.324,352,47,Cloudy,0,No,No,26,Low
2026-05-22 08:00,Connaught Place,28.6315,77.2167,284,52,Clear,0,No,No,16,Low
2026-05-22 08:10,Connaught Place,28.6315,77.2167,272,40,Rain,8,No,Yes,71,Low
2026-05-22 08:20,Akshardham Route,28.6127,77.2773,442,14,Heavy Rain,14,Yes,No,15,Very High
2026-05-22 08:30,Botanical Garden,28.5636,77.334,332,36,Rain,1,No,No,10,Medium
2026-05-22 08:40,Vaishali Ghaziabad,28.646,77.339,728,10,Rain,1,No,Yes,84,Very High
2026-05-22 08:50,Connaught Place,28.6315,77.2167,818,5,Rain,3,No,Yes,98,Very High
2026-05-22 09:00,Karol Bagh,28.6519,77.1909,877,5,Heavy Rain,14,No,Yes,53,Very High
2026-05-22 09:10,India Gate,28.6129,77.2295,854,5,Heavy Rain,11,No,No,73,Very High
2026-05-22 09:20,India Gate,28.6129,77.2295,136,61,Clear,0,No,No,78,Low
2026-05-22 09:30,Sector 18 Noida,28.5706,77.324,484,38,Clear,0,No,No,26,Medium
2026-05-22 09:40,Sector 62 Noida,28.628,77.3649,880,12,Clear,0,No,No,24,Very High
2026-05-22 09:50,India Gate,28.6129,77.2295,251,54,Clear,0,No,Yes,90,Low
2026-05-22 10:00,Lajpat Nagar,28.5677,77.243,345,20,Rain,5,Yes,Yes,78,High
2026-05-22 10:10,Greater Noida West,28.59,77.43,649,5,Heavy Rain,1,Yes,Yes,73,Very High
2026-05-22 10:20,India Gate,28.6129,77.2295,140,46,Fog,0,Yes,No,79,Low
2026-05-22 10:30,Akshardham Route,28.6127,77.2773,297,36,Fog,0,Yes,No,70,Medium
2026-05-22 10:40,DND Flyway,28.5942,77.3053,770,19,Cloudy,0,No,Yes,78,Very High
2026-05-22 10:50,India Gate,28.6129,77.2295,468,27,Heavy Rain,11,No,No,57,Medium
2026-05-22 11:00,Pari Chowk,28.4671,77.503,661,26,Cloudy,0,No,Yes,45,Medium
2026-05-22 11:10,India Gate,28.6129,77.2295,685,25,Clear,0,No,No,52,Medium
2026-05-22 11:20,India Gate,28.6129,77.2295,864,13,Clear,0,No,No,26,Very High
2026-05-22 11:30,Dwarka Sector 21,28.5511,77.0565,235,43,Rain,16,No,No,38,Low
2026-05-22 11:40,MG Road Gurgaon,28.4794,77.0806,822,16,Clear,0,No,No,72,Very High
2026-05-22 11:50,Connaught Place,28.6315,77.2167,843,14,Clear,0,No,No,63,Very High
2026-05-22 12:00,Dwarka Sector 21,28.5511,77.0565,437,26,Cloudy,0,Yes,No,84,Medium
2026-05-22 12:10,IGI Airport T3,28.5562,77.1,147,61,Cloudy,0,No,No,83,Low
2026-05-22 12:20,India Gate,28.6129,77.2295,82,65,Fog,0,No,No,25,Low
2026-05-22 12:30,Sector 62 Noida,28.628,77.3649,322,34,Cloudy,0,Yes,No,72,Medium
2026-05-22 12:40,MG Road Gurgaon,28.4794,77.0806,731,10,Heavy Rain,14,No,Yes,99,Very High
2026-05-22 12:50,Lajpat Nagar,28.5677,77.243,468,39,Fog,0,No,No,85,Medium
2026-05-22 13:00,Karol Bagh,28.6519,77.1909,317,37,Rain,2,No,Yes,11,Medium
2026-05-22 13:10,MG Road Gurgaon,28.4794,77.0806,362,34,Rain,15,No,No,15,Medium
2026-05-22 13:20,DND Flyway,28.5942,77.3053,576,20,Rain,10,No,No,40,High
2026-05-22 13:30,Pari Chowk,28.4671,77.503,414,28,Clear,0,Yes,No,78,Medium
2026-05-22 13:40,DND Flyway,28.5942,77.3053,194,31,Rain,14,Yes,No,15,Medium
2026-05-22 13:50,Connaught Place,28.6315,77.2167,334,48,Fog,0,No,No,11,Low
2026-05-22 14:00,Greater Noida West,28.59,77.43,655,5,Rain,9,Yes,No,28,Very High
2026-05-22 14:10,DND Flyway,28.5942,77.3053,329,37,Heavy Rain,10,No,No,44,Medium
2026-05-22 14:20,DND Flyway,28.5942,77.3053,839,5,Rain,3,No,No,32,Very High
2026-05-22 14:30,Greater Noida West,28.59,77.43,375,30,Clear,0,Yes,No,34,Medium
2026-05-22 14:40,Lajpat Nagar,28.5677,77.243,205,45,Heavy Rain,19,No,No,84,Low
2026-05-22 14:50,DND Flyway,28.5942,77.3053,820,5,Heavy Rain,16,Yes,Yes,58,Very High
2026-05-22 15:00,Greater Noida West,28.59,77.43,775,5,Heavy Rain,1,Yes,No,70,Very High
2026-05-22 15:10,Akshardham Route,28.6127,77.2773,691,12,Heavy Rain,15,No,No,31,Very High
2026-05-22 15:20,Akshardham Route,28.6127,77.2773,131,50,Rain,12,No,Yes,53,Low
2026-05-22 15:30,Sector 62 Noida,28.628,77.3649,605,18,Rain,1,No,No,39,High
2026-05-22 15:40,Dwarka Sector 21,28.5511,77.0565,652,5,Rain,12,Yes,Yes,51,Very High
2026-05-22 15:50,Karol Bagh,28.6519,77.1909,753,8,Heavy Rain,9,No,No,66,Very High
2026-05-22 16:00,Karol Bagh,28.6519,77.1909,770,5,Clear,0,Yes,No,54,Very High
2026-05-22 16:10,Greater Noida West,28.59,77.43,224,41,Cloudy,0,Yes,No,23,Low
2026-05-22 16:20,Sector 62 Noida,28.628,77.3649,87,65,Fog,0,No,Yes,18,Low
2026-05-22 16:30,Cyber Hub Gurgaon,28.4959,77.0882,382,33,Heavy Rain,14,No,Yes,68,Medium
2026-05-22 16:40,Botanical Garden,28.5636,77.334,70,66,Fog,0,No,No,75,Low
2026-05-22 16:50,MG Road Gurgaon,28.4794,77.0806,715,11,Heavy Rain,13,No,No,84,Very High
2026-05-22 17:00,Lajpat Nagar,28.5677,77.243,431,30,Rain,5,No,Yes,45,Medium
2026-05-22 17:10,Pari Chowk,28.4671,77.503,100,64,Cloudy,0,No,No,11,Low
2026-05-22 17:20,Cyber Hub Gurgaon,28.4959,77.0882,805,5,Cloudy,0,Yes,No,34,Very High
2026-05-22 17:30,Pari Chowk,28.4671,77.503,344,21,Heavy Rain,6,Yes,No,91,High
2026-05-22 17:40,IGI Airport T3,28.5562,77.1,173,59,Fog,0,No,No,19,Low
2026-05-22 17:50,India Gate,28.6129,77.2295,739,21,Fog,0,No,Yes,62,Very High
2026-05-22 18:00,MG Road Gurgaon,28.4794,77.0806,93,64,Fog,0,No,No,42,Low
2026-05-22 18:10,Sector 18 Noida,28.5706,77.324,755,20,Cloudy,0,No,No,66,Very High
2026-05-22 18:20,Pari Chowk,28.4671,77.503,502,37,Fog,0,No,No,100,Medium
2026-05-22 18:30,Cyber Hub Gurgaon,28.4959,77.0882,391,44,Fog,0,No,Yes,49,Low
2026-05-22 18:40,Lajpat Nagar,28.5677,77.243,705,8,Cloudy,0,Yes,No,35,Very High
2026-05-22 18:50,IGI Airport T3,28.5562,77.1,570,20,Heavy Rain,1,No,Yes,30,High
2026-05-22 19:00,Pari Chowk,28.4671,77.503,186,31,Heavy Rain,7,Yes,No,35,Medium
2026-05-22 19:10,Dwarka Sector 21,28.5511,77.0565,239,43,Heavy Rain,5,No,No,52,Low
2026-05-22 19:20,Sector 62 Noida,28.628,77.3649,346,32,Clear,0,Yes,No,78,Medium
2026-05-22 19:30,DND Flyway,28.5942,77.3053,824,16,Fog,0,No,Yes,88,Very High
2026-05-22 19:40,Lajpat Nagar,28.5677,77.243,472,12,Rain,16,Yes,No,56,Very High
2026-05-22 19:50,Dwarka Sector 21,28.5511,77.0565,646,5,Rain,4,Yes,Yes,96,Very High
2026-05-22 20:00,Botanical Garden,28.5636,77.334,845,5,Heavy Rain,5,No,No,57,Very High
2026-05-22 20:10,IGI Airport T3,28.5562,77.1,629,17,Heavy Rain,16,No,Yes,13,High
2026-05-22 20:20,IGI Airport T3,28.5562,77.1,293,36,Fog,0,Yes,No,37,Medium
2026-05-22 20:30,Lajpat Nagar,28.5677,77.243,535,35,Cloudy,0,No,No,77,Medium
2026-05-22 20:40,Cyber Hub Gurgaon,28.4959,77.0882,665,14,Heavy Rain,1,No,No,26,Very High
2026-05-22 20:50,Vaishali Ghaziabad,28.646,77.339,492,23,Cloudy,0,Yes,No,65,High
2026-05-22 21:00,Vaishali Ghaziabad,28.646,77.339,526,35,Fog,0,No,No,65,Medium
2026-05-22 21:10,Lajpat Nagar,28.5677,77.243,584,32,Cloudy,0,No,No,34,Medium
2026-05-22 21:20,Lajpat Nagar,28.5677,77.243,428,42,Fog,0,No,Yes,99,Low
2026-05-22 21:30,Connaught Place,28.6315,77.2167,738,9,Rain,20,No,No,28,Very High
2026-05-22 21:40,Lajpat Nagar,28.5677,77.243,350,35,Heavy Rain,11,No,No,72,Medium
2026-05-22 21:50,Botanical Garden,28.5636,77.334,534,35,Fog,0,No,Yes,86,Medium
2026-05-22 22:00,Akshardham Route,28.6127,77.2773,192,31,Heavy Rain,8,Yes,Yes,45,Medium
2026-05-22 22:10,Sector 62 Noida,28.628,77.3649,126,50,Rain,15,No,No,38,Low
2026-05-22 22:20,MG Road Gurgaon,28.4794,77.0806,175,59,Cloudy,0,No,No,86,Low
2026-05-22 22:30,Dwarka Sector 21,28.5511,77.0565,702,24,Clear,0,No,No,94,Very High
2026-05-22 22:40,Cyber Hub Gurgaon,28.4959,77.0882,252,54,Clear,0,No,No,28,Low
2026-05-22 22:50,Sector 18 Noida,28.5706,77.324,334,36,Heavy Rain,9,No,No,94,Medium
2026-05-22 23:00,Greater Noida West,28.59,77.43,560,33,Cloudy,0,No,No,59,Medium
2026-05-22 23:10,Sector 62 Noida,28.628,77.3649,599,16,Cloudy,0,Yes,No,56,High
2026-05-22 23:20,Cyber Hub Gurgaon,28.4959,77.0882,714,11,Heavy Rain,4,No,Yes,92,Very High
2026-05-22 23:30,DND Flyway,28.5942,77.3053,596,31,Fog,0,No,No,85,Medium
2026-05-22 23:40,Cyber Hub Gurgaon,28.4959,77.0882,171,47,Heavy Rain,14,No,No,38,Low
2026-05-22 23:50,Botanical Garden,28.5636,77.334,597,19,Rain,4,No,No,77,High
2026-05-23 00:00,DND Flyway,28.5942,77.3053,96,37,Heavy Rain,5,Yes,No,78,Medium
2026-05-23 00:10,Sector 62 Noida,28.628,77.3649,175,59,Clear,0,No,No,73,Low
2026-05-23 00:20,Botanical Garden,28.5636,77.334,639,13,Cloudy,0,Yes,No,84,Very High
2026-05-23 00:30,Sector 62 Noida,28.628,77.3649,309,38,Rain,7,No,No,72,Medium
2026-05-23 00:40,Botanical Garden,28.5636,77.334,460,25,Fog,0,Yes,No,52,Medium
2026-05-23 00:50,Botanical Garden,28.5636,77.334,379,33,Heavy Rain,19,No,No,34,Medium
2026-05-23 01:00,Sector 18 Noida,28.5706,77.324,848,5,Rain,17,No,No,95,Very High
2026-05-23 01:10,Connaught Place,28.6315,77.2167,755,20,Clear,0,No,No,81,Very High
2026-05-23 01:20,Cyber Hub Gurgaon,28.4959,77.0882,629,5,Rain,10,Yes,No,86,Very High
2026-05-23 01:30,Cyber Hub Gurgaon,28.4959,77.0882,308,38,Rain,9,No,Yes,95,Medium
2026-05-23 01:40,Botanical Garden,28.5636,77.334,352,32,Cloudy,0,Yes,No,45,Medium
2026-05-23 01:50,Akshardham Route,28.6127,77.2773,706,11,Heavy Rain,3,No,No,59,Very High
2026-05-23 02:00,Lajpat Nagar,28.5677,77.243,378,45,Cloudy,0,No,Yes,33,Low
2026-05-23 02:10,Akshardham Route,28.6127,77.2773,134,50,Rain,3,No,Yes,22,Low
2026-05-23 02:20,Vaishali Ghaziabad,28.646,77.339,386,18,Heavy Rain,18,Yes,Yes,40,High
2026-05-23 02:30,Dwarka Sector 21,28.5511,77.0565,489,38,Cloudy,0,No,Yes,96,Medium
2026-05-23 02:40,India Gate,28.6129,77.2295,397,44,Cloudy,0,No,No,34,Low
2026-05-23 02:50,Pari Chowk,28.4671,77.503,600,30,Clear,0,No,No,31,Medium
2026-05-23 03:00,DND Flyway,28.5942,77.3053,300,50,Clear,0,No,No,87,Low
2026-05-23 03:10,Sector 62 Noida,28.628,77.3649,578,17,Clear,0,Yes,No,90,High
2026-05-23 03:20,Pari Chowk,28.4671,77.503,200,57,Clear,0,No,No,72,Low
2026-05-23 03:30,Sector 18 Noida,28.5706,77.324,457,40,Clear,0,No,No,60,Low
2026-05-23 03:40,Vaishali Ghaziabad,28.646,77.339,710,5,Heavy Rain,14,Yes,Yes,76,Very High
2026-05-23 03:50,Sector 18 Noida,28.5706,77.324,311,50,Fog,0,No,No,27,Low
2026-05-23 04:00,Pari Chowk,28.4671,77.503,268,53,Cloudy,0,No,No,76,Low
2026-05-23 04:10,Sector 62 Noida,28.628,77.3649,587,31,Fog,0,No,Yes,20,Medium
2026-05-23 04:20,Botanical Garden,28.5636,77.334,100,64,Fog,0,No,No,99,Low
2026-05-23 04:30,MG Road Gurgaon,28.4794,77.0806,684,13,Rain,16,No,No,97,Very High
2026-05-23 04:40,DND Flyway,28.5942,77.3053,679,25,Cloudy,0,No,No,13,Medium
2026-05-23 04:50,Connaught Place,28.6315,77.2167,465,39,Cloudy,0,No,No,70,Medium
2026-05-23 05:00,Dwarka Sector 21,28.5511,77.0565,612,15,Clear,0,Yes,Yes,69,High
2026-05-23 05:10,MG Road Gurgaon,28.4794,77.0806,445,29,Rain,7,No,No,54,Medium
2026-05-23 05:20,India Gate,28.6129,77.2295,572,20,Heavy Rain,17,No,No,17,High
2026-05-23 05:30,Pari Chowk,28.4671,77.503,463,25,Cloudy,0,Yes,No,77,Medium
2026-05-23 05:40,Sector 62 Noida,28.628,77.3649,641,13,Cloudy,0,Yes,No,17,Very High
2026-05-23 05:50,Dwarka Sector 21,28.5511,77.0565,171,47,Heavy Rain,1,No,No,22,Low
2026-05-23 06:00,DND Flyway,28.5942,77.3053,760,8,Rain,1,No,No,40,Very High
2026-05-23 06:10,MG Road Gurgaon,28.4794,77.0806,396,44,Fog,0,No,No,13,Low
2026-05-23 06:20,Pari Chowk,28.4671,77.503,559,33,Clear,0,No,Yes,24,Medium
2026-05-23 06:30,IGI Airport T3,28.5562,77.1,792,6,Heavy Rain,13,No,No,46,Very High
2026-05-23 06:40,Lajpat Nagar,28.5677,77.243,669,14,Heavy Rain,15,No,No,90,Very High
2026-05-23 06:50,Greater Noida West,28.59,77.43,380,45,Cloudy,0,No,No,19,Low
2026-05-23 07:00,Akshardham Route,28.6127,77.2773,157,60,Fog,0,No,No,80,Low
2026-05-23 07:10,India Gate,28.6129,77.2295,504,25,Rain,9,No,Yes,12,Medium
2026-05-23 07:20,Botanical Garden,28.5636,77.334,95,52,Heavy Rain,9,No,No,73,Low
2026-05-23 07:30,Greater Noida West,28.59,77.43,70,66,Clear,0,No,Yes,48,Low
2026-05-23 07:40,Sector 18 Noida,28.5706,77.324,819,5,Heavy Rain,15,Yes,No,59,Very High
2026-05-23 07:50,Sector 18 Noida,28.5706,77.324,871,5,Rain,2,No,No,40,Very High
2026-05-23 08:00,Sector 18 Noida,28.5706,77.324,736,21,Fog,0,No,No,79,Very High
2026-05-23 08:10,Karol Bagh,28.6519,77.1909,98,52,Heavy Rain,3,No,No,30,Low
2026-05-23 08:20,Connaught Place,28.6315,77.2167,407,28,Clear,0,Yes,No,26,Medium
2026-05-23 08:30,Akshardham Route,28.6127,77.2773,771,19,Clear,0,No,No,26,Very High
2026-05-23 08:40,Botanical Garden,28.5636,77.334,617,29,Cloudy,0,No,No,62,Medium
2026-05-23 08:50,Vaishali Ghaziabad,28.646,77.339,778,5,Cloudy,0,Yes,No,47,Very High
2026-05-23 09:00,Greater Noida West,28.59,77.43,122,50,Heavy Rain,7,No,No,42,Low
2026-05-23 09:10,Connaught Place,28.6315,77.2167,392,44,Clear,0,No,No,22,Low
2026-05-23 09:20,Greater Noida West,28.59,77.43,762,20,Cloudy,0,No,Yes,85,Very High
2026-05-23 09:30,MG Road Gurgaon,28.4794,77.0806,598,31,Cloudy,0,No,No,58,Medium
2026-05-23 09:40,Akshardham Route,28.6127,77.2773,673,26,Fog,0,No,No,39,Medium
2026-05-23 09:50,Connaught Place,28.6315,77.2167,140,61,Clear,0,No,No,70,Low
2026-05-23 10:00,Botanical Garden,28.5636,77.334,396,44,Clear,0,No,Yes,88,Low
2026-05-23 10:10,Vaishali Ghaziabad,28.646,77.339,140,46,Fog,0,Yes,Yes,76,Low
2026-05-23 10:20,DND Flyway,28.5942,77.3053,446,29,Rain,7,No,No,82,Medium
2026-05-23 10:30,Lajpat Nagar,28.5677,77.243,436,29,Heavy Rain,18,No,Yes,56,Medium
2026-05-23 10:40,Akshardham Route,28.6127,77.2773,671,5,Rain,13,Yes,No,35,Very High
2026-05-23 10:50,Cyber Hub Gurgaon,28.4959,77.0882,425,30,Rain,10,No,No,83,Medium
2026-05-23 11:00,Vaishali Ghaziabad,28.646,77.339,423,30,Rain,17,No,No,77,Medium
2026-05-23 11:10,India Gate,28.6129,77.2295,247,54,Clear,0,No,Yes,77,Low
2026-05-23 11:20,Connaught Place,28.6315,77.2167,890,11,Clear,0,No,No,36,Very High
2026-05-23 11:30,Cyber Hub Gurgaon,28.4959,77.0882,211,44,Heavy Rain,18,No,No,71,Low
2026-05-23 11:40,Sector 62 Noida,28.628,77.3649,114,51,Heavy Rain,3,No,No,50,Low
2026-05-23 11:50,Vaishali Ghaziabad,28.646,77.339,604,30,Fog,0,No,Yes,25,Medium
2026-05-23 12:00,Lajpat Nagar,28.5677,77.243,317,37,Rain,6,No,Yes,37,Medium
2026-05-23 12:10,Connaught Place,28.6315,77.2167,584,32,Fog,0,No,No,18,Medium
2026-05-23 12:20,Connaught Place,28.6315,77.2167,494,38,Clear,0,No,No,57,Medium
2026-05-23 12:30,Botanical Garden,28.5636,77.334,715,23,Fog,0,No,No,71,Very High
2026-05-23 12:40,Karol Bagh,28.6519,77.1909,407,43,Cloudy,0,No,Yes,65,Low
2026-05-23 12:50,Pari Chowk,28.4671,77.503,55,67,Cloudy,0,No,Yes,75,Low
2026-05-23 13:00,Greater Noida West,28.59,77.43,755,5,Cloudy,0,Yes,Yes,77,Very High
2026-05-23 13:10,India Gate,28.6129,77.2295,868,13,Clear,0,No,No,70,Very High
2026-05-23 13:20,India Gate,28.6129,77.2295,410,31,Rain,18,No,No,100,Medium
2026-05-23 13:30,Pari Chowk,28.4671,77.503,844,5,Heavy Rain,5,No,No,47,Very High
2026-05-23 13:40,Karol Bagh,28.6519,77.1909,199,30,Heavy Rain,8,Yes,Yes,54,Medium
2026-05-23 13:50,MG Road Gurgaon,28.4794,77.0806,482,26,Heavy Rain,13,No,Yes,78,Medium
2026-05-23 14:00,Karol Bagh,28.6519,77.1909,321,49,Cloudy,0,No,No,77,Low
2026-05-23 14:10,Lajpat Nagar,28.5677,77.243,690,12,Heavy Rain,7,No,No,71,Very High
2026-05-23 14:20,India Gate,28.6129,77.2295,350,47,Cloudy,0,No,No,90,Low
2026-05-23 14:30,DND Flyway,28.5942,77.3053,520,24,Rain,4,No,No,78,High
2026-05-23 14:40,Sector 62 Noida,28.628,77.3649,435,41,Clear,0,No,No,41,Low
2026-05-23 14:50,IGI Airport T3,28.5562,77.1,69,66,Clear,0,No,Yes,87,Low
2026-05-23 15:00,Lajpat Nagar,28.5677,77.243,125,62,Fog,0,No,No,59,Low
2026-05-23 15:10,Karol Bagh,28.6519,77.1909,143,34,Rain,9,Yes,Yes,40,Medium
2026-05-23 15:20,Sector 18 Noida,28.5706,77.324,372,46,Clear,0,No,No,66,Low
2026-05-23 15:30,IGI Airport T3,28.5562,77.1,523,36,Cloudy,0,No,No,77,Medium
2026-05-23 15:40,Karol Bagh,28.6519,77.1909,199,30,Rain,7,Yes,Yes,90,Medium
2026-05-23 15:50,India Gate,28.6129,77.2295,544,7,Heavy Rain,8,Yes,Yes,27,Very High
2026-05-23 16:00,Connaught Place,28.6315,77.2167,615,29,Cloudy,0,No,No,80,Medium
2026-05-23 16:10,Lajpat Nagar,28.5677,77.243,539,23,Heavy Rain,7,No,No,11,High
2026-05-23 16:20,Greater Noida West,28.59,77.43,574,32,Fog,0,No,No,97,Medium
2026-05-23 16:30,Botanical Garden,28.5636,77.334,569,21,Rain,1,No,Yes,65,High
2026-05-23 16:40,Pari Chowk,28.4671,77.503,461,25,Cloudy,0,Yes,No,62,Medium
2026-05-23 16:50,IGI Airport T3,28.5562,77.1,898,5,Rain,8,Yes,No,92,Very High
2026-05-23 17:00,India Gate,28.6129,77.2295,531,35,Clear,0,No,No,76,Medium
2026-05-23 17:10,Connaught Place,28.6315,77.2167,623,29,Fog,0,No,No,58,Medium
2026-05-23 17:20,Vaishali Ghaziabad,28.646,77.339,845,14,Cloudy,0,No,No,61,Very High
2026-05-23 17:30,Sector 62 Noida,28.628,77.3649,876,5,Rain,16,No,Yes,68,Very High
2026-05-23 17:40,Akshardham Route,28.6127,77.2773,885,11,Clear,0,No,No,95,Very High
2026-05-23 17:50,Greater Noida West,28.59,77.43,170,44,Fog,0,Yes,Yes,86,Low
2026-05-23 18:00,MG Road Gurgaon,28.4794,77.0806,480,38,Cloudy,0,No,No,37,Medium
2026-05-23 18:10,Cyber Hub Gurgaon,28.4959,77.0882,639,16,Rain,19,No,No,43,High
2026-05-23 18:20,Sector 62 Noida,28.628,77.3649,733,10,Heavy Rain,13,No,No,94,Very High
2026-05-23 18:30,DND Flyway,28.5942,77.3053,797,5,Heavy Rain,18,Yes,No,15,Very High
2026-05-23 18:40,Pari Chowk,28.4671,77.503,272,40,Heavy Rain,17,No,No,75,Low
2026-05-23 18:50,Connaught Place,28.6315,77.2167,659,12,Fog,0,Yes,No,81,Very High
2026-05-23 19:00,Vaishali Ghaziabad,28.646,77.339,313,50,Fog,0,No,Yes,36,Low
2026-05-23 19:10,Sector 18 Noida,28.5706,77.324,52,55,Rain,6,No,No,28,Low
2026-05-23 19:20,DND Flyway,28.5942,77.3053,814,5,Heavy Rain,7,Yes,Yes,30,Very High
2026-05-23 19:30,Botanical Garden,28.5636,77.334,630,16,Rain,4,No,Yes,71,High
2026-05-23 19:40,Pari Chowk,28.4671,77.503,672,26,Cloudy,0,No,No,96,Medium
2026-05-23 19:50,Cyber Hub Gurgaon,28.4959,77.0882,302,35,Cloudy,0,Yes,No,57,Medium
2026-05-23 20:00,Akshardham Route,28.6127,77.2773,539,35,Cloudy,0,No,No,11,Medium
2026-05-23 20:10,Karol Bagh,28.6519,77.1909,796,5,Heavy Rain,15,Yes,No,10,Very High
2026-05-23 20:20,MG Road Gurgaon,28.4794,77.0806,766,5,Clear,0,Yes,No,24,Very High
2026-05-23 20:30,MG Road Gurgaon,28.4794,77.0806,589,31,Cloudy,0,No,No,55,Medium
2026-05-23 20:40,Sector 62 Noida,28.628,77.3649,781,18,Cloudy,0,No,No,99,Very High
2026-05-23 20:50,Akshardham Route,28.6127,77.2773,419,28,Clear,0,Yes,No,12,Medium
2026-05-23 21:00,Connaught Place,28.6315,77.2167,119,36,Heavy Rain,6,Yes,No,27,Medium
2026-05-23 21:10,Lajpat Nagar,28.5677,77.243,341,48,Cloudy,0,No,No,11,Low
2026-05-23 21:20,Karol Bagh,28.6519,77.1909,675,13,Heavy Rain,20,No,Yes,42,Very High
2026-05-23 21:30,Botanical Garden,28.5636,77.334,584,32,Clear,0,No,No,14,Medium
2026-05-23 21:40,Lajpat Nagar,28.5677,77.243,57,40,Heavy Rain,10,Yes,No,19,Low
2026-05-23 21:50,Cyber Hub Gurgaon,28.4959,77.0882,788,6,Rain,18,No,No,49,Very High
2026-05-23 22:00,India Gate,28.6129,77.2295,260,41,Rain,20,No,No,62,Low
2026-05-23 22:10,Lajpat Nagar,28.5677,77.243,869,5,Heavy Rain,19,Yes,Yes,79,Very High
2026-05-23 22:20,Sector 62 Noida,28.628,77.3649,181,46,Rain,2,No,No,100,Low
2026-05-23 22:30,Cyber Hub Gurgaon,28.4959,77.0882,363,34,Rain,15,No,No,87,Medium
2026-05-23 22:40,Botanical Garden,28.5636,77.334,626,5,Heavy Rain,15,Yes,Yes,16,Very High
2026-05-23 22:50,DND Flyway,28.5942,77.3053,800,17,Cloudy,0,No,Yes,69,Very High
2026-05-23 23:00,IGI Airport T3,28.5562,77.1,628,17,Rain,18,No,No,35,High
2026-05-23 23:10,Botanical Garden,28.5636,77.334,713,23,Fog,0,No,No,15,Very High
2026-05-23 23:20,Greater Noida West,28.59,77.43,566,18,Fog,0,Yes,No,34,High
2026-05-23 23:30,Lajpat Nagar,28.5677,77.243,301,38,Heavy Rain,15,No,Yes,13,Medium
2026-05-23 23:40,Dwarka Sector 21,28.5511,77.0565,565,33,Clear,0,No,No,43,Medium
2026-05-23 23:50,Lajpat Nagar,28.5677,77.243,206,57,Fog,0,No,No,18,Low
2026-05-24 00:00,Dwarka Sector 21,28.5511,77.0565,728,10,Rain,18,No,Yes,69,Very High
2026-05-24 00:10,India Gate,28.6129,77.2295,541,22,Heavy Rain,12,No,No,13,High
2026-05-24 00:20,Sector 62 Noida,28.628,77.3649,687,25,Clear,0,No,Yes,42,Medium
2026-05-24 00:30,India Gate,28.6129,77.2295,443,14,Heavy Rain,18,Yes,Yes,71,Very High
2026-05-24 00:40,Lajpat Nagar,28.5677,77.243,403,44,Fog,0,No,No,20,Low
2026-05-24 00:50,Greater Noida West,28.59,77.43,78,53,Rain,15,No,Yes,94,Low
2026-05-24 01:00,Karol Bagh,28.6519,77.1909,107,51,Heavy Rain,11,No,No,81,Low
2026-05-24 01:10,Greater Noida West,28.59,77.43,282,52,Cloudy,0,No,Yes,99,Low
2026-05-24 01:20,Botanical Garden,28.5636,77.334,361,34,Rain,3,No,No,62,Medium
2026-05-24 01:30,India Gate,28.6129,77.2295,637,28,Clear,0,No,No,97,Medium
2026-05-24 01:40,Dwarka Sector 21,28.5511,77.0565,680,25,Clear,0,No,No,87,Medium
2026-05-24 01:50,Karol Bagh,28.6519,77.1909,390,44,Fog,0,No,No,73,Low
2026-05-24 02:00,Lajpat Nagar,28.5677,77.243,169,47,Heavy Rain,3,No,No,38,Low
2026-05-24 02:10,Akshardham Route,28.6127,77.2773,343,36,Rain,20,No,No,80,Medium
2026-05-24 02:20,Sector 62 Noida,28.628,77.3649,745,21,Fog,0,No,No,30,Very High
2026-05-24 02:30,Akshardham Route,28.6127,77.2773,279,37,Fog,0,Yes,No,16,Medium
2026-05-24 02:40,Karol Bagh,28.6519,77.1909,860,5,Rain,10,No,No,60,Very High
2026-05-24 02:50,India Gate,28.6129,77.2295,636,28,Clear,0,No,Yes,23,Medium
2026-05-24 03:00,IGI Airport T3,28.5562,77.1,587,16,Clear,0,Yes,No,53,High
2026-05-24 03:10,Sector 62 Noida,28.628,77.3649,851,5,Fog,0,Yes,Yes,42,Very High
2026-05-24 03:20,Dwarka Sector 21,28.5511,77.0565,276,40,Rain,12,No,Yes,20,Low
2026-05-24 03:30,Akshardham Route,28.6127,77.2773,754,5,Cloudy,0,Yes,No,13,Very High
2026-05-24 03:40,Karol Bagh,28.6519,77.1909,789,18,Cloudy,0,No,Yes,19,Very High
2026-05-24 03:50,Cyber Hub Gurgaon,28.4959,77.0882,324,37,Rain,16,No,Yes,26,Medium
2026-05-24 04:00,Connaught Place,28.6315,77.2167,549,34,Clear,0,No,Yes,43,Medium
2026-05-24 04:10,Greater Noida West,28.59,77.43,751,8,Rain,17,No,No,43,Very High
2026-05-24 04:20,IGI Airport T3,28.5562,77.1,878,5,Heavy Rain,8,Yes,No,30,Very High
2026-05-24 04:30,Vaishali Ghaziabad,28.646,77.339,773,7,Heavy Rain,7,No,No,10,Very High
2026-05-24 04:40,India Gate,28.6129,77.2295,515,9,Heavy Rain,15,Yes,No,30,Very High
2026-05-24 04:50,Karol Bagh,28.6519,77.1909,59,67,Cloudy,0,No,No,58,Low
2026-05-24 05:00,DND Flyway,28.5942,77.3053,818,16,Clear,0,No,No,91,Very High
2026-05-24 05:10,Lajpat Nagar,28.5677,77.243,670,26,Fog,0,No,Yes,65,Medium
2026-05-24 05:20,Pari Chowk,28.4671,77.503,609,30,Cloudy,0,No,No,54,Medium
2026-05-24 05:30,Greater Noida West,28.59,77.43,644,5,Rain,6,Yes,No,99,Very High
2026-05-24 05:40,DND Flyway,28.5942,77.3053,524,9,Heavy Rain,7,Yes,No,36,Very High
2026-05-24 05:50,Akshardham Route,28.6127,77.2773,219,44,Heavy Rain,13,No,No,40,Low
2026-05-24 06:00,Vaishali Ghaziabad,28.646,77.339,56,55,Heavy Rain,12,No,No,50,Low
2026-05-24 06:10,Sector 62 Noida,28.628,77.3649,880,5,Fog,0,Yes,No,26,Very High
2026-05-24 06:20,Connaught Place,28.6315,77.2167,184,46,Heavy Rain,16,No,No,52,Low
2026-05-24 06:30,IGI Airport T3,28.5562,77.1,709,23,Clear,0,No,No,39,Very High
2026-05-24 06:40,Sector 62 Noida,28.628,77.3649,289,36,Cloudy,0,Yes,Yes,85,Medium
2026-05-24 06:50,DND Flyway,28.5942,77.3053,205,57,Fog,0,No,No,36,Low
2026-05-24 07:00,Connaught Place,28.6315,77.2167,136,61,Clear,0,No,No,33,Low
2026-05-24 07:10,India Gate,28.6129,77.2295,501,10,Rain,18,Yes,No,26,Very High
2026-05-24 07:20,India Gate,28.6129,77.2295,253,42,Rain,13,No,Yes,26,Low
2026-05-24 07:30,IGI Airport T3,28.5562,77.1,216,44,Heavy Rain,13,No,No,92,Low
2026-05-24 07:40,Lajpat Nagar,28.5677,77.243,718,11,Heavy Rain,12,No,No,76,Very High
2026-05-24 07:50,Cyber Hub Gurgaon,28.4959,77.0882,467,27,Heavy Rain,8,No,Yes,95,Medium
2026-05-24 08:00,Cyber Hub Gurgaon,28.4959,77.0882,286,39,Rain,1,No,No,21,Medium
2026-05-24 08:10,Vaishali Ghaziabad,28.646,77.339,165,47,Heavy Rain,13,No,No,58,Low
2026-05-24 08:20,DND Flyway,28.5942,77.3053,843,5,Heavy Rain,4,No,No,29,Very High
2026-05-24 08:30,Dwarka Sector 21,28.5511,77.0565,471,39,Fog,0,No,No,34,Medium
2026-05-24 08:40,Botanical Garden,28.5636,77.334,801,17,Fog,0,No,Yes,70,Very High
2026-05-24 08:50,Botanical Garden,28.5636,77.334,798,17,Fog,0,No,Yes,99,Very High
2026-05-24 09:00,Karol Bagh,28.6519,77.1909,126,62,Fog,0,No,No,35,Low
2026-05-24 09:10,Akshardham Route,28.6127,77.2773,460,25,Clear,0,Yes,Yes,82,Medium
2026-05-24 09:20,Lajpat Nagar,28.5677,77.243,288,39,Heavy Rain,4,No,No,15,Medium
2026-05-24 09:30,Karol Bagh,28.6519,77.1909,731,22,Cloudy,0,No,No,100,Very High
2026-05-24 09:40,Lajpat Nagar,28.5677,77.243,464,40,Fog,0,No,No,41,Low
2026-05-24 09:50,Cyber Hub Gurgaon,28.4959,77.0882,521,36,Fog,0,No,Yes,33,Medium
2026-05-24 10:00,Connaught Place,28.6315,77.2167,891,11,Fog,0,No,Yes,10,Very High
2026-05-24 10:10,Sector 18 Noida,28.5706,77.324,182,58,Fog,0,No,No,85,Low
2026-05-24 10:20,Greater Noida West,28.59,77.43,479,27,Heavy Rain,12,No,No,33,Medium
2026-05-24 10:30,MG Road Gurgaon,28.4794,77.0806,521,36,Cloudy,0,No,No,55,Medium
2026-05-24 10:40,Akshardham Route,28.6127,77.2773,437,29,Heavy Rain,3,No,No,35,Medium
2026-05-24 10:50,Akshardham Route,28.6127,77.2773,458,40,Fog,0,No,No,60,Low
2026-05-24 11:00,Karol Bagh,28.6519,77.1909,183,58,Clear,0,No,No,82,Low
2026-05-24 11:10,Akshardham Route,28.6127,77.2773,458,40,Cloudy,0,No,No,45,Low
2026-05-24 11:20,DND Flyway,28.5942,77.3053,622,14,Cloudy,0,Yes,Yes,53,Very High
2026-05-24 11:30,Akshardham Route,28.6127,77.2773,228,55,Clear,0,No,No,39,Low
2026-05-24 11:40,MG Road Gurgaon,28.4794,77.0806,304,50,Fog,0,No,No,45,Low
2026-05-24 11:50,Pari Chowk,28.4671,77.503,612,18,Rain,13,No,No,73,High
2026-05-24 12:00,Pari Chowk,28.4671,77.503,59,67,Cloudy,0,No,No,64,Low
2026-05-24 12:10,Lajpat Nagar,28.5677,77.243,472,27,Rain,11,No,No,48,Medium
2026-05-24 12:20,Botanical Garden,28.5636,77.334,65,66,Cloudy,0,No,Yes,52,Low
2026-05-24 12:30,IGI Airport T3,28.5562,77.1,576,32,Fog,0,No,No,19,Medium
2026-05-24 12:40,Pari Chowk,28.4671,77.503,900,5,Rain,4,No,No,23,Very High
2026-05-24 12:50,Sector 18 Noida,28.5706,77.324,623,29,Cloudy,0,No,No,97,Medium
2026-05-24 13:00,Connaught Place,28.6315,77.2167,250,54,Cloudy,0,No,No,35,Low
2026-05-24 13:10,Karol Bagh,28.6519,77.1909,795,17,Cloudy,0,No,No,83,Very High
2026-05-24 13:20,Pari Chowk,28.4671,77.503,540,34,Fog,0,No,No,93,Medium
2026-05-24 13:30,DND Flyway,28.5942,77.3053,383,30,Cloudy,0,Yes,Yes,83,Medium
2026-05-24 13:40,Sector 18 Noida,28.5706,77.324,179,59,Cloudy,0,No,No,22,Low
2026-05-24 13:50,Pari Chowk,28.4671,77.503,309,38,Heavy Rain,12,No,Yes,41,Medium
2026-05-24 14:00,Pari Chowk,28.4671,77.503,483,26,Heavy Rain,16,No,Yes,85,Medium
2026-05-24 14:10,Lajpat Nagar,28.5677,77.243,328,34,Fog,0,Yes,No,54,Medium
2026-05-24 14:20,Botanical Garden,28.5636,77.334,444,26,Cloudy,0,Yes,Yes,33,Medium
2026-05-24 14:30,Sector 18 Noida,28.5706,77.324,296,51,Cloudy,0,No,Yes,12,Low
2026-05-24 14:40,Dwarka Sector 21,28.5511,77.0565,424,15,Heavy Rain,18,Yes,No,77,High
2026-05-24 14:50,DND Flyway,28.5942,77.3053,245,54,Fog,0,No,No,63,Low
2026-05-24 15:00,Lajpat Nagar,28.5677,77.243,482,26,Rain,14,No,No,63,Medium
2026-05-24 15:10,Sector 18 Noida,28.5706,77.324,452,40,Clear,0,No,No,83,Low
2026-05-24 15:20,DND Flyway,28.5942,77.3053,728,22,Clear,0,No,Yes,61,Very High
2026-05-24 15:30,Lajpat Nagar,28.5677,77.243,836,15,Fog,0,No,No,16,Very High
2026-05-24 15:40,India Gate,28.6129,77.2295,347,47,Cloudy,0,No,Yes,98,Low
2026-05-24 15:50,Dwarka Sector 21,28.5511,77.0565,317,37,Rain,10,No,No,14,Medium
2026-05-24 16:00,Lajpat Nagar,28.5677,77.243,380,45,Cloudy,0,No,No,18,Low
2026-05-24 16:10,Lajpat Nagar,28.5677,77.243,546,19,Fog,0,Yes,Yes,86,High
2026-05-24 16:20,Botanical Garden,28.5636,77.334,359,47,Clear,0,No,No,38,Low
2026-05-24 16:30,Akshardham Route,28.6127,77.2773,655,27,Fog,0,No,Yes,61,Medium
2026-05-24 16:40,Lajpat Nagar,28.5677,77.243,143,61,Cloudy,0,No,No,40,Low
2026-05-24 16:50,Vaishali Ghaziabad,28.646,77.339,154,60,Fog,0,No,No,52,Low
2026-05-24 17:00,Cyber Hub Gurgaon,28.4959,77.0882,629,29,Fog,0,No,No,52,Medium
2026-05-24 17:10,Vaishali Ghaziabad,28.646,77.339,108,63,Cloudy,0,No,Yes,38,Low
2026-05-24 17:20,MG Road Gurgaon,28.4794,77.0806,664,14,Rain,18,No,No,41,Very High
2026-05-24 17:30,Cyber Hub Gurgaon,28.4959,77.0882,313,50,Cloudy,0,No,No,27,Low
2026-05-24 17:40,Botanical Garden,28.5636,77.334,773,5,Cloudy,0,Yes,No,81,Very High
2026-05-24 17:50,Pari Chowk,28.4671,77.503,67,54,Heavy Rain,2,No,No,21,Low
2026-05-24 18:00,Sector 18 Noida,28.5706,77.324,125,47,Clear,0,Yes,No,41,Low
2026-05-24 18:10,Lajpat Nagar,28.5677,77.243,551,22,Heavy Rain,2,No,No,43,High
2026-05-24 18:20,DND Flyway,28.5942,77.3053,767,7,Heavy Rain,1,No,Yes,100,Very High
2026-05-24 18:30,IGI Airport T3,28.5562,77.1,800,17,Fog,0,No,No,92,Very High
2026-05-24 18:40,Greater Noida West,28.59,77.43,404,17,Heavy Rain,13,Yes,No,82,High
2026-05-24 18:50,MG Road Gurgaon,28.4794,77.0806,380,18,Rain,18,Yes,No,100,High
2026-05-24 19:00,Greater Noida West,28.59,77.43,265,53,Fog,0,No,No,25,Low
2026-05-24 19:10,IGI Airport T3,28.5562,77.1,892,5,Fog,0,Yes,No,63,Very High
2026-05-24 19:20,Karol Bagh,28.6519,77.1909,202,45,Heavy Rain,12,No,Yes,87,Low
2026-05-24 19:30,IGI Airport T3,28.5562,77.1,569,21,Heavy Rain,5,No,Yes,28,High
2026-05-24 19:40,Connaught Place,28.6315,77.2167,837,15,Clear,0,No,No,34,Very High
2026-05-24 19:50,IGI Airport T3,28.5562,77.1,150,60,Fog,0,No,No,51,Low
2026-05-24 20:00,Sector 62 Noida,28.628,77.3649,833,5,Clear,0,Yes,No,77,Very High
2026-05-24 20:10,DND Flyway,28.5942,77.3053,753,5,Cloudy,0,Yes,No,73,Very High
2026-05-24 20:20,Sector 18 Noida,28.5706,77.324,379,33,Rain,7,No,No,59,Medium
2026-05-24 20:30,Greater Noida West,28.59,77.43,136,61,Clear,0,No,Yes,94,Low
2026-05-24 20:40,Karol Bagh,28.6519,77.1909,54,67,Fog,0,No,No,16,Low
2026-05-24 20:50,Connaught Place,28.6315,77.2167,413,43,Cloudy,0,No,No,48,Low
2026-05-24 21:00,Karol Bagh,28.6519,77.1909,310,50,Fog,0,No,No,31,Low
2026-05-24 21:10,Greater Noida West,28.59,77.43,220,44,Heavy Rain,12,No,No,83,Low
2026-05-24 21:20,Pari Chowk,28.4671,77.503,219,44,Heavy Rain,7,No,No,18,Low
2026-05-24 21:30,Dwarka Sector 21,28.5511,77.0565,843,5,Rain,5,No,No,64,Very High
2026-05-24 21:40,Connaught Place,28.6315,77.2167,394,29,Cloudy,0,Yes,No,20,Medium
2026-05-24 21:50,Pari Chowk,28.4671,77.503,58,67,Cloudy,0,No,No,54,Low
2026-05-24 22:00,Sector 62 Noida,28.628,77.3649,497,37,Fog,0,No,No,58,Medium
2026-05-24 22:10,Dwarka Sector 21,28.5511,77.0565,513,24,Rain,4,No,No,70,High
2026-05-24 22:20,Vaishali Ghaziabad,28.646,77.339,518,9,Heavy Rain,4,Yes,No,26,Very High
2026-05-24 22:30,India Gate,28.6129,77.2295,861,13,Fog,0,No,Yes,24,Very High
2026-05-24 22:40,Sector 62 Noida,28.628,77.3649,645,12,Fog,0,Yes,No,86,Very High
2026-05-24 22:50,Sector 62 Noida,28.628,77.3649,350,35,Rain,17,No,No,77,Medium
2026-05-24 23:00,Sector 18 Noida,28.5706,77.324,203,30,Heavy Rain,6,Yes,No,64,Medium
2026-05-24 23:10,IGI Airport T3,28.5562,77.1,822,5,Heavy Rain,14,No,Yes,23,Very High
2026-05-24 23:20,Akshardham Route,28.6127,77.2773,397,17,Rain,1,Yes,No,69,High
2026-05-24 23:30,Botanical Garden,28.5636,77.334,690,24,Fog,0,No,No,90,High
2026-05-24 23:40,Sector 62 Noida,28.628,77.3649,653,27,Cloudy,0,No,No,84,Medium
2026-05-24 23:50,Akshardham Route,28.6127,77.2773,109,48,Cloudy,0,Yes,Yes,26,Low
2026-05-25 00:00,Karol Bagh,28.6519,77.1909,503,22,Fog,0,Yes,No,86,High
2026-05-25 00:10,Lajpat Nagar,28.5677,77.243,418,31,Heavy Rain,18,No,No,85,Medium
2026-05-25 00:20,Vaishali Ghaziabad,28.646,77.339,299,36,Clear,0,Yes,No,90,Medium
2026-05-25 00:30,Lajpat Nagar,28.5677,77.243,622,14,Clear,0,Yes,No,69,Very High
2026-05-25 00:40,Connaught Place,28.6315,77.2167,511,36,Cloudy,0,No,No,25,Medium
2026-05-25 00:50,Akshardham Route,28.6127,77.2773,391,32,Heavy Rain,17,No,No,52,Medium
2026-05-25 01:00,Connaught Place,28.6315,77.2167,159,60,Fog,0,No,No,93,Low
2026-05-25 01:10,Cyber Hub Gurgaon,28.4959,77.0882,452,28,Rain,16,No,No,43,Medium
2026-05-25 01:20,Connaught Place,28.6315,77.2167,435,26,Clear,0,Yes,No,62,Medium
2026-05-25 01:30,Cyber Hub Gurgaon,28.4959,77.0882,567,21,Heavy Rain,10,No,Yes,60,High
2026-05-25 01:40,DND Flyway,28.5942,77.3053,75,53,Heavy Rain,5,No,No,85,Low
2026-05-25 01:50,Dwarka Sector 21,28.5511,77.0565,774,19,Fog,0,No,No,77,Very High
2026-05-25 02:00,Sector 62 Noida,28.628,77.3649,801,5,Heavy Rain,5,No,No,83,Very High
2026-05-25 02:10,DND Flyway,28.5942,77.3053,709,8,Fog,0,Yes,No,95,Very High
2026-05-25 02:20,Pari Chowk,28.4671,77.503,789,18,Cloudy,0,No,Yes,22,Very High
2026-05-25 02:30,Sector 62 Noida,28.628,77.3649,725,7,Clear,0,Yes,No,21,Very High
2026-05-25 02:40,Botanical Garden,28.5636,77.334,714,23,Cloudy,0,No,No,48,Very High
2026-05-25 02:50,Cyber Hub Gurgaon,28.4959,77.0882,176,32,Rain,14,Yes,No,24,Medium
2026-05-25 03:00,Sector 62 Noida,28.628,77.3649,460,40,Fog,0,No,No,94,Low
2026-05-25 03:10,Greater Noida West,28.59,77.43,759,5,Fog,0,Yes,No,92,Very High
2026-05-25 03:20,Sector 62 Noida,28.628,77.3649,890,11,Cloudy,0,No,Yes,38,Very High
2026-05-25 03:30,DND Flyway,28.5942,77.3053,742,5,Heavy Rain,12,Yes,No,80,Very High
2026-05-25 03:40,Pari Chowk,28.4671,77.503,639,16,Heavy Rain,20,No,Yes,99,High
2026-05-25 03:50,Botanical Garden,28.5636,77.334,504,25,Rain,17,No,No,74,Medium
2026-05-25 04:00,India Gate,28.6129,77.2295,141,61,Cloudy,0,No,Yes,77,Low
2026-05-25 04:10,IGI Airport T3,28.5562,77.1,664,11,Cloudy,0,Yes,No,75,Very High
2026-05-25 04:20,India Gate,28.6129,77.2295,720,7,Clear,0,Yes,No,82,Very High
2026-05-25 04:30,Sector 18 Noida,28.5706,77.324,71,54,Rain,3,No,No,83,Low
2026-05-25 04:40,Botanical Garden,28.5636,77.334,301,23,Rain,17,Yes,No,54,High
2026-05-25 04:50,Pari Chowk,28.4671,77.503,376,33,Heavy Rain,1,No,No,70,Medium
2026-05-25 05:00,Dwarka Sector 21,28.5511,77.0565,250,54,Clear,0,No,No,82,Low
2026-05-25 05:10,Sector 18 Noida,28.5706,77.324,166,32,Heavy Rain,14,Yes,No,16,Medium
2026-05-25 05:20,Dwarka Sector 21,28.5511,77.0565,712,11,Heavy Rain,5,No,No,92,Very High
2026-05-25 05:30,Botanical Garden,28.5636,77.334,655,15,Heavy Rain,14,No,Yes,93,High
2026-05-25 05:40,Sector 62 Noida,28.628,77.3649,74,66,Cloudy,0,No,Yes,71,Low
2026-05-25 05:50,MG Road Gurgaon,28.4794,77.0806,71,66,Fog,0,No,Yes,100,Low
2026-05-25 06:00,IGI Airport T3,28.5562,77.1,659,27,Fog,0,No,No,81,Medium
2026-05-25 06:10,Lajpat Nagar,28.5677,77.243,352,47,Fog,0,No,Yes,34,Low
2026-05-25 06:20,Vaishali Ghaziabad,28.646,77.339,617,17,Rain,6,No,No,62,High
2026-05-25 06:30,Sector 18 Noida,28.5706,77.324,296,51,Cloudy,0,No,No,68,Low
2026-05-25 06:40,Dwarka Sector 21,28.5511,77.0565,845,5,Heavy Rain,20,No,No,69,Very High
2026-05-25 06:50,Cyber Hub Gurgaon,28.4959,77.0882,321,37,Heavy Rain,8,No,Yes,82,Medium
2026-05-25 07:00,Karol Bagh,28.6519,77.1909,194,43,Fog,0,Yes,No,98,Low
2026-05-25 07:10,Botanical Garden,28.5636,77.334,544,22,Rain,2,No,Yes,32,High
2026-05-25 07:20,IGI Airport T3,28.5562,77.1,455,28,Rain,2,No,No,97,Medium
2026-05-25 07:30,Karol Bagh,28.6519,77.1909,813,16,Cloudy,0,No,No,45,Very High
2026-05-25 07:40,Botanical Garden,28.5636,77.334,793,18,Fog,0,No,No,96,Very High
2026-05-25 07:50,Karol Bagh,28.6519,77.1909,627,29,Clear,0,No,No,29,Medium
2026-05-25 08:00,Lajpat Nagar,28.5677,77.243,581,32,Clear,0,No,No,61,Medium
2026-05-25 08:10,Akshardham Route,28.6127,77.2773,581,32,Fog,0,No,No,38,Medium
2026-05-25 08:20,Karol Bagh,28.6519,77.1909,113,51,Rain,16,No,Yes,29,Low
2026-05-25 08:30,IGI Airport T3,28.5562,77.1,191,58,Cloudy,0,No,No,54,Low
2026-05-25 08:40,Vaishali Ghaziabad,28.646,77.339,410,43,Clear,0,No,No,44,Low
2026-05-25 08:50,India Gate,28.6129,77.2295,760,5,Fog,0,Yes,No,58,Very High
2026-05-25 09:00,Botanical Garden,28.5636,77.334,500,37,Cloudy,0,No,No,24,Medium
2026-05-25 09:10,Karol Bagh,28.6519,77.1909,297,36,Clear,0,Yes,No,21,Medium
2026-05-25 09:20,Greater Noida West,28.59,77.43,468,39,Fog,0,No,No,95,Medium
2026-05-25 09:30,Greater Noida West,28.59,77.43,166,47,Heavy Rain,12,No,Yes,79,Low
2026-05-25 09:40,India Gate,28.6129,77.2295,542,34,Fog,0,No,No,25,Medium
2026-05-25 09:50,DND Flyway,28.5942,77.3053,892,11,Cloudy,0,No,No,12,Very High
2026-05-25 10:00,Vaishali Ghaziabad,28.646,77.339,504,22,Clear,0,Yes,No,97,High
2026-05-25 10:10,Lajpat Nagar,28.5677,77.243,72,54,Rain,20,No,No,64,Low
2026-05-25 10:20,Sector 18 Noida,28.5706,77.324,837,15,Fog,0,No,No,39,Very High
2026-05-25 10:30,Cyber Hub Gurgaon,28.4959,77.0882,753,20,Fog,0,No,Yes,55,Very High
2026-05-25 10:40,Lajpat Nagar,28.5677,77.243,819,5,Rain,11,Yes,No,93,Very High
2026-05-25 10:50,Sector 18 Noida,28.5706,77.324,211,56,Clear,0,No,Yes,40,Low
2026-05-25 11:00,Botanical Garden,28.5636,77.334,570,20,Heavy Rain,11,No,No,65,High
2026-05-25 11:10,DND Flyway,28.5942,77.3053,553,34,Cloudy,0,No,Yes,20,Medium
2026-05-25 11:20,Connaught Place,28.6315,77.2167,322,49,Clear,0,No,No,83,Low
2026-05-25 11:30,Karol Bagh,28.6519,77.1909,519,24,Rain,9,No,Yes,18,High
2026-05-25 11:40,Pari Chowk,28.4671,77.503,244,54,Clear,0,No,No,16,Low
2026-05-25 11:50,Pari Chowk,28.4671,77.503,795,17,Cloudy,0,No,No,36,Very High
2026-05-25 12:00,Sector 62 Noida,28.628,77.3649,400,44,Fog,0,No,Yes,44,Low
2026-05-25 12:10,Sector 18 Noida,28.5706,77.324,135,61,Fog,0,No,No,63,Low
2026-05-25 12:20,Sector 62 Noida,28.628,77.3649,812,5,Rain,7,No,No,56,Very High
2026-05-25 12:30,Greater Noida West,28.59,77.43,218,56,Fog,0,No,No,40,Low
2026-05-25 12:40,Akshardham Route,28.6127,77.2773,204,57,Cloudy,0,No,No,99,Low
2026-05-25 12:50,Greater Noida West,28.59,77.43,594,31,Cloudy,0,No,Yes,72,Medium
2026-05-25 13:00,Sector 18 Noida,28.5706,77.324,190,46,Rain,13,No,No,34,Low
2026-05-25 13:10,DND Flyway,28.5942,77.3053,115,63,Cloudy,0,No,No,41,Low
2026-05-25 13:20,IGI Airport T3,28.5562,77.1,457,28,Rain,6,No,No,91,Medium
2026-05-25 13:30,Connaught Place,28.6315,77.2167,142,49,Rain,19,No,No,43,Low
2026-05-25 13:40,Dwarka Sector 21,28.5511,77.0565,186,43,Fog,0,Yes,No,55,Low
2026-05-25 13:50,Botanical Garden,28.5636,77.334,646,27,Clear,0,No,No,48,Medium
2026-05-25 14:00,Greater Noida West,28.59,77.43,67,66,Clear,0,No,No,46,Low
2026-05-25 14:10,DND Flyway,28.5942,77.3053,414,43,Fog,0,No,Yes,68,Low
2026-05-25 14:20,Vaishali Ghaziabad,28.646,77.339,145,61,Clear,0,No,Yes,12,Low
2026-05-25 14:30,Greater Noida West,28.59,77.43,241,39,Cloudy,0,Yes,No,71,Medium
2026-05-25 14:40,DND Flyway,28.5942,77.3053,707,23,Cloudy,0,No,Yes,97,Very High
2026-05-25 14:50,Botanical Garden,28.5636,77.334,539,23,Rain,9,No,No,26,High
2026-05-25 15:00,Karol Bagh,28.6519,77.1909,589,16,Fog,0,Yes,No,79,High
2026-05-25 15:10,Cyber Hub Gurgaon,28.4959,77.0882,137,61,Fog,0,No,No,48,Low
2026-05-25 15:20,Greater Noida West,28.59,77.43,313,50,Fog,0,No,No,70,Low
2026-05-25 15:30,Karol Bagh,28.6519,77.1909,450,28,Heavy Rain,10,No,No,89,Medium
2026-05-25 15:40,Sector 18 Noida,28.5706,77.324,476,39,Clear,0,No,Yes,81,Medium
2026-05-25 15:50,Greater Noida West,28.59,77.43,290,51,Clear,0,No,No,100,Low
2026-05-25 16:00,Karol Bagh,28.6519,77.1909,533,35,Clear,0,No,No,13,Medium
2026-05-25 16:10,Connaught Place,28.6315,77.2167,314,35,Clear,0,Yes,Yes,64,Medium
2026-05-25 16:20,Cyber Hub Gurgaon,28.4959,77.0882,192,46,Rain,1,No,No,31,Low
2026-05-25 16:30,DND Flyway,28.5942,77.3053,384,33,Rain,18,No,No,40,Medium
2026-05-25 16:40,Greater Noida West,28.59,77.43,267,53,Fog,0,No,No,95,Low
2026-05-25 16:50,IGI Airport T3,28.5562,77.1,834,5,Rain,12,Yes,No,18,Very High
2026-05-25 17:00,Botanical Garden,28.5636,77.334,779,19,Fog,0,No,Yes,26,Very High
2026-05-25 17:10,Dwarka Sector 21,28.5511,77.0565,506,37,Fog,0,No,No,80,Medium
2026-05-25 17:20,Akshardham Route,28.6127,77.2773,851,5,Heavy Rain,17,No,No,95,Very High
2026-05-25 17:30,Lajpat Nagar,28.5677,77.243,494,38,Cloudy,0,No,No,65,Medium
2026-05-25 17:40,Cyber Hub Gurgaon,28.4959,77.0882,241,42,Rain,19,No,Yes,59,Low
2026-05-25 17:50,IGI Airport T3,28.5562,77.1,255,53,Cloudy,0,No,No,55,Low
2026-05-25 18:00,Lajpat Nagar,28.5677,77.243,645,5,Heavy Rain,4,Yes,No,65,Very High
2026-05-25 18:10,India Gate,28.6129,77.2295,434,15,Heavy Rain,20,Yes,No,54,High
2026-05-25 18:20,Lajpat Nagar,28.5677,77.243,240,42,Rain,13,No,Yes,99,Low
2026-05-25 18:30,Lajpat Nagar,28.5677,77.243,886,5,Cloudy,0,Yes,No,22,Very High
2026-05-25 18:40,Lajpat Nagar,28.5677,77.243,365,46,Cloudy,0,No,Yes,13,Low
2026-05-25 18:50,DND Flyway,28.5942,77.3053,219,56,Fog,0,No,No,60,Low
2026-05-25 19:00,DND Flyway,28.5942,77.3053,565,21,Heavy Rain,10,No,No,60,High
2026-05-25 19:10,DND Flyway,28.5942,77.3053,741,9,Heavy Rain,2,No,Yes,39,Very High
2026-05-25 19:20,Cyber Hub Gurgaon,28.4959,77.0882,835,15,Clear,0,No,No,23,Very High
2026-05-25 19:30,Pari Chowk,28.4671,77.503,568,21,Rain,19,No,No,79,High
2026-05-25 19:40,India Gate,28.6129,77.2295,114,63,Clear,0,No,No,13,Low
2026-05-25 19:50,Vaishali Ghaziabad,28.646,77.339,83,38,Rain,9,Yes,No,40,Medium
2026-05-25 20:00,MG Road Gurgaon,28.4794,77.0806,476,39,Clear,0,No,No,61,Medium
2026-05-25 20:10,MG Road Gurgaon,28.4794,77.0806,128,62,Fog,0,No,No,88,Low
2026-05-25 20:20,Akshardham Route,28.6127,77.2773,367,46,Cloudy,0,No,No,93,Low
2026-05-25 20:30,Dwarka Sector 21,28.5511,77.0565,506,37,Fog,0,No,Yes,48,Medium
2026-05-25 20:40,Sector 18 Noida,28.5706,77.324,717,11,Heavy Rain,19,No,No,61,Very High
2026-05-25 20:50,Akshardham Route,28.6127,77.2773,130,62,Cloudy,0,No,No,23,Low
2026-05-25 21:00,Greater Noida West,28.59,77.43,145,49,Heavy Rain,1,No,No,46,Low
2026-05-25 21:10,Karol Bagh,28.6519,77.1909,383,45,Cloudy,0,No,Yes,97,Low
2026-05-25 21:20,Greater Noida West,28.59,77.43,814,5,Rain,6,No,No,40,Very High
2026-05-25 21:30,Sector 62 Noida,28.628,77.3649,280,52,Clear,0,No,No,34,Low
2026-05-25 21:40,India Gate,28.6129,77.2295,885,5,Rain,6,No,No,20,Very High
2026-05-25 21:50,Akshardham Route,28.6127,77.2773,260,26,Heavy Rain,2,Yes,No,68,Medium
2026-05-25 22:00,Cyber Hub Gurgaon,28.4959,77.0882,876,5,Clear,0,Yes,No,23,Very High
2026-05-25 22:10,Karol Bagh,28.6519,77.1909,443,29,Rain,15,No,No,26,Medium
2026-05-25 22:20,Lajpat Nagar,28.5677,77.243,319,37,Rain,7,No,No,31,Medium
2026-05-25 22:30,Sector 18 Noida,28.5706,77.324,874,5,Heavy Rain,17,No,No,17,Very High
2026-05-25 22:40,Pari Chowk,28.4671,77.503,537,35,Fog,0,No,No,35,Medium
2026-05-25 22:50,Akshardham Route,28.6127,77.2773,551,34,Fog,0,No,No,56,Medium
2026-05-25 23:00,Vaishali Ghaziabad,28.646,77.339,360,46,Fog,0,No,No,35,Low
2026-05-25 23:10,Sector 62 Noida,28.628,77.3649,439,41,Fog,0,No,Yes,93,Low
2026-05-25 23:20,Sector 18 Noida,28.5706,77.324,522,36,Clear,0,No,No,71,Medium
2026-05-25 23:30,Botanical Garden,28.5636,77.334,306,38,Heavy Rain,8,No,No,40,Medium
2026-05-25 23:40,Connaught Place,28.6315,77.2167,773,19,Fog,0,No,No,13,Very High
2026-05-25 23:50,Sector 62 Noida,28.628,77.3649,813,16,Fog,0,No,No,83,Very High
2026-05-26 00:00,Cyber Hub Gurgaon,28.4959,77.0882,124,50,Heavy Rain,6,No,No,46,Low
2026-05-26 00:10,MG Road Gurgaon,28.4794,77.0806,496,25,Rain,16,No,Yes,88,Medium
2026-05-26 00:20,Cyber Hub Gurgaon,28.4959,77.0882,425,15,Rain,8,Yes,Yes,93,High
2026-05-26 00:30,DND Flyway,28.5942,77.3053,561,33,Cloudy,0,No,No,75,Medium
2026-05-26 00:40,Greater Noida West,28.59,77.43,704,12,Heavy Rain,20,No,No,62,Very High
2026-05-26 00:50,MG Road Gurgaon,28.4794,77.0806,497,22,Fog,0,Yes,No,63,High
2026-05-26 01:00,Karol Bagh,28.6519,77.1909,450,40,Cloudy,0,No,No,40,Low
2026-05-26 01:10,Cyber Hub Gurgaon,28.4959,77.0882,258,41,Rain,4,No,No,17,Low
2026-05-26 01:20,India Gate,28.6129,77.2295,178,59,Cloudy,0,No,No,97,Low
2026-05-26 01:30,Dwarka Sector 21,28.5511,77.0565,815,16,Fog,0,No,No,69,Very High
2026-05-26 01:40,Akshardham Route,28.6127,77.2773,465,24,Clear,0,Yes,No,36,High
2026-05-26 01:50,India Gate,28.6129,77.2295,155,48,Rain,4,No,No,48,Low
2026-05-26 02:00,DND Flyway,28.5942,77.3053,344,48,Fog,0,No,No,67,Low
2026-05-26 02:10,Pari Chowk,28.4671,77.503,321,49,Clear,0,No,No,73,Low
2026-05-26 02:20,Lajpat Nagar,28.5677,77.243,156,60,Clear,0,No,Yes,24,Low
2026-05-26 02:30,Vaishali Ghaziabad,28.646,77.339,504,25,Rain,8,No,No,87,Medium
2026-05-26 02:40,Dwarka Sector 21,28.5511,77.0565,771,19,Cloudy,0,No,No,48,Very High
2026-05-26 02:50,India Gate,28.6129,77.2295,395,32,Heavy Rain,9,No,No,78,Medium
2026-05-26 03:00,Pari Chowk,28.4671,77.503,254,39,Cloudy,0,Yes,No,93,Medium
2026-05-26 03:10,Dwarka Sector 21,28.5511,77.0565,645,15,Heavy Rain,10,No,No,37,High
2026-05-26 03:20,Karol Bagh,28.6519,77.1909,775,19,Clear,0,No,No,63,Very High
2026-05-26 03:30,Connaught Place,28.6315,77.2167,595,31,Fog,0,No,No,40,Medium
2026-05-26 03:40,Sector 18 Noida,28.5706,77.324,163,45,Clear,0,Yes,Yes,81,Low
2026-05-26 03:50,Dwarka Sector 21,28.5511,77.0565,649,5,Heavy Rain,16,Yes,Yes,29,Very High
2026-05-26 04:00,Karol Bagh,28.6519,77.1909,829,15,Clear,0,No,No,46,Very High
2026-05-26 04:10,Vaishali Ghaziabad,28.646,77.339,148,49,Rain,10,No,No,39,Low
2026-05-26 04:20,Botanical Garden,28.5636,77.334,267,53,Cloudy,0,No,Yes,10,Low
2026-05-26 04:30,Connaught Place,28.6315,77.2167,436,41,Clear,0,No,No,100,Low
2026-05-26 04:40,Botanical Garden,28.5636,77.334,799,5,Heavy Rain,16,No,No,13,Very High
2026-05-26 04:50,Botanical Garden,28.5636,77.334,186,43,Clear,0,Yes,No,45,Low
2026-05-26 05:00,Karol Bagh,28.6519,77.1909,501,37,Fog,0,No,No,34,Medium
2026-05-26 05:10,India Gate,28.6129,77.2295,575,20,Heavy Rain,15,No,Yes,93,High
2026-05-26 05:20,IGI Airport T3,28.5562,77.1,291,39,Rain,9,No,Yes,56,Medium
2026-05-26 05:30,Sector 62 Noida,28.628,77.3649,474,12,Heavy Rain,11,Yes,No,68,Very High
2026-05-26 05:40,DND Flyway,28.5942,77.3053,320,37,Heavy Rain,16,No,No,74,Medium
2026-05-26 05:50,Sector 18 Noida,28.5706,77.324,336,48,Cloudy,0,No,No,84,Low
2026-05-26 06:00,Botanical Garden,28.5636,77.334,691,5,Heavy Rain,14,Yes,No,39,Very High
2026-05-26 06:10,Akshardham Route,28.6127,77.2773,310,23,Heavy Rain,14,Yes,No,45,High
2026-05-26 06:20,MG Road Gurgaon,28.4794,77.0806,836,5,Rain,12,Yes,Yes,69,Very High
2026-05-26 06:30,Karol Bagh,28.6519,77.1909,640,28,Clear,0,No,No,66,Medium
2026-05-26 06:40,Lajpat Nagar,28.5677,77.243,289,39,Heavy Rain,15,No,No,49,Medium
2026-05-26 06:50,Connaught Place,28.6315,77.2167,254,42,Rain,20,No,No,50,Low
2026-05-26 07:00,Greater Noida West,28.59,77.43,598,31,Clear,0,No,No,22,Medium
2026-05-26 07:10,Karol Bagh,28.6519,77.1909,55,52,Cloudy,0,Yes,No,15,Low
2026-05-26 07:20,DND Flyway,28.5942,77.3053,377,33,Rain,16,No,No,61,Medium
2026-05-26 07:30,DND Flyway,28.5942,77.3053,684,5,Heavy Rain,7,Yes,No,86,Very High
2026-05-26 07:40,Greater Noida West,28.59,77.43,265,41,Rain,19,No,No,89,Low
2026-05-26 07:50,Lajpat Nagar,28.5677,77.243,278,37,Cloudy,0,Yes,Yes,72,Medium
2026-05-26 08:00,Pari Chowk,28.4671,77.503,826,5,Rain,4,No,No,98,Very High
2026-05-26 08:10,Sector 18 Noida,28.5706,77.324,781,18,Cloudy,0,No,No,88,Very High
2026-05-26 08:20,Pari Chowk,28.4671,77.503,618,17,Heavy Rain,6,No,No,87,High
2026-05-26 08:30,Cyber Hub Gurgaon,28.4959,77.0882,474,24,Clear,0,Yes,No,12,High
2026-05-26 08:40,IGI Airport T3,28.5562,77.1,450,40,Clear,0,No,No,15,Low
2026-05-26 08:50,India Gate,28.6129,77.2295,754,8,Rain,3,No,No,18,Very High
2026-05-26 09:00,Akshardham Route,28.6127,77.2773,495,37,Cloudy,0,No,Yes,44,Medium
2026-05-26 09:10,MG Road Gurgaon,28.4794,77.0806,486,26,Rain,1,No,No,13,Medium
2026-05-26 09:20,Dwarka Sector 21,28.5511,77.0565,676,25,Clear,0,No,Yes,47,Medium
2026-05-26 09:30,Vaishali Ghaziabad,28.646,77.339,881,12,Clear,0,No,No,31,Very High
2026-05-26 09:40,Dwarka Sector 21,28.5511,77.0565,487,26,Heavy Rain,19,No,No,90,Medium
2026-05-26 09:50,Karol Bagh,28.6519,77.1909,167,47,Rain,4,No,No,22,Low
2026-05-26 10:00,Pari Chowk,28.4671,77.503,505,37,Cloudy,0,No,No,43,Medium
2026-05-26 10:10,Sector 62 Noida,28.628,77.3649,576,20,Rain,4,No,No,27,High
2026-05-26 10:20,Sector 62 Noida,28.628,77.3649,543,19,Cloudy,0,Yes,Yes,57,High
2026-05-26 10:30,Karol Bagh,28.6519,77.1909,514,24,Heavy Rain,2,No,No,49,High
2026-05-26 10:40,Karol Bagh,28.6519,77.1909,470,27,Rain,20,No,Yes,93,Medium
2026-05-26 10:50,Vaishali Ghaziabad,28.646,77.339,659,27,Fog,0,No,No,29,Medium
2026-05-26 11:00,India Gate,28.6129,77.2295,741,6,Cloudy,0,Yes,No,13,Very High
2026-05-26 11:10,Sector 18 Noida,28.5706,77.324,470,39,Cloudy,0,No,No,13,Medium
2026-05-26 11:20,Sector 62 Noida,28.628,77.3649,101,52,Heavy Rain,20,No,No,69,Low
2026-05-26 11:30,IGI Airport T3,28.5562,77.1,288,39,Heavy Rain,13,No,No,19,Medium
2026-05-26 11:40,MG Road Gurgaon,28.4794,77.0806,543,34,Cloudy,0,No,No,67,Medium
2026-05-26 11:50,Karol Bagh,28.6519,77.1909,540,34,Cloudy,0,No,No,63,Medium
2026-05-26 12:00,Connaught Place,28.6315,77.2167,452,28,Heavy Rain,2,No,No,51,Medium
2026-05-26 12:10,Greater Noida West,28.59,77.43,163,48,Heavy Rain,17,No,Yes,19,Low
2026-05-26 12:20,Karol Bagh,28.6519,77.1909,460,28,Heavy Rain,19,No,No,31,Medium
2026-05-26 12:30,IGI Airport T3,28.5562,77.1,614,30,Cloudy,0,No,No,29,Medium
2026-05-26 12:40,Sector 62 Noida,28.628,77.3649,779,7,Rain,14,No,No,62,Very High
2026-05-26 12:50,DND Flyway,28.5942,77.3053,535,35,Clear,0,No,No,64,Medium
2026-05-26 13:00,Cyber Hub Gurgaon,28.4959,77.0882,788,6,Rain,11,No,Yes,75,Very High
2026-05-26 13:10,India Gate,28.6129,77.2295,382,33,Rain,20,No,No,81,Medium
2026-05-26 13:20,Greater Noida West,28.59,77.43,246,54,Clear,0,No,Yes,28,Low
2026-05-26 13:30,Greater Noida West,28.59,77.43,261,38,Clear,0,Yes,No,16,Medium
2026-05-26 13:40,Dwarka Sector 21,28.5511,77.0565,127,50,Heavy Rain,3,No,No,74,Low
2026-05-26 13:50,Pari Chowk,28.4671,77.503,592,31,Fog,0,No,No,70,Medium
2026-05-26 14:00,Akshardham Route,28.6127,77.2773,652,27,Fog,0,No,No,90,Medium
2026-05-26 14:10,Vaishali Ghaziabad,28.646,77.339,262,41,Heavy Rain,18,No,No,82,Low
2026-05-26 14:20,Akshardham Route,28.6127,77.2773,761,20,Clear,0,No,No,20,Very High
2026-05-26 14:30,Pari Chowk,28.4671,77.503,519,36,Cloudy,0,No,No,48,Medium
2026-05-26 14:40,Vaishali Ghaziabad,28.646,77.339,530,35,Cloudy,0,No,No,30,Medium
2026-05-26 14:50,Akshardham Route,28.6127,77.2773,280,25,Heavy Rain,2,Yes,Yes,83,Medium
2026-05-26 15:00,Akshardham Route,28.6127,77.2773,382,33,Heavy Rain,9,No,Yes,38,Medium
2026-05-26 15:10,Connaught Place,28.6315,77.2167,261,41,Heavy Rain,20,No,No,37,Low
2026-05-26 15:20,Lajpat Nagar,28.5677,77.243,120,62,Clear,0,No,Yes,98,Low
2026-05-26 15:30,Greater Noida West,28.59,77.43,856,13,Fog,0,No,No,13,Very High
2026-05-26 15:40,Sector 62 Noida,28.628,77.3649,805,5,Clear,0,Yes,No,86,Very High
2026-05-26 15:50,Sector 62 Noida,28.628,77.3649,268,38,Fog,0,Yes,No,97,Medium
2026-05-26 16:00,Dwarka Sector 21,28.5511,77.0565,170,59,Clear,0,No,No,68,Low
2026-05-26 16:10,DND Flyway,28.5942,77.3053,508,25,Heavy Rain,14,No,No,23,Medium
2026-05-26 16:20,IGI Airport T3,28.5562,77.1,509,37,Cloudy,0,No,No,43,Medium
2026-05-26 16:30,DND Flyway,28.5942,77.3053,121,47,Fog,0,Yes,No,83,Low
2026-05-26 16:40,Sector 18 Noida,28.5706,77.324,233,43,Heavy Rain,5,No,No,36,Low
2026-05-26 16:50,Karol Bagh,28.6519,77.1909,227,55,Cloudy,0,No,No,30,Low
2026-05-26 17:00,Lajpat Nagar,28.5677,77.243,186,46,Rain,7,No,Yes,71,Low
2026-05-26 17:10,Lajpat Nagar,28.5677,77.243,223,56,Fog,0,No,No,69,Low
2026-05-26 17:20,DND Flyway,28.5942,77.3053,170,59,Clear,0,No,Yes,20,Low
2026-05-26 17:30,Karol Bagh,28.6519,77.1909,84,65,Fog,0,No,No,41,Low
2026-05-26 17:40,Akshardham Route,28.6127,77.2773,803,17,Cloudy,0,No,Yes,27,Very High
2026-05-26 17:50,Karol Bagh,28.6519,77.1909,600,30,Fog,0,No,No,46,Medium
2026-05-26 18:00,Karol Bagh,28.6519,77.1909,64,54,Rain,13,No,No,69,Low
2026-05-26 18:10,Greater Noida West,28.59,77.43,674,26,Clear,0,No,No,10,Medium
2026-05-26 18:20,Botanical Garden,28.5636,77.334,795,5,Rain,15,No,No,92,Very High
2026-05-26 18:30,Connaught Place,28.6315,77.2167,792,6,Rain,4,No,No,54,Very High
2026-05-26 18:40,Vaishali Ghaziabad,28.646,77.339,319,37,Heavy Rain,16,No,No,28,Medium
2026-05-26 18:50,India Gate,28.6129,77.2295,577,5,Heavy Rain,16,Yes,Yes,25,Very High
2026-05-26 19:00,Vaishali Ghaziabad,28.646,77.339,152,33,Rain,13,Yes,No,90,Medium
2026-05-26 19:10,Cyber Hub Gurgaon,28.4959,77.0882,760,20,Fog,0,No,No,91,Very High
2026-05-26 19:20,MG Road Gurgaon,28.4794,77.0806,774,19,Fog,0,No,No,39,Very High
2026-05-26 19:30,Dwarka Sector 21,28.5511,77.0565,763,20,Clear,0,No,No,25,Very High
2026-05-26 19:40,Karol Bagh,28.6519,77.1909,451,28,Rain,14,No,No,10,Medium
2026-05-26 19:50,Pari Chowk,28.4671,77.503,529,35,Fog,0,No,Yes,19,Medium
2026-05-26 20:00,Connaught Place,28.6315,77.2167,596,19,Rain,3,No,No,23,High
2026-05-26 20:10,DND Flyway,28.5942,77.3053,357,20,Rain,16,Yes,No,28,High
2026-05-26 20:20,Karol Bagh,28.6519,77.1909,232,55,Clear,0,No,No,95,Low
2026-05-26 20:30,Pari Chowk,28.4671,77.503,609,5,Rain,9,Yes,Yes,90,Very High
2026-05-26 20:40,Cyber Hub Gurgaon,28.4959,77.0882,162,60,Clear,0,No,No,91,Low
2026-05-26 20:50,Karol Bagh,28.6519,77.1909,224,56,Clear,0,No,No,85,Low
2026-05-26 21:00,IGI Airport T3,28.5562,77.1,245,54,Cloudy,0,No,No,31,Low
2026-05-26 21:10,Vaishali Ghaziabad,28.646,77.339,295,51,Clear,0,No,No,84,Low
2026-05-26 21:20,Akshardham Route,28.6127,77.2773,224,44,Heavy Rain,13,No,No,42,Low
2026-05-26 21:30,Connaught Place,28.6315,77.2167,667,14,Heavy Rain,11,No,Yes,14,Very High
2026-05-26 21:40,Vaishali Ghaziabad,28.646,77.339,71,54,Rain,9,No,No,54,Low
2026-05-26 21:50,Sector 18 Noida,28.5706,77.324,418,31,Rain,8,No,No,83,Medium
2026-05-26 22:00,Pari Chowk,28.4671,77.503,486,11,Rain,9,Yes,Yes,16,Very High
2026-05-26 22:10,Connaught Place,28.6315,77.2167,478,39,Clear,0,No,No,15,Medium
2026-05-26 22:20,Connaught Place,28.6315,77.2167,462,28,Heavy Rain,5,No,No,90,Medium
2026-05-26 22:30,Greater Noida West,28.59,77.43,294,36,Cloudy,0,Yes,Yes,99,Medium
2026-05-26 22:40,Dwarka Sector 21,28.5511,77.0565,388,33,Rain,1,No,Yes,91,Medium
2026-05-26 22:50,DND Flyway,28.5942,77.3053,71,66,Fog,0,No,No,51,Low
2026-05-26 23:00,DND Flyway,28.5942,77.3053,795,17,Fog,0,No,No,23,Very High
2026-05-26 23:10,India Gate,28.6129,77.2295,644,13,Cloudy,0,Yes,No,53,Very High
2026-05-26 23:20,Botanical Garden,28.5636,77.334,99,64,Cloudy,0,No,Yes,71,Low
2026-05-26 23:30,Akshardham Route,28.6127,77.2773,101,64,Fog,0,No,No,28,Low
2026-05-26 23:40,Pari Chowk,28.4671,77.503,295,51,Clear,0,No,No,86,Low
2026-05-26 23:50,DND Flyway,28.5942,77.3053,790,5,Fog,0,Yes,No,21,Very High
2026-05-27 00:00,Karol Bagh,28.6519,77.1909,807,5,Heavy Rain,7,No,No,50,Very High
2026-05-27 00:10,DND Flyway,28.5942,77.3053,655,12,Clear,0,Yes,No,70,Very High
2026-05-27 00:20,Greater Noida West,28.59,77.43,212,44,Rain,15,No,No,56,Low
2026-05-27 00:30,Sector 62 Noida,28.628,77.3649,731,7,Fog,0,Yes,No,85,Very High
2026-05-27 00:40,MG Road Gurgaon,28.4794,77.0806,223,44,Rain,4,No,No,19,Low
2026-05-27 00:50,Botanical Garden,28.5636,77.334,863,5,Rain,15,No,Yes,91,Very High
2026-05-27 01:00,Connaught Place,28.6315,77.2167,612,15,Fog,0,Yes,No,33,High
2026-05-27 01:10,Vaishali Ghaziabad,28.646,77.339,705,23,Fog,0,No,No,89,Very High
2026-05-27 01:20,Karol Bagh,28.6519,77.1909,824,5,Cloudy,0,Yes,Yes,88,Very High
2026-05-27 01:30,Karol Bagh,28.6519,77.1909,608,15,Fog,0,Yes,No,71,High
2026-05-27 01:40,Pari Chowk,28.4671,77.503,467,39,Clear,0,No,No,67,Medium
2026-05-27 01:50,Vaishali Ghaziabad,28.646,77.339,390,44,Cloudy,0,No,No,25,Low
2026-05-27 02:00,IGI Airport T3,28.5562,77.1,883,12,Clear,0,No,Yes,49,Very High
2026-05-27 02:10,Akshardham Route,28.6127,77.2773,760,8,Rain,10,No,No,93,Very High
2026-05-27 02:20,Sector 18 Noida,28.5706,77.324,384,33,Rain,10,No,Yes,63,Medium
2026-05-27 02:30,Dwarka Sector 21,28.5511,77.0565,770,7,Heavy Rain,10,No,No,60,Very High
2026-05-27 02:40,Connaught Place,28.6315,77.2167,444,29,Rain,18,No,No,97,Medium
2026-05-27 02:50,Sector 18 Noida,28.5706,77.324,560,21,Heavy Rain,5,No,No,80,High
2026-05-27 03:00,Akshardham Route,28.6127,77.2773,683,13,Heavy Rain,12,No,No,84,Very High
2026-05-27 03:10,Akshardham Route,28.6127,77.2773,501,25,Rain,5,No,No,39,Medium
2026-05-27 03:20,Sector 62 Noida,28.628,77.3649,57,52,Cloudy,0,Yes,No,83,Low
2026-05-27 03:30,IGI Airport T3,28.5562,77.1,742,21,Clear,0,No,No,75,Very High
2026-05-27 03:40,Lajpat Nagar,28.5677,77.243,571,20,Rain,9,No,No,28,High
2026-05-27 03:50,Akshardham Route,28.6127,77.2773,116,51,Rain,8,No,Yes,47,Low
2026-05-27 04:00,Botanical Garden,28.5636,77.334,630,28,Cloudy,0,No,No,59,Medium
2026-05-27 04:10,Akshardham Route,28.6127,77.2773,562,18,Cloudy,0,Yes,No,88,High
2026-05-27 04:20,India Gate,28.6129,77.2295,67,54,Rain,13,No,No,89,Low
2026-05-27 04:30,India Gate,28.6129,77.2295,792,5,Fog,0,Yes,No,41,Very High
2026-05-27 04:40,Pari Chowk,28.4671,77.503,696,12,Heavy Rain,14,No,Yes,38,Very High
2026-05-27 04:50,Pari Chowk,28.4671,77.503,718,8,Clear,0,Yes,Yes,19,Very High
2026-05-27 05:00,Greater Noida West,28.59,77.43,177,47,Heavy Rain,11,No,No,50,Low
2026-05-27 05:10,Dwarka Sector 21,28.5511,77.0565,251,54,Clear,0,No,No,24,Low
2026-05-27 05:20,Dwarka Sector 21,28.5511,77.0565,692,9,Clear,0,Yes,No,51,Very High
2026-05-27 05:30,IGI Airport T3,28.5562,77.1,477,39,Fog,0,No,No,50,Medium
2026-05-27 05:40,Sector 62 Noida,28.628,77.3649,525,35,Fog,0,No,Yes,39,Medium
2026-05-27 05:50,India Gate,28.6129,77.2295,639,28,Cloudy,0,No,Yes,87,Medium
2026-05-27 06:00,Greater Noida West,28.59,77.43,94,52,Heavy Rain,10,No,No,79,Low
2026-05-27 06:10,Karol Bagh,28.6519,77.1909,261,53,Clear,0,No,No,17,Low
2026-05-27 06:20,Sector 18 Noida,28.5706,77.324,461,40,Clear,0,No,Yes,16,Low
2026-05-27 06:30,Botanical Garden,28.5636,77.334,169,47,Heavy Rain,9,No,No,27,Low
2026-05-27 06:40,DND Flyway,28.5942,77.3053,812,16,Cloudy,0,No,No,94,Very High
2026-05-27 06:50,Cyber Hub Gurgaon,28.4959,77.0882,454,28,Rain,14,No,No,85,Medium
2026-05-27 07:00,Karol Bagh,28.6519,77.1909,856,5,Rain,15,No,Yes,44,Very High
2026-05-27 07:10,Sector 18 Noida,28.5706,77.324,759,20,Cloudy,0,No,No,30,Very High
2026-05-27 07:20,Greater Noida West,28.59,77.43,449,29,Heavy Rain,6,No,No,80,Medium
2026-05-27 07:30,Greater Noida West,28.59,77.43,243,54,Fog,0,No,No,73,Low
2026-05-27 07:40,DND Flyway,28.5942,77.3053,207,30,Rain,2,Yes,Yes,60,Medium
2026-05-27 07:50,Cyber Hub Gurgaon,28.4959,77.0882,83,53,Rain,10,No,Yes,16,Low
2026-05-27 08:00,Connaught Place,28.6315,77.2167,248,54,Cloudy,0,No,Yes,47,Low
2026-05-27 08:10,India Gate,28.6129,77.2295,481,38,Clear,0,No,No,57,Medium
2026-05-27 08:20,Greater Noida West,28.59,77.43,57,67,Fog,0,No,No,32,Low
2026-05-27 08:30,IGI Airport T3,28.5562,77.1,386,33,Heavy Rain,5,No,No,20,Medium
2026-05-27 08:40,IGI Airport T3,28.5562,77.1,899,5,Heavy Rain,16,No,Yes,74,Very High
2026-05-27 08:50,Sector 18 Noida,28.5706,77.324,471,27,Heavy Rain,8,No,No,14,Medium
2026-05-27 09:00,DND Flyway,28.5942,77.3053,539,23,Heavy Rain,4,No,No,28,High
2026-05-27 09:10,MG Road Gurgaon,28.4794,77.0806,313,35,Fog,0,Yes,No,27,Medium
2026-05-27 09:20,Karol Bagh,28.6519,77.1909,387,45,Fog,0,No,No,13,Low
2026-05-27 09:30,Dwarka Sector 21,28.5511,77.0565,886,11,Cloudy,0,No,No,11,Very High
2026-05-27 09:40,Akshardham Route,28.6127,77.2773,128,62,Fog,0,No,No,41,Low
2026-05-27 09:50,DND Flyway,28.5942,77.3053,53,67,Fog,0,No,Yes,37,Low
2026-05-27 10:00,Karol Bagh,28.6519,77.1909,601,18,Rain,1,No,Yes,61,High
2026-05-27 10:10,Karol Bagh,28.6519,77.1909,776,7,Rain,5,No,No,45,Very High
2026-05-27 10:20,Vaishali Ghaziabad,28.646,77.339,372,46,Fog,0,No,Yes,35,Low
2026-05-27 10:30,Sector 18 Noida,28.5706,77.324,328,22,Rain,14,Yes,No,59,High
2026-05-27 10:40,Vaishali Ghaziabad,28.646,77.339,558,33,Fog,0,No,Yes,98,Medium
2026-05-27 10:50,Sector 18 Noida,28.5706,77.324,92,49,Fog,0,Yes,No,74,Low
2026-05-27 11:00,IGI Airport T3,28.5562,77.1,680,10,Cloudy,0,Yes,No,92,Very High
2026-05-27 11:10,Akshardham Route,28.6127,77.2773,383,45,Clear,0,No,No,22,Low
2026-05-27 11:20,Connaught Place,28.6315,77.2167,529,23,Heavy Rain,20,No,No,80,High
2026-05-27 11:30,Sector 62 Noida,28.628,77.3649,885,5,Heavy Rain,5,No,Yes,47,Very High
2026-05-27 11:40,Karol Bagh,28.6519,77.1909,208,57,Clear,0,No,No,43,Low
2026-05-27 11:50,Greater Noida West,28.59,77.43,611,30,Cloudy,0,No,No,97,Medium
2026-05-27 12:00,IGI Airport T3,28.5562,77.1,666,26,Cloudy,0,No,No,67,Medium
2026-05-27 12:10,MG Road Gurgaon,28.4794,77.0806,713,23,Clear,0,No,No,46,Very High
2026-05-27 12:20,Connaught Place,28.6315,77.2167,219,44,Heavy Rain,16,No,No,42,Low
2026-05-27 12:30,Greater Noida West,28.59,77.43,367,34,Rain,11,No,No,72,Medium
2026-05-27 12:40,Sector 18 Noida,28.5706,77.324,252,39,Cloudy,0,Yes,No,41,Medium
2026-05-27 12:50,India Gate,28.6129,77.2295,375,45,Cloudy,0,No,No,81,Low
2026-05-27 13:00,Vaishali Ghaziabad,28.646,77.339,626,17,Heavy Rain,20,No,No,20,High
2026-05-27 13:10,MG Road Gurgaon,28.4794,77.0806,747,21,Clear,0,No,No,64,Very High
2026-05-27 13:20,Botanical Garden,28.5636,77.334,150,48,Heavy Rain,9,No,No,66,Low
2026-05-27 13:30,Cyber Hub Gurgaon,28.4959,77.0882,78,65,Fog,0,No,Yes,22,Low
2026-05-27 13:40,Cyber Hub Gurgaon,28.4959,77.0882,690,24,Cloudy,0,No,No,14,High
2026-05-27 13:50,Connaught Place,28.6315,77.2167,350,47,Cloudy,0,No,No,75,Low
2026-05-27 14:00,Sector 62 Noida,28.628,77.3649,411,43,Clear,0,No,Yes,59,Low
2026-05-27 14:10,MG Road Gurgaon,28.4794,77.0806,121,62,Cloudy,0,No,No,70,Low
2026-05-27 14:20,Sector 18 Noida,28.5706,77.324,412,43,Cloudy,0,No,No,42,Low
2026-05-27 14:30,Botanical Garden,28.5636,77.334,140,49,Heavy Rain,19,No,No,82,Low
2026-05-27 14:40,Sector 62 Noida,28.628,77.3649,706,23,Clear,0,No,Yes,82,Very High
2026-05-27 14:50,Sector 62 Noida,28.628,77.3649,668,14,Heavy Rain,12,No,No,11,Very High
2026-05-27 15:00,Greater Noida West,28.59,77.43,123,62,Fog,0,No,No,56,Low
2026-05-27 15:10,DND Flyway,28.5942,77.3053,433,15,Rain,18,Yes,No,80,High
2026-05-27 15:20,Lajpat Nagar,28.5677,77.243,782,5,Heavy Rain,6,Yes,No,87,Very High
2026-05-27 15:30,Pari Chowk,28.4671,77.503,251,54,Clear,0,No,No,24,Low
2026-05-27 15:40,India Gate,28.6129,77.2295,761,20,Clear,0,No,No,63,Very High
2026-05-27 15:50,Karol Bagh,28.6519,77.1909,469,27,Rain,6,No,Yes,28,Medium
2026-05-27 16:00,MG Road Gurgaon,28.4794,77.0806,515,36,Clear,0,No,No,25,Medium
2026-05-27 16:10,Lajpat Nagar,28.5677,77.243,673,26,Cloudy,0,No,Yes,97,Medium
2026-05-27 16:20,Dwarka Sector 21,28.5511,77.0565,596,5,Rain,19,Yes,Yes,43,Very High
2026-05-27 16:30,Akshardham Route,28.6127,77.2773,709,5,Heavy Rain,20,Yes,No,44,Very High
2026-05-27 16:40,Connaught Place,28.6315,77.2167,698,5,Rain,14,Yes,No,59,Very High
2026-05-27 16:50,Connaught Place,28.6315,77.2167,411,28,Clear,0,Yes,No,16,Medium
2026-05-27 17:00,Sector 18 Noida,28.5706,77.324,785,6,Rain,2,No,No,36,Very High
2026-05-27 17:10,IGI Airport T3,28.5562,77.1,534,23,Rain,2,No,Yes,12,High
2026-05-27 17:20,MG Road Gurgaon,28.4794,77.0806,138,46,Cloudy,0,Yes,No,82,Low
2026-05-27 17:30,Botanical Garden,28.5636,77.334,148,49,Rain,7,No,Yes,85,Low
2026-05-27 17:40,Cyber Hub Gurgaon,28.4959,77.0882,512,9,Rain,1,Yes,Yes,14,Very High
2026-05-27 17:50,Lajpat Nagar,28.5677,77.243,266,38,Cloudy,0,Yes,No,73,Medium
2026-05-27 18:00,IGI Airport T3,28.5562,77.1,670,14,Heavy Rain,16,No,No,69,Very High
2026-05-27 18:10,IGI Airport T3,28.5562,77.1,336,36,Heavy Rain,12,No,No,24,Medium
2026-05-27 18:20,Botanical Garden,28.5636,77.334,517,36,Cloudy,0,No,No,88,Medium
2026-05-27 18:30,DND Flyway,28.5942,77.3053,772,7,Heavy Rain,16,No,No,22,Very High
2026-05-27 18:40,DND Flyway,28.5942,77.3053,506,25,Heavy Rain,14,No,No,45,Medium
2026-05-27 18:50,Pari Chowk,28.4671,77.503,556,33,Clear,0,No,No,42,Medium
2026-05-27 19:00,Cyber Hub Gurgaon,28.4959,77.0882,74,66,Fog,0,No,No,19,Low
2026-05-27 19:10,IGI Airport T3,28.5562,77.1,406,43,Fog,0,No,No,58,Low
2026-05-27 19:20,MG Road Gurgaon,28.4794,77.0806,689,13,Rain,16,No,Yes,54,Very High
2026-05-27 19:30,India Gate,28.6129,77.2295,773,5,Rain,8,Yes,Yes,94,Very High
2026-05-27 19:40,Pari Chowk,28.4671,77.503,724,10,Rain,11,No,No,68,Very High
2026-05-27 19:50,Greater Noida West,28.59,77.43,708,23,Fog,0,No,No,98,Very High
2026-05-27 20:00,Vaishali Ghaziabad,28.646,77.339,238,55,Clear,0,No,No,74,Low
2026-05-27 20:10,Botanical Garden,28.5636,77.334,167,47,Heavy Rain,1,No,No,75,Low
2026-05-27 20:20,Sector 18 Noida,28.5706,77.324,343,48,Cloudy,0,No,No,95,Low
2026-05-27 20:30,Sector 18 Noida,28.5706,77.324,748,9,Rain,13,No,No,29,Very High
2026-05-27 20:40,MG Road Gurgaon,28.4794,77.0806,279,52,Cloudy,0,No,Yes,85,Low
2026-05-27 20:50,MG Road Gurgaon,28.4794,77.0806,677,13,Rain,6,No,Yes,47,Very High
2026-05-27 21:00,Pari Chowk,28.4671,77.503,623,17,Heavy Rain,3,No,No,87,High
2026-05-27 21:10,MG Road Gurgaon,28.4794,77.0806,558,33,Clear,0,No,No,23,Medium
2026-05-27 21:20,Akshardham Route,28.6127,77.2773,513,24,Heavy Rain,11,No,No,73,High
2026-05-27 21:30,Karol Bagh,28.6519,77.1909,667,26,Fog,0,No,Yes,11,Medium
2026-05-27 21:40,Karol Bagh,28.6519,77.1909,240,42,Rain,5,No,No,16,Low
2026-05-27 21:50,Akshardham Route,28.6127,77.2773,360,34,Rain,19,No,No,14,Medium
2026-05-27 22:00,MG Road Gurgaon,28.4794,77.0806,425,30,Rain,1,No,No,68,Medium
2026-05-27 22:10,DND Flyway,28.5942,77.3053,343,21,Rain,1,Yes,No,25,High
2026-05-27 22:20,IGI Airport T3,28.5562,77.1,103,64,Cloudy,0,No,No,20,Low
2026-05-27 22:30,Connaught Place,28.6315,77.2167,448,41,Clear,0,No,No,64,Low
2026-05-27 22:40,Dwarka Sector 21,28.5511,77.0565,877,12,Clear,0,No,No,53,Very High
2026-05-27 22:50,Sector 62 Noida,28.628,77.3649,488,26,Rain,9,No,No,71,Medium
2026-05-27 23:00,Karol Bagh,28.6519,77.1909,567,33,Cloudy,0,No,No,10,Medium
2026-05-27 23:10,Akshardham Route,28.6127,77.2773,209,57,Fog,0,No,No,61,Low
2026-05-27 23:20,Sector 62 Noida,28.628,77.3649,624,29,Clear,0,No,No,51,Medium
2026-05-27 23:30,Akshardham Route,28.6127,77.2773,387,45,Cloudy,0,No,No,89,Low
2026-05-27 23:40,Pari Chowk,28.4671,77.503,814,5,Heavy Rain,19,No,No,16,Very High
2026-05-27 23:50,Akshardham Route,28.6127,77.2773,706,23,Cloudy,0,No,Yes,97,Very High
2026-05-28 00:00,India Gate,28.6129,77.2295,513,21,Cloudy,0,Yes,Yes,78,High
2026-05-28 00:10,Akshardham Route,28.6127,77.2773,51,55,Rain,6,No,No,17,Low
2026-05-28 00:20,MG Road Gurgaon,28.4794,77.0806,693,12,Heavy Rain,1,No,No,14,Very High
2026-05-28 00:30,Akshardham Route,28.6127,77.2773,355,32,Clear,0,Yes,Yes,65,Medium
2026-05-28 00:40,Cyber Hub Gurgaon,28.4959,77.0882,144,49,Heavy Rain,4,No,No,80,Low
2026-05-28 00:50,Cyber Hub Gurgaon,28.4959,77.0882,747,5,Heavy Rain,4,Yes,Yes,11,Very High
2026-05-28 01:00,Greater Noida West,28.59,77.43,895,11,Clear,0,No,Yes,90,Very High
2026-05-28 01:10,MG Road Gurgaon,28.4794,77.0806,269,41,Rain,17,No,No,49,Low
2026-05-28 01:20,Greater Noida West,28.59,77.43,631,16,Rain,5,No,Yes,56,High
2026-05-28 01:30,Dwarka Sector 21,28.5511,77.0565,254,42,Rain,10,No,No,11,Low
2026-05-28 01:40,DND Flyway,28.5942,77.3053,569,33,Fog,0,No,Yes,57,Medium
2026-05-28 01:50,DND Flyway,28.5942,77.3053,647,27,Fog,0,No,No,40,Medium
2026-05-28 02:00,Greater Noida West,28.59,77.43,492,26,Rain,14,No,No,27,Medium
2026-05-28 02:10,IGI Airport T3,28.5562,77.1,239,40,Fog,0,Yes,No,100,Low
2026-05-28 02:20,Sector 18 Noida,28.5706,77.324,250,54,Cloudy,0,No,No,44,Low
2026-05-28 02:30,Sector 18 Noida,28.5706,77.324,286,51,Clear,0,No,No,61,Low
2026-05-28 02:40,MG Road Gurgaon,28.4794,77.0806,65,54,Heavy Rain,7,No,No,78,Low
2026-05-28 02:50,Sector 18 Noida,28.5706,77.324,780,18,Clear,0,No,No,71,Very High
2026-05-28 03:00,Pari Chowk,28.4671,77.503,655,5,Heavy Rain,16,Yes,Yes,28,Very High
2026-05-28 03:10,DND Flyway,28.5942,77.3053,127,62,Clear,0,No,No,50,Low
2026-05-28 03:20,Lajpat Nagar,28.5677,77.243,69,66,Cloudy,0,No,No,42,Low
2026-05-28 03:30,Dwarka Sector 21,28.5511,77.0565,288,39,Heavy Rain,19,No,No,21,Medium
2026-05-28 03:40,IGI Airport T3,28.5562,77.1,881,5,Heavy Rain,16,No,No,90,Very High
2026-05-28 03:50,Lajpat Nagar,28.5677,77.243,256,41,Rain,7,No,No,17,Low
2026-05-28 04:00,Sector 62 Noida,28.628,77.3649,452,40,Fog,0,No,No,92,Low
2026-05-28 04:10,Cyber Hub Gurgaon,28.4959,77.0882,475,39,Fog,0,No,Yes,37,Medium
2026-05-28 04:20,Karol Bagh,28.6519,77.1909,245,54,Cloudy,0,No,No,20,Low
2026-05-28 04:30,Sector 62 Noida,28.628,77.3649,820,5,Clear,0,Yes,Yes,43,Very High
2026-05-28 04:40,Vaishali Ghaziabad,28.646,77.339,374,46,Fog,0,No,No,75,Low
2026-05-28 04:50,Pari Chowk,28.4671,77.503,870,5,Heavy Rain,15,No,No,90,Very High
2026-05-28 05:00,Akshardham Route,28.6127,77.2773,897,11,Clear,0,No,No,64,Very High
2026-05-28 05:10,Dwarka Sector 21,28.5511,77.0565,598,31,Fog,0,No,No,58,Medium
2026-05-28 05:20,Sector 62 Noida,28.628,77.3649,875,12,Fog,0,No,Yes,49,Very High
2026-05-28 05:30,Greater Noida West,28.59,77.43,151,48,Rain,9,No,No,10,Low
2026-05-28 05:40,Sector 18 Noida,28.5706,77.324,313,38,Rain,17,No,No,92,Medium
2026-05-28 05:50,Lajpat Nagar,28.5677,77.243,693,24,Fog,0,No,No,63,High
2026-05-28 06:00,Sector 62 Noida,28.628,77.3649,620,29,Fog,0,No,No,89,Medium
2026-05-28 06:10,Connaught Place,28.6315,77.2167,668,5,Rain,6,Yes,No,59,Very High
2026-05-28 06:20,MG Road Gurgaon,28.4794,77.0806,672,26,Cloudy,0,No,No,62,Medium
2026-05-28 06:30,Dwarka Sector 21,28.5511,77.0565,125,50,Heavy Rain,6,No,No,47,Low
2026-05-28 06:40,Sector 18 Noida,28.5706,77.324,729,22,Fog,0,No,No,28,Very High
2026-05-28 06:50,Karol Bagh,28.6519,77.1909,476,27,Heavy Rain,3,No,No,32,Medium
2026-05-28 07:00,Akshardham Route,28.6127,77.2773,812,5,Heavy Rain,3,No,No,80,Very High
2026-05-28 07:10,Vaishali Ghaziabad,28.646,77.339,749,21,Clear,0,No,No,86,Very High
2026-05-28 07:20,DND Flyway,28.5942,77.3053,484,26,Rain,20,No,No,50,Medium
2026-05-28 07:30,Pari Chowk,28.4671,77.503,599,31,Fog,0,No,No,63,Medium
2026-05-28 07:40,IGI Airport T3,28.5562,77.1,895,5,Cloudy,0,Yes,No,13,Very High
2026-05-28 07:50,India Gate,28.6129,77.2295,433,42,Clear,0,No,No,59,Low
2026-05-28 08:00,Sector 62 Noida,28.628,77.3649,257,41,Heavy Rain,13,No,No,38,Low
2026-05-28 08:10,Sector 62 Noida,28.628,77.3649,200,57,Cloudy,0,No,No,23,Low
2026-05-28 08:20,India Gate,28.6129,77.2295,856,5,Clear,0,Yes,No,93,Very High
2026-05-28 08:30,Sector 18 Noida,28.5706,77.324,688,13,Rain,6,No,No,55,Very High
2026-05-28 08:40,Lajpat Nagar,28.5677,77.243,155,33,Rain,6,Yes,Yes,42,Medium
2026-05-28 08:50,DND Flyway,28.5942,77.3053,557,6,Rain,15,Yes,No,24,Very High
2026-05-28 09:00,IGI Airport T3,28.5562,77.1,727,22,Clear,0,No,No,60,Very High
2026-05-28 09:10,Sector 18 Noida,28.5706,77.324,614,30,Cloudy,0,No,No,95,Medium
2026-05-28 09:20,Botanical Garden,28.5636,77.334,668,26,Cloudy,0,No,No,38,Medium
2026-05-28 09:30,Lajpat Nagar,28.5677,77.243,643,28,Fog,0,No,No,15,Medium
2026-05-28 09:40,Dwarka Sector 21,28.5511,77.0565,120,35,Rain,18,Yes,No,46,Medium
2026-05-28 09:50,Sector 62 Noida,28.628,77.3649,786,5,Cloudy,0,Yes,No,61,Very High
2026-05-28 10:00,Pari Chowk,28.4671,77.503,103,52,Rain,19,No,Yes,32,Low
2026-05-28 10:10,Cyber Hub Gurgaon,28.4959,77.0882,244,54,Clear,0,No,Yes,34,Low
2026-05-28 10:20,Connaught Place,28.6315,77.2167,348,47,Clear,0,No,Yes,12,Low
2026-05-28 10:30,Pari Chowk,28.4671,77.503,367,46,Fog,0,No,No,53,Low
2026-05-28 10:40,Sector 62 Noida,28.628,77.3649,608,30,Clear,0,No,Yes,66,Medium
2026-05-28 10:50,IGI Airport T3,28.5562,77.1,91,52,Heavy Rain,19,No,Yes,38,Low
2026-05-28 11:00,India Gate,28.6129,77.2295,873,12,Clear,0,No,No,67,Very High
2026-05-28 11:10,Akshardham Route,28.6127,77.2773,198,57,Clear,0,No,No,23,Low
2026-05-28 11:20,India Gate,28.6129,77.2295,676,13,Rain,13,No,No,33,Very High
2026-05-28 11:30,Dwarka Sector 21,28.5511,77.0565,163,60,Cloudy,0,No,Yes,52,Low
2026-05-28 11:40,India Gate,28.6129,77.2295,795,17,Cloudy,0,No,Yes,47,Very High
2026-05-28 11:50,Connaught Place,28.6315,77.2167,391,44,Fog,0,No,No,11,Low
2026-05-28 12:00,Botanical Garden,28.5636,77.334,558,33,Cloudy,0,No,No,23,Medium
2026-05-28 12:10,DND Flyway,28.5942,77.3053,213,29,Rain,16,Yes,Yes,97,Medium
2026-05-28 12:20,DND Flyway,28.5942,77.3053,68,39,Rain,19,Yes,No,89,Medium
2026-05-28 12:30,Karol Bagh,28.6519,77.1909,885,5,Rain,9,No,No,19,Very High
2026-05-28 12:40,Sector 18 Noida,28.5706,77.324,892,5,Rain,15,No,No,86,Very High
2026-05-28 12:50,Karol Bagh,28.6519,77.1909,396,44,Clear,0,No,No,59,Low
2026-05-28 13:00,Vaishali Ghaziabad,28.646,77.339,551,34,Clear,0,No,No,48,Medium
2026-05-28 13:10,Akshardham Route,28.6127,77.2773,260,38,Cloudy,0,Yes,No,80,Medium
2026-05-28 13:20,Vaishali Ghaziabad,28.646,77.339,882,5,Clear,0,Yes,No,78,Very High
2026-05-28 13:30,DND Flyway,28.5942,77.3053,336,48,Cloudy,0,No,Yes,49,Low
2026-05-28 13:40,Botanical Garden,28.5636,77.334,796,17,Fog,0,No,No,42,Very High
2026-05-28 13:50,Sector 18 Noida,28.5706,77.324,775,7,Heavy Rain,4,No,No,17,Very High
2026-05-28 14:00,Connaught Place,28.6315,77.2167,580,32,Cloudy,0,No,No,73,Medium
2026-05-28 14:10,Botanical Garden,28.5636,77.334,763,5,Rain,16,Yes,No,65,Very High
2026-05-28 14:20,Lajpat Nagar,28.5677,77.243,509,25,Rain,19,No,No,67,Medium
2026-05-28 14:30,Pari Chowk,28.4671,77.503,274,52,Fog,0,No,No,96,Low
2026-05-28 14:40,IGI Airport T3,28.5562,77.1,354,35,Rain,1,No,Yes,82,Medium
2026-05-28 14:50,Akshardham Route,28.6127,77.2773,497,25,Heavy Rain,17,No,No,64,Medium
2026-05-28 15:00,MG Road Gurgaon,28.4794,77.0806,382,45,Fog,0,No,No,61,Low
2026-05-28 15:10,Sector 62 Noida,28.628,77.3649,584,17,Cloudy,0,Yes,No,33,High
2026-05-28 15:20,DND Flyway,28.5942,77.3053,742,21,Cloudy,0,No,No,40,Very High
2026-05-28 15:30,Dwarka Sector 21,28.5511,77.0565,134,50,Rain,17,No,No,49,Low
2026-05-28 15:40,MG Road Gurgaon,28.4794,77.0806,406,31,Rain,2,No,Yes,45,Medium
2026-05-28 15:50,Sector 18 Noida,28.5706,77.324,134,50,Rain,8,No,No,35,Low
2026-05-28 16:00,Vaishali Ghaziabad,28.646,77.339,689,5,Heavy Rain,4,Yes,No,70,Very High
2026-05-28 16:10,Cyber Hub Gurgaon,28.4959,77.0882,438,26,Fog,0,Yes,No,15,Medium
2026-05-28 16:20,Sector 18 Noida,28.5706,77.324,220,44,Heavy Rain,10,No,No,90,Low
2026-05-28 16:30,Lajpat Nagar,28.5677,77.243,522,36,Cloudy,0,No,Yes,39,Medium
2026-05-28 16:40,MG Road Gurgaon,28.4794,77.0806,452,25,Fog,0,Yes,No,84,Medium
2026-05-28 16:50,Dwarka Sector 21,28.5511,77.0565,846,14,Fog,0,No,No,11,Very High
2026-05-28 17:00,Botanical Garden,28.5636,77.334,121,62,Clear,0,No,No,36,Low
2026-05-28 17:10,India Gate,28.6129,77.2295,772,7,Rain,14,No,No,30,Very High
2026-05-28 17:20,DND Flyway,28.5942,77.3053,754,8,Rain,7,No,No,31,Very High
2026-05-28 17:30,DND Flyway,28.5942,77.3053,257,26,Heavy Rain,7,Yes,Yes,78,Medium
2026-05-28 17:40,Karol Bagh,28.6519,77.1909,875,12,Clear,0,No,No,62,Very High
2026-05-28 17:50,Pari Chowk,28.4671,77.503,579,32,Cloudy,0,No,No,67,Medium
2026-05-28 18:00,India Gate,28.6129,77.2295,221,56,Clear,0,No,No,81,Low
2026-05-28 18:10,IGI Airport T3,28.5562,77.1,345,35,Heavy Rain,13,No,Yes,59,Medium
2026-05-28 18:20,Pari Chowk,28.4671,77.503,879,5,Heavy Rain,20,No,Yes,65,Very High
2026-05-28 18:30,Pari Chowk,28.4671,77.503,462,40,Cloudy,0,No,Yes,100,Low
2026-05-28 18:40,Pari Chowk,28.4671,77.503,778,19,Cloudy,0,No,No,34,Very High
2026-05-28 18:50,Connaught Place,28.6315,77.2167,241,54,Fog,0,No,No,60,Low
2026-05-28 19:00,Dwarka Sector 21,28.5511,77.0565,873,12,Clear,0,No,No,90,Very High
2026-05-28 19:10,Karol Bagh,28.6519,77.1909,412,43,Fog,0,No,No,13,Low
2026-05-28 19:20,Sector 18 Noida,28.5706,77.324,754,8,Heavy Rain,18,No,No,56,Very High
2026-05-28 19:30,Vaishali Ghaziabad,28.646,77.339,150,60,Fog,0,No,No,98,Low
2026-05-28 19:40,DND Flyway,28.5942,77.3053,432,15,Heavy Rain,2,Yes,No,43,High
2026-05-28 19:50,Sector 18 Noida,28.5706,77.324,705,11,Rain,13,No,No,81,Very High
2026-05-28 20:00,Connaught Place,28.6315,77.2167,93,64,Fog,0,No,No,22,Low
2026-05-28 20:10,India Gate,28.6129,77.2295,724,22,Cloudy,0,No,Yes,41,Very High
2026-05-28 20:20,Vaishali Ghaziabad,28.646,77.339,333,36,Rain,16,No,Yes,38,Medium
2026-05-28 20:30,DND Flyway,28.5942,77.3053,830,5,Cloudy,0,Yes,No,14,Very High
2026-05-28 20:40,Karol Bagh,28.6519,77.1909,253,54,Cloudy,0,No,No,99,Low
2026-05-28 20:50,Sector 18 Noida,28.5706,77.324,65,66,Clear,0,No,Yes,31,Low
2026-05-28 21:00,Vaishali Ghaziabad,28.646,77.339,217,44,Rain,15,No,Yes,75,Low
2026-05-28 21:10,Connaught Place,28.6315,77.2167,441,41,Fog,0,No,No,31,Low
2026-05-28 21:20,Vaishali Ghaziabad,28.646,77.339,624,17,Heavy Rain,1,No,Yes,62,High
2026-05-28 21:30,Connaught Place,28.6315,77.2167,237,43,Heavy Rain,18,No,No,50,Low
2026-05-28 21:40,Sector 62 Noida,28.628,77.3649,124,62,Clear,0,No,No,39,Low
2026-05-28 21:50,Sector 18 Noida,28.5706,77.324,349,47,Cloudy,0,No,No,12,Low
2026-05-28 22:00,Akshardham Route,28.6127,77.2773,645,15,Rain,9,No,No,14,High
2026-05-28 22:10,IGI Airport T3,28.5562,77.1,261,53,Cloudy,0,No,No,11,Low
2026-05-28 22:20,Lajpat Nagar,28.5677,77.243,269,26,Heavy Rain,11,Yes,No,85,Medium
2026-05-28 22:30,Sector 62 Noida,28.628,77.3649,732,7,Fog,0,Yes,Yes,96,Very High
2026-05-28 22:40,IGI Airport T3,28.5562,77.1,868,13,Clear,0,No,Yes,44,Very High
2026-05-28 22:50,Sector 18 Noida,28.5706,77.324,150,60,Fog,0,No,No,45,Low
2026-05-28 23:00,Greater Noida West,28.59,77.43,717,11,Rain,20,No,No,94,Very High
2026-05-28 23:10,Lajpat Nagar,28.5677,77.243,67,54,Rain,14,No,No,19,Low
2026-05-28 23:20,Dwarka Sector 21,28.5511,77.0565,724,5,Rain,6,Yes,No,31,Very High
2026-05-28 23:30,Lajpat Nagar,28.5677,77.243,737,9,Rain,18,No,No,90,Very High
2026-05-28 23:40,Sector 62 Noida,28.628,77.3649,261,53,Cloudy,0,No,No,43,Low
2026-05-28 23:50,Sector 62 Noida,28.628,77.3649,843,14,Cloudy,0,No,No,25,Very High
2026-05-29 00:00,Sector 18 Noida,28.5706,77.324,330,48,Cloudy,0,No,No,42,Low
2026-05-29 00:10,India Gate,28.6129,77.2295,57,67,Fog,0,No,Yes,72,Low
2026-05-29 00:20,Botanical Garden,28.5636,77.334,122,50,Heavy Rain,3,No,No,24,Low
2026-05-29 00:30,India Gate,28.6129,77.2295,341,33,Fog,0,Yes,No,95,Medium
2026-05-29 00:40,Sector 18 Noida,28.5706,77.324,845,5,Fog,0,Yes,No,68,Very High
2026-05-29 00:50,Botanical Garden,28.5636,77.334,446,29,Heavy Rain,14,No,No,52,Medium
2026-05-29 01:00,Lajpat Nagar,28.5677,77.243,446,26,Clear,0,Yes,No,62,Medium
2026-05-29 01:10,Vaishali Ghaziabad,28.646,77.339,713,5,Rain,3,Yes,No,10,Very High
2026-05-29 01:20,IGI Airport T3,28.5562,77.1,237,43,Rain,8,No,No,75,Low
2026-05-29 01:30,Lajpat Nagar,28.5677,77.243,503,22,Fog,0,Yes,Yes,15,High
2026-05-29 01:40,Pari Chowk,28.4671,77.503,681,25,Fog,0,No,No,32,Medium
2026-05-29 01:50,Botanical Garden,28.5636,77.334,584,32,Cloudy,0,No,No,27,Medium
2026-05-29 02:00,Vaishali Ghaziabad,28.646,77.339,440,41,Fog,0,No,No,46,Low
2026-05-29 02:10,Vaishali Ghaziabad,28.646,77.339,70,66,Clear,0,No,No,12,Low
2026-05-29 02:20,Sector 18 Noida,28.5706,77.324,337,48,Clear,0,No,No,63,Low
2026-05-29 02:30,Akshardham Route,28.6127,77.2773,766,5,Heavy Rain,6,Yes,No,100,Very High
2026-05-29 02:40,DND Flyway,28.5942,77.3053,428,30,Rain,16,No,No,82,Medium
2026-05-29 02:50,IGI Airport T3,28.5562,77.1,728,22,Fog,0,No,No,61,Very High
2026-05-29 03:00,MG Road Gurgaon,28.4794,77.0806,634,28,Fog,0,No,No,51,Medium
2026-05-29 03:10,DND Flyway,28.5942,77.3053,838,15,Clear,0,No,No,18,Very High
2026-05-29 03:20,Cyber Hub Gurgaon,28.4959,77.0882,88,65,Clear,0,No,Yes,65,Low
2026-05-29 03:30,Cyber Hub Gurgaon,28.4959,77.0882,572,32,Fog,0,No,No,93,Medium
2026-05-29 03:40,Lajpat Nagar,28.5677,77.243,79,53,Heavy Rain,14,No,No,89,Low
2026-05-29 03:50,Greater Noida West,28.59,77.43,95,52,Heavy Rain,4,No,Yes,86,Low
2026-05-29 04:00,DND Flyway,28.5942,77.3053,88,53,Rain,11,No,No,56,Low
2026-05-29 04:10,Connaught Place,28.6315,77.2167,221,56,Clear,0,No,No,60,Low
2026-05-29 04:20,Karol Bagh,28.6519,77.1909,460,40,Clear,0,No,No,81,Low
2026-05-29 04:30,Cyber Hub Gurgaon,28.4959,77.0882,790,6,Rain,12,No,No,74,Very High
2026-05-29 04:40,Greater Noida West,28.59,77.43,807,5,Fog,0,Yes,No,43,Very High
2026-05-29 04:50,MG Road Gurgaon,28.4794,77.0806,234,40,Clear,0,Yes,No,91,Low
2026-05-29 05:00,Greater Noida West,28.59,77.43,771,7,Heavy Rain,6,No,No,97,Very High
2026-05-29 05:10,Sector 18 Noida,28.5706,77.324,692,24,Cloudy,0,No,No,65,High
2026-05-29 05:20,Akshardham Route,28.6127,77.2773,83,65,Fog,0,No,Yes,62,Low
2026-05-29 05:30,Karol Bagh,28.6519,77.1909,681,10,Fog,0,Yes,Yes,37,Very High
2026-05-29 05:40,Akshardham Route,28.6127,77.2773,206,57,Cloudy,0,No,No,36,Low
2026-05-29 05:50,DND Flyway,28.5942,77.3053,853,14,Fog,0,No,No,40,Very High
2026-05-29 06:00,Cyber Hub Gurgaon,28.4959,77.0882,193,46,Heavy Rain,19,No,No,62,Low
2026-05-29 06:10,MG Road Gurgaon,28.4794,77.0806,435,41,Cloudy,0,No,Yes,59,Low
2026-05-29 06:20,MG Road Gurgaon,28.4794,77.0806,588,31,Clear,0,No,Yes,94,Medium
2026-05-29 06:30,DND Flyway,28.5942,77.3053,607,30,Cloudy,0,No,No,12,Medium
2026-05-29 06:40,Pari Chowk,28.4671,77.503,88,65,Fog,0,No,No,88,Low
2026-05-29 06:50,Botanical Garden,28.5636,77.334,77,65,Cloudy,0,No,Yes,95,Low
2026-05-29 07:00,Greater Noida West,28.59,77.43,111,63,Fog,0,No,No,51,Low
2026-05-29 07:10,Dwarka Sector 21,28.5511,77.0565,881,12,Cloudy,0,No,No,96,Very High
2026-05-29 07:20,IGI Airport T3,28.5562,77.1,727,5,Heavy Rain,16,Yes,No,96,Very High
2026-05-29 07:30,Sector 18 Noida,28.5706,77.324,718,11,Rain,11,No,No,16,Very High
2026-05-29 07:40,Vaishali Ghaziabad,28.646,77.339,666,26,Fog,0,No,Yes,31,Medium
2026-05-29 07:50,Sector 18 Noida,28.5706,77.324,256,53,Clear,0,No,No,82,Low
2026-05-29 08:00,MG Road Gurgaon,28.4794,77.0806,599,19,Rain,3,No,No,57,High
2026-05-29 08:10,MG Road Gurgaon,28.4794,77.0806,377,45,Fog,0,No,No,49,Low
2026-05-29 08:20,Dwarka Sector 21,28.5511,77.0565,450,28,Rain,20,No,No,69,Medium
2026-05-29 08:30,Sector 18 Noida,28.5706,77.324,422,30,Heavy Rain,5,No,No,23,Medium
2026-05-29 08:40,Dwarka Sector 21,28.5511,77.0565,645,27,Cloudy,0,No,Yes,51,Medium
2026-05-29 08:50,Cyber Hub Gurgaon,28.4959,77.0882,229,55,Fog,0,No,No,12,Low
2026-05-29 09:00,Cyber Hub Gurgaon,28.4959,77.0882,202,45,Rain,19,No,No,87,Low
2026-05-29 09:10,DND Flyway,28.5942,77.3053,790,18,Cloudy,0,No,No,86,Very High
2026-05-29 09:20,Lajpat Nagar,28.5677,77.243,738,5,Rain,14,Yes,No,60,Very High
2026-05-29 09:30,Karol Bagh,28.6519,77.1909,270,52,Fog,0,No,No,53,Low
2026-05-29 09:40,Greater Noida West,28.59,77.43,73,51,Clear,0,Yes,No,94,Low
2026-05-29 09:50,Akshardham Route,28.6127,77.2773,505,37,Cloudy,0,No,Yes,30,Medium
2026-05-29 10:00,IGI Airport T3,28.5562,77.1,318,37,Rain,4,No,No,52,Medium
2026-05-29 10:10,Greater Noida West,28.59,77.43,842,14,Fog,0,No,No,96,Very High
2026-05-29 10:20,Sector 18 Noida,28.5706,77.324,721,22,Cloudy,0,No,No,37,Very High
2026-05-29 10:30,Sector 62 Noida,28.628,77.3649,377,18,Rain,4,Yes,No,17,High
2026-05-29 10:40,Lajpat Nagar,28.5677,77.243,813,5,Heavy Rain,4,No,No,49,Very High
2026-05-29 10:50,Connaught Place,28.6315,77.2167,884,5,Rain,19,No,No,73,Very High
2026-05-29 11:00,India Gate,28.6129,77.2295,233,40,Cloudy,0,Yes,No,28,Low
2026-05-29 11:10,Connaught Place,28.6315,77.2167,711,23,Cloudy,0,No,No,54,Very High
2026-05-29 11:20,Greater Noida West,28.59,77.43,881,12,Clear,0,No,No,81,Very High
2026-05-29 11:30,Connaught Place,28.6315,77.2167,675,13,Heavy Rain,14,No,No,27,Very High
2026-05-29 11:40,Pari Chowk,28.4671,77.503,281,52,Cloudy,0,No,No,24,Low
2026-05-29 11:50,Akshardham Route,28.6127,77.2773,379,45,Cloudy,0,No,No,30,Low
2026-05-29 12:00,IGI Airport T3,28.5562,77.1,598,31,Clear,0,No,No,17,Medium
2026-05-29 12:10,DND Flyway,28.5942,77.3053,309,38,Rain,3,No,No,57,Medium
2026-05-29 12:20,Connaught Place,28.6315,77.2167,176,44,Clear,0,Yes,Yes,27,Low
2026-05-29 12:30,Pari Chowk,28.4671,77.503,283,37,Fog,0,Yes,No,16,Medium
2026-05-29 12:40,Sector 18 Noida,28.5706,77.324,650,27,Clear,0,No,No,24,Medium
2026-05-29 12:50,Greater Noida West,28.59,77.43,162,60,Fog,0,No,No,93,Low
2026-05-29 13:00,Lajpat Nagar,28.5677,77.243,339,48,Fog,0,No,No,58,Low
2026-05-29 13:10,Dwarka Sector 21,28.5511,77.0565,255,53,Clear,0,No,No,91,Low
2026-05-29 13:20,Pari Chowk,28.4671,77.503,849,14,Clear,0,No,Yes,16,Very High
2026-05-29 13:30,Akshardham Route,28.6127,77.2773,792,18,Fog,0,No,No,56,Very High
2026-05-29 13:40,Sector 18 Noida,28.5706,77.324,430,42,Fog,0,No,Yes,16,Low
2026-05-29 13:50,DND Flyway,28.5942,77.3053,268,53,Clear,0,No,No,34,Low
2026-05-29 14:00,IGI Airport T3,28.5562,77.1,334,36,Rain,8,No,No,51,Medium
2026-05-29 14:10,India Gate,28.6129,77.2295,564,21,Heavy Rain,18,No,No,89,High
2026-05-29 14:20,Akshardham Route,28.6127,77.2773,678,25,Cloudy,0,No,Yes,29,Medium
2026-05-29 14:30,Connaught Place,28.6315,77.2167,849,5,Cloudy,0,Yes,No,52,Very High
2026-05-29 14:40,Karol Bagh,28.6519,77.1909,362,34,Heavy Rain,4,No,No,14,Medium
2026-05-29 14:50,Pari Chowk,28.4671,77.503,256,38,Fog,0,Yes,No,49,Medium
2026-05-29 15:00,MG Road Gurgaon,28.4794,77.0806,564,21,Heavy Rain,5,No,No,30,High
2026-05-29 15:10,Karol Bagh,28.6519,77.1909,103,52,Heavy Rain,7,No,Yes,16,Low
2026-05-29 15:20,Karol Bagh,28.6519,77.1909,750,8,Rain,7,No,No,32,Very High
2026-05-29 15:30,Sector 18 Noida,28.5706,77.324,150,60,Clear,0,No,No,80,Low
2026-05-29 15:40,Sector 62 Noida,28.628,77.3649,355,32,Cloudy,0,Yes,No,85,Medium
2026-05-29 15:50,Connaught Place,28.6315,77.2167,313,50,Fog,0,No,No,47,Low
2026-05-29 16:00,Karol Bagh,28.6519,77.1909,327,22,Rain,1,Yes,Yes,17,High
2026-05-29 16:10,MG Road Gurgaon,28.4794,77.0806,866,5,Rain,13,No,No,18,Very High
2026-05-29 16:20,IGI Airport T3,28.5562,77.1,422,42,Clear,0,No,Yes,41,Low
2026-05-29 16:30,Sector 62 Noida,28.628,77.3649,694,12,Heavy Rain,8,No,No,29,Very High
2026-05-29 16:40,Greater Noida West,28.59,77.43,559,18,Cloudy,0,Yes,Yes,47,High
2026-05-29 16:50,Dwarka Sector 21,28.5511,77.0565,704,24,Clear,0,No,Yes,50,Very High
2026-05-29 17:00,Pari Chowk,28.4671,77.503,493,38,Clear,0,No,No,23,Medium
2026-05-29 17:10,Cyber Hub Gurgaon,28.4959,77.0882,699,24,Clear,0,No,No,92,High
2026-05-29 17:20,Cyber Hub Gurgaon,28.4959,77.0882,575,32,Clear,0,No,Yes,15,Medium
2026-05-29 17:30,Vaishali Ghaziabad,28.646,77.339,448,41,Fog,0,No,Yes,81,Low
2026-05-29 17:40,Connaught Place,28.6315,77.2167,445,41,Cloudy,0,No,No,13,Low
2026-05-29 17:50,DND Flyway,28.5942,77.3053,399,29,Fog,0,Yes,No,89,Medium
2026-05-29 18:00,India Gate,28.6129,77.2295,152,60,Fog,0,No,No,13,Low
2026-05-29 18:10,Botanical Garden,28.5636,77.334,855,5,Fog,0,Yes,No,52,Very High
2026-05-29 18:20,IGI Airport T3,28.5562,77.1,817,16,Fog,0,No,No,11,Very High
2026-05-29 18:30,Sector 18 Noida,28.5706,77.324,368,19,Rain,20,Yes,No,13,High
2026-05-29 18:40,Connaught Place,28.6315,77.2167,869,5,Rain,7,No,No,57,Very High
2026-05-29 18:50,Cyber Hub Gurgaon,28.4959,77.0882,539,23,Heavy Rain,3,No,No,100,High
2026-05-29 19:00,Lajpat Nagar,28.5677,77.243,205,45,Heavy Rain,2,No,No,53,Low
2026-05-29 19:10,IGI Airport T3,28.5562,77.1,497,37,Fog,0,No,No,96,Medium
2026-05-29 19:20,Cyber Hub Gurgaon,28.4959,77.0882,611,5,Heavy Rain,13,Yes,Yes,19,Very High
2026-05-29 19:30,IGI Airport T3,28.5562,77.1,464,13,Rain,19,Yes,No,49,Very High
2026-05-29 19:40,Sector 62 Noida,28.628,77.3649,202,57,Fog,0,No,No,86,Low
2026-05-29 19:50,Dwarka Sector 21,28.5511,77.0565,723,10,Rain,3,No,Yes,66,Very High
2026-05-29 20:00,India Gate,28.6129,77.2295,228,55,Fog,0,No,No,62,Low
2026-05-29 20:10,Dwarka Sector 21,28.5511,77.0565,589,19,Rain,12,No,Yes,12,High
2026-05-29 20:20,Vaishali Ghaziabad,28.646,77.339,278,52,Fog,0,No,No,85,Low
2026-05-29 20:30,Cyber Hub Gurgaon,28.4959,77.0882,538,8,Heavy Rain,4,Yes,No,64,Very High
2026-05-29 20:40,Botanical Garden,28.5636,77.334,671,14,Heavy Rain,10,No,No,59,Very High
2026-05-29 20:50,Pari Chowk,28.4671,77.503,359,35,Rain,7,No,No,33,Medium
2026-05-29 21:00,Connaught Place,28.6315,77.2167,160,48,Rain,13,No,No,67,Low
2026-05-29 21:10,Connaught Place,28.6315,77.2167,812,5,Rain,11,Yes,No,81,Very High
2026-05-29 21:20,Karol Bagh,28.6519,77.1909,757,20,Cloudy,0,No,No,63,Very High
2026-05-29 21:30,Botanical Garden,28.5636,77.334,78,50,Cloudy,0,Yes,No,78,Low
2026-05-29 21:40,Sector 18 Noida,28.5706,77.324,259,41,Rain,3,No,Yes,80,Low
2026-05-29 21:50,MG Road Gurgaon,28.4794,77.0806,225,43,Heavy Rain,16,No,Yes,18,Low
2026-05-29 22:00,Lajpat Nagar,28.5677,77.243,329,37,Rain,2,No,Yes,30,Medium
2026-05-29 22:10,Akshardham Route,28.6127,77.2773,774,19,Fog,0,No,No,58,Very High
2026-05-29 22:20,Sector 18 Noida,28.5706,77.324,777,19,Cloudy,0,No,No,71,Very High
2026-05-29 22:30,DND Flyway,28.5942,77.3053,72,54,Rain,5,No,No,92,Low
2026-05-29 22:40,Akshardham Route,28.6127,77.2773,241,39,Fog,0,Yes,No,96,Medium
2026-05-29 22:50,Akshardham Route,28.6127,77.2773,572,32,Fog,0,No,No,85,Medium
2026-05-29 23:00,Pari Chowk,28.4671,77.503,128,35,Rain,10,Yes,No,69,Medium
2026-05-29 23:10,Sector 62 Noida,28.628,77.3649,285,39,Rain,18,No,Yes,11,Medium
2026-05-29 23:20,MG Road Gurgaon,28.4794,77.0806,209,57,Clear,0,No,No,83,Low
2026-05-29 23:30,Connaught Place,28.6315,77.2167,839,15,Fog,0,No,No,29,Very High
2026-05-29 23:40,Pari Chowk,28.4671,77.503,667,14,Heavy Rain,16,No,Yes,67,Very High
2026-05-29 23:50,Vaishali Ghaziabad,28.646,77.339,447,41,Cloudy,0,No,No,11,Low
2026-05-30 00:00,Lajpat Nagar,28.5677,77.243,815,16,Cloudy,0,No,No,59,Very High
2026-05-30 00:10,MG Road Gurgaon,28.4794,77.0806,458,13,Rain,17,Yes,No,38,Very High
2026-05-30 00:20,Sector 62 Noida,28.628,77.3649,807,5,Rain,7,No,No,98,Very High
2026-05-30 00:30,Greater Noida West,28.59,77.43,718,11,Rain,7,No,No,21,Very High
2026-05-30 00:40,Sector 18 Noida,28.5706,77.324,790,18,Clear,0,No,No,85,Very High
2026-05-30 00:50,Botanical Garden,28.5636,77.334,324,22,Rain,11,Yes,No,49,High
2026-05-30 01:00,Dwarka Sector 21,28.5511,77.0565,677,25,Clear,0,No,No,60,Medium
2026-05-30 01:10,Connaught Place,28.6315,77.2167,414,43,Fog,0,No,No,95,Low
2026-05-30 01:20,MG Road Gurgaon,28.4794,77.0806,515,36,Fog,0,No,Yes,25,Medium
2026-05-30 01:30,India Gate,28.6129,77.2295,239,28,Rain,17,Yes,Yes,89,Medium
2026-05-30 01:40,Sector 62 Noida,28.628,77.3649,73,66,Clear,0,No,No,86,Low
2026-05-30 01:50,Akshardham Route,28.6127,77.2773,520,36,Fog,0,No,No,12,Medium
2026-05-30 02:00,IGI Airport T3,28.5562,77.1,392,44,Fog,0,No,No,91,Low
2026-05-30 02:10,Connaught Place,28.6315,77.2167,833,5,Clear,0,Yes,No,17,Very High
2026-05-30 02:20,Dwarka Sector 21,28.5511,77.0565,310,38,Rain,4,No,No,63,Medium
2026-05-30 02:30,Pari Chowk,28.4671,77.503,802,17,Clear,0,No,Yes,44,Very High
2026-05-30 02:40,MG Road Gurgaon,28.4794,77.0806,344,48,Clear,0,No,No,100,Low
2026-05-30 02:50,Dwarka Sector 21,28.5511,77.0565,187,58,Fog,0,No,No,25,Low
2026-05-30 03:00,Cyber Hub Gurgaon,28.4959,77.0882,147,49,Rain,2,No,No,17,Low
2026-05-30 03:10,DND Flyway,28.5942,77.3053,727,22,Fog,0,No,No,75,Very High
2026-05-30 03:20,Greater Noida West,28.59,77.43,849,5,Cloudy,0,Yes,No,18,Very High
2026-05-30 03:30,Karol Bagh,28.6519,77.1909,122,62,Fog,0,No,Yes,41,Low
2026-05-30 03:40,Vaishali Ghaziabad,28.646,77.339,208,57,Fog,0,No,No,24,Low
2026-05-30 03:50,Dwarka Sector 21,28.5511,77.0565,898,11,Clear,0,No,No,82,Very High
2026-05-30 04:00,IGI Airport T3,28.5562,77.1,700,5,Rain,12,Yes,No,91,Very High
2026-05-30 04:10,Dwarka Sector 21,28.5511,77.0565,809,17,Fog,0,No,No,60,Very High
2026-05-30 04:20,Greater Noida West,28.59,77.43,313,50,Cloudy,0,No,No,75,Low
2026-05-30 04:30,Pari Chowk,28.4671,77.503,637,5,Heavy Rain,16,Yes,No,75,Very High
2026-05-30 04:40,India Gate,28.6129,77.2295,860,13,Fog,0,No,No,62,Very High
2026-05-30 04:50,DND Flyway,28.5942,77.3053,531,35,Cloudy,0,No,No,79,Medium
2026-05-30 05:00,India Gate,28.6129,77.2295,557,33,Cloudy,0,No,No,21,Medium
2026-05-30 05:10,Akshardham Route,28.6127,77.2773,215,44,Heavy Rain,16,No,No,93,Low
2026-05-30 05:20,Dwarka Sector 21,28.5511,77.0565,545,19,Fog,0,Yes,No,72,High
2026-05-30 05:30,IGI Airport T3,28.5562,77.1,320,22,Rain,15,Yes,No,28,High
2026-05-30 05:40,Akshardham Route,28.6127,77.2773,466,12,Heavy Rain,11,Yes,Yes,12,Very High
2026-05-30 05:50,Sector 18 Noida,28.5706,77.324,388,30,Fog,0,Yes,No,45,Medium
2026-05-30 06:00,Connaught Place,28.6315,77.2167,875,5,Cloudy,0,Yes,No,18,Very High
2026-05-30 06:10,Sector 62 Noida,28.628,77.3649,463,28,Rain,3,No,Yes,43,Medium
2026-05-30 06:20,Cyber Hub Gurgaon,28.4959,77.0882,186,58,Clear,0,No,No,30,Low
2026-05-30 06:30,IGI Airport T3,28.5562,77.1,260,41,Rain,1,No,Yes,67,Low
2026-05-30 06:40,Lajpat Nagar,28.5677,77.243,436,29,Rain,17,No,Yes,54,Medium
2026-05-30 06:50,Sector 62 Noida,28.628,77.3649,657,27,Fog,0,No,No,34,Medium
2026-05-30 07:00,Vaishali Ghaziabad,28.646,77.339,593,19,Heavy Rain,1,No,No,86,High
2026-05-30 07:10,DND Flyway,28.5942,77.3053,386,45,Clear,0,No,No,84,Low
2026-05-30 07:20,Botanical Garden,28.5636,77.334,182,31,Rain,7,Yes,No,43,Medium
2026-05-30 07:30,Greater Noida West,28.59,77.43,165,59,Clear,0,No,No,28,Low
2026-05-30 07:40,MG Road Gurgaon,28.4794,77.0806,92,52,Heavy Rain,7,No,Yes,45,Low
2026-05-30 07:50,Cyber Hub Gurgaon,28.4959,77.0882,450,40,Fog,0,No,Yes,28,Low
2026-05-30 08:00,Sector 62 Noida,28.628,77.3649,511,9,Rain,8,Yes,No,38,Very High
2026-05-30 08:10,Akshardham Route,28.6127,77.2773,546,22,Rain,19,No,Yes,11,High
2026-05-30 08:20,Connaught Place,28.6315,77.2167,356,35,Heavy Rain,8,No,No,42,Medium
2026-05-30 08:30,IGI Airport T3,28.5562,77.1,87,65,Clear,0,No,No,41,Low
2026-05-30 08:40,IGI Airport T3,28.5562,77.1,810,16,Cloudy,0,No,No,31,Very High
2026-05-30 08:50,Sector 18 Noida,28.5706,77.324,759,5,Cloudy,0,Yes,Yes,45,Very High
2026-05-30 09:00,Karol Bagh,28.6519,77.1909,132,35,Rain,12,Yes,No,90,Medium
2026-05-30 09:10,Sector 62 Noida,28.628,77.3649,818,16,Fog,0,No,No,81,Very High
2026-05-30 09:20,Botanical Garden,28.5636,77.334,896,5,Heavy Rain,13,Yes,No,86,Very High
2026-05-30 09:30,Dwarka Sector 21,28.5511,77.0565,741,6,Cloudy,0,Yes,No,61,Very High
2026-05-30 09:40,Connaught Place,28.6315,77.2167,361,34,Rain,20,No,No,55,Medium
2026-05-30 09:50,Vaishali Ghaziabad,28.646,77.339,835,15,Cloudy,0,No,No,96,Very High
2026-05-30 10:00,Connaught Place,28.6315,77.2167,136,61,Cloudy,0,No,Yes,87,Low
2026-05-30 10:10,Botanical Garden,28.5636,77.334,111,63,Fog,0,No,No,71,Low
2026-05-30 10:20,India Gate,28.6129,77.2295,695,24,Fog,0,No,No,54,High
2026-05-30 10:30,Greater Noida West,28.59,77.43,228,55,Fog,0,No,No,30,Low
2026-05-30 10:40,Connaught Place,28.6315,77.2167,86,65,Fog,0,No,No,38,Low
2026-05-30 10:50,Dwarka Sector 21,28.5511,77.0565,867,5,Heavy Rain,8,No,Yes,61,Very High
2026-05-30 11:00,Cyber Hub Gurgaon,28.4959,77.0882,171,59,Clear,0,No,Yes,63,Low
2026-05-30 11:10,Vaishali Ghaziabad,28.646,77.339,707,23,Cloudy,0,No,Yes,73,Very High
2026-05-30 11:20,Dwarka Sector 21,28.5511,77.0565,207,57,Fog,0,No,No,24,Low
2026-05-30 11:30,Pari Chowk,28.4671,77.503,233,43,Heavy Rain,7,No,No,75,Low
2026-05-30 11:40,Sector 18 Noida,28.5706,77.324,64,51,Cloudy,0,Yes,No,25,Low
2026-05-30 11:50,Pari Chowk,28.4671,77.503,245,27,Heavy Rain,6,Yes,No,21,Medium
2026-05-30 12:00,IGI Airport T3,28.5562,77.1,189,43,Clear,0,Yes,No,99,Low
2026-05-30 12:10,Connaught Place,28.6315,77.2167,717,23,Fog,0,No,No,66,Very High
2026-05-30 12:20,Sector 18 Noida,28.5706,77.324,477,27,Heavy Rain,9,No,No,30,Medium
2026-05-30 12:30,Vaishali Ghaziabad,28.646,77.339,172,59,Fog,0,No,No,11,Low
2026-05-30 12:40,Lajpat Nagar,28.5677,77.243,300,50,Clear,0,No,Yes,85,Low
2026-05-30 12:50,Sector 62 Noida,28.628,77.3649,313,38,Heavy Rain,7,No,No,37,Medium
2026-05-30 13:00,DND Flyway,28.5942,77.3053,775,5,Clear,0,Yes,Yes,37,Very High
2026-05-30 13:10,Connaught Place,28.6315,77.2167,593,19,Rain,8,No,No,53,High
2026-05-30 13:20,Pari Chowk,28.4671,77.503,149,61,Clear,0,No,No,91,Low
2026-05-30 13:30,Dwarka Sector 21,28.5511,77.0565,113,63,Cloudy,0,No,No,43,Low
2026-05-30 13:40,Cyber Hub Gurgaon,28.4959,77.0882,152,45,Clear,0,Yes,No,94,Low
2026-05-30 13:50,Botanical Garden,28.5636,77.334,710,23,Clear,0,No,No,83,Very High
2026-05-30 14:00,MG Road Gurgaon,28.4794,77.0806,855,5,Rain,6,No,No,76,Very High
2026-05-30 14:10,Karol Bagh,28.6519,77.1909,411,43,Cloudy,0,No,No,31,Low
2026-05-30 14:20,Karol Bagh,28.6519,77.1909,666,5,Heavy Rain,15,Yes,No,27,Very High
2026-05-30 14:30,Lajpat Nagar,28.5677,77.243,873,12,Cloudy,0,No,No,43,Very High
2026-05-30 14:40,Dwarka Sector 21,28.5511,77.0565,557,21,Rain,1,No,No,98,High
2026-05-30 14:50,Vaishali Ghaziabad,28.646,77.339,508,10,Heavy Rain,5,Yes,No,48,Very High
2026-05-30 15:00,DND Flyway,28.5942,77.3053,665,26,Clear,0,No,No,10,Medium
2026-05-30 15:10,Lajpat Nagar,28.5677,77.243,148,49,Rain,16,No,Yes,48,Low
2026-05-30 15:20,Botanical Garden,28.5636,77.334,461,40,Clear,0,No,No,68,Low
2026-05-30 15:30,IGI Airport T3,28.5562,77.1,261,26,Rain,12,Yes,No,64,Medium
2026-05-30 15:40,India Gate,28.6129,77.2295,538,35,Fog,0,No,No,83,Medium
2026-05-30 15:50,Karol Bagh,28.6519,77.1909,731,22,Fog,0,No,No,61,Very High
2026-05-30 16:00,Greater Noida West,28.59,77.43,165,44,Cloudy,0,Yes,No,23,Low
2026-05-30 16:10,Vaishali Ghaziabad,28.646,77.339,532,20,Fog,0,Yes,No,94,High
2026-05-30 16:20,IGI Airport T3,28.5562,77.1,542,34,Clear,0,No,No,80,Medium
2026-05-30 16:30,Vaishali Ghaziabad,28.646,77.339,857,13,Fog,0,No,No,51,Very High
2026-05-30 16:40,Connaught Place,28.6315,77.2167,196,45,Rain,7,No,No,28,Low
2026-05-30 16:50,MG Road Gurgaon,28.4794,77.0806,695,9,Cloudy,0,Yes,No,59,Very High
2026-05-30 17:00,Dwarka Sector 21,28.5511,77.0565,165,59,Cloudy,0,No,No,89,Low
2026-05-30 17:10,Dwarka Sector 21,28.5511,77.0565,447,41,Cloudy,0,No,No,60,Low
2026-05-30 17:20,Botanical Garden,28.5636,77.334,434,30,Rain,1,No,No,17,Medium
2026-05-30 17:30,Cyber Hub Gurgaon,28.4959,77.0882,180,58,Fog,0,No,No,93,Low
2026-05-30 17:40,Vaishali Ghaziabad,28.646,77.339,166,47,Heavy Rain,1,No,No,44,Low
2026-05-30 17:50,Connaught Place,28.6315,77.2167,900,5,Cloudy,0,Yes,No,12,Very High
2026-05-30 18:00,India Gate,28.6129,77.2295,400,44,Clear,0,No,No,57,Low
2026-05-30 18:10,Akshardham Route,28.6127,77.2773,475,39,Clear,0,No,No,19,Medium
2026-05-30 18:20,IGI Airport T3,28.5562,77.1,423,30,Heavy Rain,10,No,No,27,Medium
2026-05-30 18:30,Lajpat Nagar,28.5677,77.243,459,25,Cloudy,0,Yes,No,93,Medium
2026-05-30 18:40,MG Road Gurgaon,28.4794,77.0806,671,5,Rain,4,Yes,No,97,Very High
2026-05-30 18:50,IGI Airport T3,28.5562,77.1,600,30,Clear,0,No,Yes,52,Medium
2026-05-30 19:00,Lajpat Nagar,28.5677,77.243,886,11,Fog,0,No,Yes,40,Very High
2026-05-30 19:10,India Gate,28.6129,77.2295,804,5,Rain,10,No,No,79,Very High
2026-05-30 19:20,Lajpat Nagar,28.5677,77.243,325,37,Heavy Rain,10,No,No,27,Medium
2026-05-30 19:30,IGI Airport T3,28.5562,77.1,760,20,Clear,0,No,No,28,Very High
2026-05-30 19:40,Vaishali Ghaziabad,28.646,77.339,224,41,Cloudy,0,Yes,No,81,Low
2026-05-30 19:50,India Gate,28.6129,77.2295,591,19,Rain,17,No,No,51,High
2026-05-30 20:00,Dwarka Sector 21,28.5511,77.0565,696,9,Cloudy,0,Yes,Yes,28,Very High
2026-05-30 20:10,IGI Airport T3,28.5562,77.1,749,6,Fog,0,Yes,No,47,Very High
2026-05-30 20:20,Sector 62 Noida,28.628,77.3649,149,61,Fog,0,No,No,77,Low
2026-05-30 20:30,Greater Noida West,28.59,77.43,848,5,Heavy Rain,17,Yes,No,14,Very High
2026-05-30 20:40,Connaught Place,28.6315,77.2167,366,34,Heavy Rain,6,No,No,62,Medium
2026-05-30 20:50,Sector 18 Noida,28.5706,77.324,73,66,Fog,0,No,No,99,Low
2026-05-30 21:00,MG Road Gurgaon,28.4794,77.0806,727,10,Heavy Rain,9,No,No,92,Very High
2026-05-30 21:10,MG Road Gurgaon,28.4794,77.0806,198,30,Heavy Rain,16,Yes,No,39,Medium
2026-05-30 21:20,Cyber Hub Gurgaon,28.4959,77.0882,176,47,Heavy Rain,6,No,No,97,Low
2026-05-30 21:30,Lajpat Nagar,28.5677,77.243,215,44,Heavy Rain,8,No,No,96,Low
2026-05-30 21:40,Greater Noida West,28.59,77.43,187,58,Clear,0,No,No,71,Low
2026-05-30 21:50,MG Road Gurgaon,28.4794,77.0806,101,37,Rain,10,Yes,No,96,Medium
2026-05-30 22:00,Karol Bagh,28.6519,77.1909,728,22,Clear,0,No,No,53,Very High
2026-05-30 22:10,India Gate,28.6129,77.2295,232,55,Cloudy,0,No,No,29,Low
2026-05-30 22:20,Karol Bagh,28.6519,77.1909,834,15,Fog,0,No,No,90,Very High
2026-05-30 22:30,Lajpat Nagar,28.5677,77.243,211,41,Cloudy,0,Yes,No,12,Low
2026-05-30 22:40,Lajpat Nagar,28.5677,77.243,308,50,Clear,0,No,Yes,58,Low
2026-05-30 22:50,Sector 18 Noida,28.5706,77.324,619,17,Rain,10,No,No,45,High
2026-05-30 23:00,MG Road Gurgaon,28.4794,77.0806,666,26,Cloudy,0,No,No,70,Medium
2026-05-30 23:10,MG Road Gurgaon,28.4794,77.0806,769,19,Cloudy,0,No,No,53,Very High
2026-05-30 23:20,India Gate,28.6129,77.2295,344,36,Rain,14,No,No,86,Medium
2026-05-30 23:30,India Gate,28.6129,77.2295,894,5,Rain,6,No,No,96,Very High
2026-05-30 23:40,Karol Bagh,28.6519,77.1909,410,43,Cloudy,0,No,Yes,50,Low
2026-05-30 23:50,MG Road Gurgaon,28.4794,77.0806,292,51,Cloudy,0,No,No,61,Low
2026-05-31 00:00,Greater Noida West,28.59,77.43,773,19,Fog,0,No,No,91,Very High
2026-05-31 00:10,Sector 62 Noida,28.628,77.3649,725,22,Clear,0,No,No,82,Very High
2026-05-31 00:20,Dwarka Sector 21,28.5511,77.0565,575,20,Heavy Rain,5,No,No,70,High
2026-05-31 00:30,Vaishali Ghaziabad,28.646,77.339,229,55,Clear,0,No,No,63,Low
2026-05-31 00:40,Lajpat Nagar,28.5677,77.243,448,26,Fog,0,Yes,Yes,67,Medium
2026-05-31 00:50,DND Flyway,28.5942,77.3053,92,64,Cloudy,0,No,No,75,Low
2026-05-31 01:00,DND Flyway,28.5942,77.3053,407,43,Clear,0,No,No,41,Low
2026-05-31 01:10,Dwarka Sector 21,28.5511,77.0565,132,50,Heavy Rain,1,No,No,63,Low
2026-05-31 01:20,Sector 62 Noida,28.628,77.3649,189,46,Heavy Rain,1,No,No,20,Low
2026-05-31 01:30,MG Road Gurgaon,28.4794,77.0806,559,33,Cloudy,0,No,Yes,31,Medium
2026-05-31 01:40,Connaught Place,28.6315,77.2167,782,18,Clear,0,No,No,95,Very High
2026-05-31 01:50,Botanical Garden,28.5636,77.334,607,18,Heavy Rain,5,No,Yes,49,High
2026-05-31 02:00,Cyber Hub Gurgaon,28.4959,77.0882,742,5,Heavy Rain,1,Yes,No,75,Very High
2026-05-31 02:10,Greater Noida West,28.59,77.43,390,44,Fog,0,No,No,35,Low
2026-05-31 02:20,Sector 18 Noida,28.5706,77.324,818,5,Rain,18,No,No,88,Very High
2026-05-31 02:30,Botanical Garden,28.5636,77.334,786,5,Fog,0,Yes,No,49,Very High
2026-05-31 02:40,Akshardham Route,28.6127,77.2773,69,66,Clear,0,No,No,90,Low
2026-05-31 02:50,Botanical Garden,28.5636,77.334,347,35,Rain,11,No,No,26,Medium
2026-05-31 03:00,Karol Bagh,28.6519,77.1909,724,22,Fog,0,No,No,80,Very High
2026-05-31 03:10,Karol Bagh,28.6519,77.1909,351,35,Rain,12,No,No,76,Medium
2026-05-31 03:20,DND Flyway,28.5942,77.3053,364,19,Rain,19,Yes,No,76,High
2026-05-31 03:30,Akshardham Route,28.6127,77.2773,102,49,Cloudy,0,Yes,No,99,Low
2026-05-31 03:40,DND Flyway,28.5942,77.3053,440,41,Fog,0,No,No,82,Low
2026-05-31 03:50,Cyber Hub Gurgaon,28.4959,77.0882,367,31,Cloudy,0,Yes,No,91,Medium
2026-05-31 04:00,India Gate,28.6129,77.2295,578,32,Cloudy,0,No,No,19,Medium
2026-05-31 04:10,Vaishali Ghaziabad,28.646,77.339,835,5,Heavy Rain,5,No,No,73,Very High
2026-05-31 04:20,Akshardham Route,28.6127,77.2773,804,17,Fog,0,No,No,25,Very High
2026-05-31 04:30,Vaishali Ghaziabad,28.646,77.339,379,45,Cloudy,0,No,Yes,79,Low
2026-05-31 04:40,Sector 18 Noida,28.5706,77.324,796,17,Cloudy,0,No,No,30,Very High
2026-05-31 04:50,India Gate,28.6129,77.2295,469,39,Cloudy,0,No,No,50,Medium
2026-05-31 05:00,Greater Noida West,28.59,77.43,727,22,Fog,0,No,Yes,59,Very High
2026-05-31 05:10,Pari Chowk,28.4671,77.503,613,18,Rain,1,No,No,82,High
2026-05-31 05:20,Botanical Garden,28.5636,77.334,835,15,Clear,0,No,No,95,Very High
2026-05-31 05:30,India Gate,28.6129,77.2295,96,52,Heavy Rain,1,No,No,55,Low
2026-05-31 05:40,Lajpat Nagar,28.5677,77.243,580,32,Cloudy,0,No,No,81,Medium
2026-05-31 05:50,Lajpat Nagar,28.5677,77.243,255,41,Heavy Rain,13,No,No,17,Low
2026-05-31 06:00,Connaught Place,28.6315,77.2167,331,48,Cloudy,0,No,Yes,15,Low
2026-05-31 06:10,DND Flyway,28.5942,77.3053,592,19,Rain,1,No,No,18,High
2026-05-31 06:20,Dwarka Sector 21,28.5511,77.0565,429,30,Heavy Rain,12,No,No,57,Medium
2026-05-31 06:30,Botanical Garden,28.5636,77.334,378,45,Clear,0,No,Yes,94,Low
2026-05-31 06:40,DND Flyway,28.5942,77.3053,342,36,Rain,16,No,No,80,Medium
2026-05-31 06:50,Karol Bagh,28.6519,77.1909,126,35,Heavy Rain,20,Yes,No,40,Medium
2026-05-31 07:00,Lajpat Nagar,28.5677,77.243,817,5,Rain,14,No,No,85,Very High
2026-05-31 07:10,Karol Bagh,28.6519,77.1909,518,24,Rain,3,No,No,55,High
2026-05-31 07:20,Akshardham Route,28.6127,77.2773,636,13,Clear,0,Yes,No,65,Very High
2026-05-31 07:30,DND Flyway,28.5942,77.3053,350,20,Rain,11,Yes,No,36,High
2026-05-31 07:40,Botanical Garden,28.5636,77.334,619,29,Cloudy,0,No,Yes,39,Medium
2026-05-31 07:50,Pari Chowk,28.4671,77.503,149,34,Rain,19,Yes,No,72,Medium
2026-05-31 08:00,Botanical Garden,28.5636,77.334,644,13,Fog,0,Yes,No,94,Very High
2026-05-31 08:10,Akshardham Route,28.6127,77.2773,779,7,Heavy Rain,4,No,Yes,44,Very High
2026-05-31 08:20,DND Flyway,28.5942,77.3053,93,64,Clear,0,No,Yes,20,Low
2026-05-31 08:30,Connaught Place,28.6315,77.2167,691,5,Heavy Rain,10,Yes,Yes,25,Very High
2026-05-31 08:40,Vaishali Ghaziabad,28.646,77.339,515,36,Fog,0,No,No,22,Medium
2026-05-31 08:50,Lajpat Nagar,28.5677,77.243,473,39,Cloudy,0,No,Yes,97,Medium
2026-05-31 09:00,Karol Bagh,28.6519,77.1909,730,7,Cloudy,0,Yes,No,71,Very High
2026-05-31 09:10,Akshardham Route,28.6127,77.2773,876,5,Heavy Rain,8,No,No,89,Very High
2026-05-31 09:20,Vaishali Ghaziabad,28.646,77.339,898,5,Rain,6,No,No,20,Very High
2026-05-31 09:30,Botanical Garden,28.5636,77.334,791,6,Heavy Rain,6,No,No,52,Very High
2026-05-31 09:40,Sector 18 Noida,28.5706,77.324,665,26,Clear,0,No,No,23,Medium
2026-05-31 09:50,Botanical Garden,28.5636,77.334,305,23,Heavy Rain,9,Yes,No,78,High
2026-05-31 10:00,Sector 62 Noida,28.628,77.3649,164,60,Clear,0,No,Yes,67,Low
2026-05-31 10:10,Vaishali Ghaziabad,28.646,77.339,688,25,Fog,0,No,No,56,Medium
2026-05-31 10:20,Botanical Garden,28.5636,77.334,854,5,Heavy Rain,17,Yes,No,27,Very High
2026-05-31 10:30,Greater Noida West,28.59,77.43,645,15,Heavy Rain,16,No,No,58,High
2026-05-31 10:40,Botanical Garden,28.5636,77.334,635,13,Clear,0,Yes,No,90,Very High
2026-05-31 10:50,MG Road Gurgaon,28.4794,77.0806,282,40,Heavy Rain,18,No,No,80,Low
2026-05-31 11:00,Dwarka Sector 21,28.5511,77.0565,420,42,Fog,0,No,No,66,Low
2026-05-31 11:10,Sector 62 Noida,28.628,77.3649,631,16,Rain,10,No,No,95,High
2026-05-31 11:20,Vaishali Ghaziabad,28.646,77.339,284,40,Heavy Rain,9,No,No,82,Low
2026-05-31 11:30,Vaishali Ghaziabad,28.646,77.339,501,22,Fog,0,Yes,No,89,High
2026-05-31 11:40,Cyber Hub Gurgaon,28.4959,77.0882,68,66,Cloudy,0,No,Yes,40,Low
2026-05-31 11:50,Karol Bagh,28.6519,77.1909,514,36,Cloudy,0,No,No,68,Medium
2026-05-31 12:00,Vaishali Ghaziabad,28.646,77.339,780,6,Rain,17,No,No,77,Very High
2026-05-31 12:10,IGI Airport T3,28.5562,77.1,813,5,Rain,18,Yes,No,88,Very High
2026-05-31 12:20,Botanical Garden,28.5636,77.334,251,39,Clear,0,Yes,Yes,17,Medium
2026-05-31 12:30,Dwarka Sector 21,28.5511,77.0565,244,39,Fog,0,Yes,No,94,Medium
2026-05-31 12:40,MG Road Gurgaon,28.4794,77.0806,651,27,Cloudy,0,No,No,72,Medium
2026-05-31 12:50,Sector 18 Noida,28.5706,77.324,793,5,Rain,9,Yes,No,66,Very High
2026-05-31 13:00,Botanical Garden,28.5636,77.334,734,7,Clear,0,Yes,No,90,Very High
2026-05-31 13:10,India Gate,28.6129,77.2295,186,46,Heavy Rain,20,No,No,14,Low
2026-05-31 13:20,Pari Chowk,28.4671,77.503,520,36,Clear,0,No,No,64,Medium
2026-05-31 13:30,MG Road Gurgaon,28.4794,77.0806,359,35,Rain,11,No,No,36,Medium
2026-05-31 13:40,Sector 62 Noida,28.628,77.3649,245,54,Clear,0,No,No,28,Low
2026-05-31 13:50,Cyber Hub Gurgaon,28.4959,77.0882,683,25,Cloudy,0,No,No,95,Medium
2026-05-31 14:00,MG Road Gurgaon,28.4794,77.0806,774,5,Cloudy,0,Yes,Yes,90,Very High
2026-05-31 14:10,Akshardham Route,28.6127,77.2773,208,57,Clear,0,No,No,54,Low
2026-05-31 14:20,MG Road Gurgaon,28.4794,77.0806,367,31,Fog,0,Yes,Yes,60,Medium
2026-05-31 14:30,Greater Noida West,28.59,77.43,455,40,Clear,0,No,Yes,81,Low
2026-05-31 14:40,Cyber Hub Gurgaon,28.4959,77.0882,168,47,Heavy Rain,8,No,No,33,Low
2026-05-31 14:50,Akshardham Route,28.6127,77.2773,524,24,Rain,12,No,Yes,75,High
2026-05-31 15:00,Pari Chowk,28.4671,77.503,894,5,Clear,0,Yes,No,91,Very High
2026-05-31 15:10,MG Road Gurgaon,28.4794,77.0806,392,44,Fog,0,No,No,19,Low
2026-05-31 15:20,Pari Chowk,28.4671,77.503,527,35,Clear,0,No,Yes,60,Medium
2026-05-31 15:30,Pari Chowk,28.4671,77.503,838,15,Clear,0,No,No,92,Very High
2026-05-31 15:40,Sector 18 Noida,28.5706,77.324,96,52,Heavy Rain,20,No,Yes,78,Low
2026-05-31 15:50,Vaishali Ghaziabad,28.646,77.339,366,34,Heavy Rain,11,No,No,20,Medium
2026-05-31 16:00,MG Road Gurgaon,28.4794,77.0806,606,15,Fog,0,Yes,No,79,High
2026-05-31 16:10,DND Flyway,28.5942,77.3053,751,5,Rain,4,Yes,No,64,Very High
2026-05-31 16:20,Pari Chowk,28.4671,77.503,704,24,Fog,0,No,No,62,Very High
2026-05-31 16:30,DND Flyway,28.5942,77.3053,290,39,Rain,18,No,No,10,Medium
2026-05-31 16:40,DND Flyway,28.5942,77.3053,317,49,Fog,0,No,No,93,Low
2026-05-31 16:50,Karol Bagh,28.6519,77.1909,571,20,Rain,13,No,No,38,High
2026-05-31 17:00,India Gate,28.6129,77.2295,597,19,Rain,2,No,Yes,53,High
2026-05-31 17:10,India Gate,28.6129,77.2295,864,5,Rain,17,No,No,99,Very High
2026-05-31 17:20,Vaishali Ghaziabad,28.646,77.339,639,16,Rain,12,No,Yes,69,High
2026-05-31 17:30,IGI Airport T3,28.5562,77.1,697,24,Cloudy,0,No,No,21,High
2026-05-31 17:40,Akshardham Route,28.6127,77.2773,713,23,Fog,0,No,Yes,19,Very High
2026-05-31 17:50,Sector 62 Noida,28.628,77.3649,311,38,Rain,15,No,No,64,Medium
2026-05-31 18:00,Vaishali Ghaziabad,28.646,77.339,608,18,Rain,4,No,No,91,High
2026-05-31 18:10,Sector 62 Noida,28.628,77.3649,897,5,Heavy Rain,19,No,No,49,Very High
2026-05-31 18:20,Pari Chowk,28.4671,77.503,489,38,Fog,0,No,Yes,44,Medium
2026-05-31 18:30,Akshardham Route,28.6127,77.2773,620,17,Heavy Rain,15,No,No,87,High
2026-05-31 18:40,MG Road Gurgaon,28.4794,77.0806,128,62,Fog,0,No,Yes,73,Low
2026-05-31 18:50,Greater Noida West,28.59,77.43,250,42,Rain,5,No,Yes,91,Low
2026-05-31 19:00,Cyber Hub Gurgaon,28.4959,77.0882,449,41,Cloudy,0,No,No,50,Low
2026-05-31 19:10,Dwarka Sector 21,28.5511,77.0565,523,24,Rain,13,No,No,59,High
2026-05-31 19:20,Vaishali Ghaziabad,28.646,77.339,58,67,Clear,0,No,No,37,Low
2026-05-31 19:30,Lajpat Nagar,28.5677,77.243,316,37,Rain,1,No,No,63,Medium
2026-05-31 19:40,Akshardham Route,28.6127,77.2773,847,14,Cloudy,0,No,No,30,Very High
2026-05-31 19:50,Botanical Garden,28.5636,77.334,620,17,Heavy Rain,20,No,No,18,High
2026-05-31 20:00,Vaishali Ghaziabad,28.646,77.339,83,53,Heavy Rain,1,No,No,51,Low
2026-05-31 20:10,Sector 18 Noida,28.5706,77.324,191,58,Clear,0,No,Yes,79,Low
2026-05-31 20:20,IGI Airport T3,28.5562,77.1,729,22,Fog,0,No,No,55,Very High
2026-05-31 20:30,Pari Chowk,28.4671,77.503,135,61,Clear,0,No,No,51,Low
2026-05-31 20:40,Lajpat Nagar,28.5677,77.243,716,8,Clear,0,Yes,No,49,Very High
2026-05-31 20:50,IGI Airport T3,28.5562,77.1,249,54,Cloudy,0,No,No,83,Low
2026-05-31 21:00,Cyber Hub Gurgaon,28.4959,77.0882,741,9,Rain,1,No,Yes,34,Very High
2026-05-31 21:10,Greater Noida West,28.59,77.43,771,19,Fog,0,No,Yes,75,Very High
2026-05-31 21:20,Greater Noida West,28.59,77.43,500,22,Clear,0,Yes,No,72,High
2026-05-31 21:30,Greater Noida West,28.59,77.43,281,25,Heavy Rain,11,Yes,No,43,Medium
2026-05-31 21:40,Botanical Garden,28.5636,77.334,433,27,Fog,0,Yes,Yes,56,Medium
2026-05-31 21:50,Karol Bagh,28.6519,77.1909,542,34,Fog,0,No,No,70,Medium
2026-05-31 22:00,Greater Noida West,28.59,77.43,65,66,Fog,0,No,No,95,Low
2026-05-31 22:10,Sector 18 Noida,28.5706,77.324,535,23,Heavy Rain,2,No,No,65,High
2026-05-31 22:20,Cyber Hub Gurgaon,28.4959,77.0882,462,40,Cloudy,0,No,No,47,Low
2026-05-31 22:30,India Gate,28.6129,77.2295,315,49,Clear,0,No,Yes,35,Low
2026-05-31 22:40,Greater Noida West,28.59,77.43,718,8,Clear,0,Yes,No,31,Very High
2026-05-31 22:50,Lajpat Nagar,28.5677,77.243,377,45,Clear,0,No,Yes,93,Low
2026-05-31 23:00,India Gate,28.6129,77.2295,93,64,Fog,0,No,No,50,Low
2026-05-31 23:10,Sector 18 Noida,28.5706,77.324,603,15,Clear,0,Yes,No,77,High
2026-05-31 23:20,Sector 62 Noida,28.628,77.3649,875,5,Heavy Rain,13,No,No,66,Very High
2026-05-31 23:30,Vaishali Ghaziabad,28.646,77.339,530,35,Cloudy,0,No,No,84,Medium
2026-05-31 23:40,Akshardham Route,28.6127,77.2773,528,35,Cloudy,0,No,No,29,Medium
2026-05-31 23:50,IGI Airport T3,28.5562,77.1,115,63,Clear,0,No,No,88,Low
2026-06-01 00:00,Dwarka Sector 21,28.5511,77.0565,434,42,Cloudy,0,No,No,72,Low
2026-06-01 00:10,Connaught Place,28.6315,77.2167,774,7,Heavy Rain,16,No,No,58,Very High
2026-06-01 00:20,Connaught Place,28.6315,77.2167,779,5,Rain,18,Yes,No,86,Very High
2026-06-01 00:30,India Gate,28.6129,77.2295,83,65,Cloudy,0,No,Yes,74,Low
2026-06-01 00:40,Sector 18 Noida,28.5706,77.324,885,5,Rain,8,No,No,28,Very High
2026-06-01 00:50,Dwarka Sector 21,28.5511,77.0565,842,14,Fog,0,No,No,59,Very High
2026-06-01 01:00,Sector 18 Noida,28.5706,77.324,321,37,Heavy Rain,14,No,No,84,Medium
2026-06-01 01:10,IGI Airport T3,28.5562,77.1,578,32,Clear,0,No,No,60,Medium
2026-06-01 01:20,IGI Airport T3,28.5562,77.1,716,23,Fog,0,No,Yes,97,Very High
2026-06-01 01:30,Cyber Hub Gurgaon,28.4959,77.0882,550,34,Clear,0,No,No,59,Medium
2026-06-01 01:40,India Gate,28.6129,77.2295,675,25,Fog,0,No,No,30,Medium
2026-06-01 01:50,Greater Noida West,28.59,77.43,399,44,Cloudy,0,No,No,49,Low
2026-06-01 02:00,Sector 18 Noida,28.5706,77.324,667,14,Rain,7,No,No,21,Very High
2026-06-01 02:10,Dwarka Sector 21,28.5511,77.0565,114,63,Clear,0,No,Yes,91,Low
2026-06-01 02:20,India Gate,28.6129,77.2295,140,46,Cloudy,0,Yes,No,95,Low
2026-06-01 02:30,Pari Chowk,28.4671,77.503,758,20,Fog,0,No,Yes,77,Very High
2026-06-01 02:40,Cyber Hub Gurgaon,28.4959,77.0882,370,34,Heavy Rain,11,No,No,33,Medium
2026-06-01 02:50,Karol Bagh,28.6519,77.1909,445,29,Rain,1,No,No,51,Medium
2026-06-01 03:00,Pari Chowk,28.4671,77.503,133,62,Fog,0,No,No,77,Low
2026-06-01 03:10,Connaught Place,28.6315,77.2167,825,5,Clear,0,Yes,No,78,Very High
2026-06-01 03:20,Pari Chowk,28.4671,77.503,269,53,Cloudy,0,No,Yes,69,Low
2026-06-01 03:30,Sector 62 Noida,28.628,77.3649,445,29,Heavy Rain,19,No,No,69,Medium
2026-06-01 03:40,Botanical Garden,28.5636,77.334,615,17,Heavy Rain,19,No,No,86,High
2026-06-01 03:50,DND Flyway,28.5942,77.3053,765,19,Fog,0,No,Yes,30,Very High
2026-06-01 04:00,IGI Airport T3,28.5562,77.1,207,42,Fog,0,Yes,No,57,Low
2026-06-01 04:10,Lajpat Nagar,28.5677,77.243,541,22,Rain,17,No,No,96,High
2026-06-01 04:20,Akshardham Route,28.6127,77.2773,444,14,Heavy Rain,11,Yes,No,27,Very High
2026-06-01 04:30,IGI Airport T3,28.5562,77.1,648,27,Clear,0,No,No,75,Medium
2026-06-01 04:40,IGI Airport T3,28.5562,77.1,812,5,Rain,20,No,No,30,Very High
2026-06-01 04:50,Botanical Garden,28.5636,77.334,485,23,Cloudy,0,Yes,Yes,29,High
2026-06-01 05:00,Dwarka Sector 21,28.5511,77.0565,718,11,Heavy Rain,9,No,Yes,17,Very High
2026-06-01 05:10,Vaishali Ghaziabad,28.646,77.339,387,45,Cloudy,0,No,No,87,Low
2026-06-01 05:20,Vaishali Ghaziabad,28.646,77.339,860,5,Rain,16,No,No,31,Very High
2026-06-01 05:30,Dwarka Sector 21,28.5511,77.0565,327,34,Fog,0,Yes,Yes,71,Medium
2026-06-01 05:40,Connaught Place,28.6315,77.2167,304,35,Fog,0,Yes,No,79,Medium
2026-06-01 05:50,Botanical Garden,28.5636,77.334,592,31,Cloudy,0,No,Yes,67,Medium
2026-06-01 06:00,MG Road Gurgaon,28.4794,77.0806,184,46,Heavy Rain,2,No,No,16,Low
2026-06-01 06:10,MG Road Gurgaon,28.4794,77.0806,377,30,Cloudy,0,Yes,Yes,13,Medium
2026-06-01 06:20,Sector 18 Noida,28.5706,77.324,444,29,Rain,5,No,No,31,Medium
2026-06-01 06:30,Cyber Hub Gurgaon,28.4959,77.0882,746,6,Clear,0,Yes,No,57,Very High
2026-06-01 06:40,Connaught Place,28.6315,77.2167,68,66,Cloudy,0,No,No,18,Low
2026-06-01 06:50,Lajpat Nagar,28.5677,77.243,755,8,Rain,20,No,Yes,29,Very High
2026-06-01 07:00,Cyber Hub Gurgaon,28.4959,77.0882,619,14,Cloudy,0,Yes,No,36,Very High
2026-06-01 07:10,DND Flyway,28.5942,77.3053,494,26,Rain,19,No,No,58,Medium
2026-06-01 07:20,IGI Airport T3,28.5562,77.1,510,21,Cloudy,0,Yes,Yes,25,High
2026-06-01 07:30,Lajpat Nagar,28.5677,77.243,405,16,Rain,12,Yes,No,67,High
2026-06-01 07:40,Greater Noida West,28.59,77.43,621,29,Cloudy,0,No,No,33,Medium
2026-06-01 07:50,IGI Airport T3,28.5562,77.1,58,40,Rain,2,Yes,No,39,Low
2026-06-01 08:00,Greater Noida West,28.59,77.43,768,7,Heavy Rain,18,No,Yes,11,Very High
2026-06-01 08:10,Cyber Hub Gurgaon,28.4959,77.0882,664,26,Clear,0,No,No,95,Medium
2026-06-01 08:20,Vaishali Ghaziabad,28.646,77.339,562,21,Rain,3,No,No,37,High
2026-06-01 08:30,IGI Airport T3,28.5562,77.1,176,59,Clear,0,No,No,36,Low
2026-06-01 08:40,Sector 62 Noida,28.628,77.3649,545,22,Heavy Rain,12,No,No,51,High
2026-06-01 08:50,Lajpat Nagar,28.5677,77.243,273,52,Fog,0,No,No,30,Low
2026-06-01 09:00,India Gate,28.6129,77.2295,272,52,Fog,0,No,No,37,Low
2026-06-01 09:10,Vaishali Ghaziabad,28.646,77.339,73,66,Fog,0,No,No,97,Low
2026-06-01 09:20,India Gate,28.6129,77.2295,224,41,Clear,0,Yes,No,10,Low
2026-06-01 09:30,Greater Noida West,28.59,77.43,347,32,Fog,0,Yes,Yes,53,Medium
2026-06-01 09:40,India Gate,28.6129,77.2295,688,13,Rain,17,No,No,25,Very High
2026-06-01 09:50,Vaishali Ghaziabad,28.646,77.339,831,5,Heavy Rain,6,No,No,66,Very High
2026-06-01 10:00,Greater Noida West,28.59,77.43,257,38,Clear,0,Yes,No,14,Medium
2026-06-01 10:10,Lajpat Nagar,28.5677,77.243,596,16,Clear,0,Yes,No,65,High
2026-06-01 10:20,Pari Chowk,28.4671,77.503,457,40,Cloudy,0,No,No,83,Low
2026-06-01 10:30,Cyber Hub Gurgaon,28.4959,77.0882,643,28,Clear,0,No,No,34,Medium
2026-06-01 10:40,Greater Noida West,28.59,77.43,496,25,Heavy Rain,20,No,No,64,Medium
2026-06-01 10:50,Botanical Garden,28.5636,77.334,344,48,Fog,0,No,No,99,Low
2026-06-01 11:00,Pari Chowk,28.4671,77.503,170,47,Heavy Rain,12,No,Yes,13,Low
2026-06-01 11:10,Karol Bagh,28.6519,77.1909,290,24,Rain,18,Yes,No,54,High
2026-06-01 11:20,Pari Chowk,28.4671,77.503,555,33,Fog,0,No,No,36,Medium
2026-06-01 11:30,Greater Noida West,28.59,77.43,682,13,Rain,2,No,No,41,Very High
2026-06-01 11:40,Cyber Hub Gurgaon,28.4959,77.0882,275,25,Rain,4,Yes,Yes,93,Medium
2026-06-01 11:50,IGI Airport T3,28.5562,77.1,345,47,Fog,0,No,No,90,Low
2026-06-01 12:00,Greater Noida West,28.59,77.43,125,50,Heavy Rain,18,No,No,25,Low
2026-06-01 12:10,Dwarka Sector 21,28.5511,77.0565,292,51,Cloudy,0,No,No,94,Low
2026-06-01 12:20,Pari Chowk,28.4671,77.503,361,31,Clear,0,Yes,Yes,62,Medium
2026-06-01 12:30,Akshardham Route,28.6127,77.2773,428,42,Fog,0,No,No,44,Low
2026-06-01 12:40,Pari Chowk,28.4671,77.503,693,24,Cloudy,0,No,No,35,High
2026-06-01 12:50,Vaishali Ghaziabad,28.646,77.339,208,42,Fog,0,Yes,No,80,Low
2026-06-01 13:00,India Gate,28.6129,77.2295,52,55,Heavy Rain,15,No,No,40,Low
2026-06-01 13:10,Connaught Place,28.6315,77.2167,840,5,Rain,19,No,No,18,Very High
2026-06-01 13:20,Botanical Garden,28.5636,77.334,264,26,Rain,20,Yes,No,58,Medium
2026-06-01 13:30,Pari Chowk,28.4671,77.503,533,8,Rain,16,Yes,No,92,Very High
2026-06-01 13:40,DND Flyway,28.5942,77.3053,549,22,Rain,7,No,Yes,61,High
2026-06-01 13:50,DND Flyway,28.5942,77.3053,880,5,Heavy Rain,14,No,Yes,86,Very High
2026-06-01 14:00,Sector 18 Noida,28.5706,77.324,758,20,Clear,0,No,No,42,Very High
2026-06-01 14:10,Connaught Place,28.6315,77.2167,692,24,Fog,0,No,No,66,High
2026-06-01 14:20,DND Flyway,28.5942,77.3053,816,5,Heavy Rain,2,No,No,55,Very High
2026-06-01 14:30,Cyber Hub Gurgaon,28.4959,77.0882,841,5,Cloudy,0,Yes,Yes,31,Very High
2026-06-01 14:40,Vaishali Ghaziabad,28.646,77.339,728,22,Cloudy,0,No,No,66,Very High
2026-06-01 14:50,Akshardham Route,28.6127,77.2773,171,44,Cloudy,0,Yes,No,86,Low
2026-06-01 15:00,Greater Noida West,28.59,77.43,770,19,Cloudy,0,No,No,45,Very High
2026-06-01 15:10,Karol Bagh,28.6519,77.1909,821,16,Fog,0,No,No,43,Very High
2026-06-01 15:20,Akshardham Route,28.6127,77.2773,374,19,Rain,15,Yes,No,41,High
2026-06-01 15:30,Sector 18 Noida,28.5706,77.324,290,24,Rain,2,Yes,No,58,High
2026-06-01 15:40,India Gate,28.6129,77.2295,704,24,Clear,0,No,No,67,Very High
2026-06-01 15:50,Dwarka Sector 21,28.5511,77.0565,633,5,Rain,13,Yes,No,37,Very High
2026-06-01 16:00,MG Road Gurgaon,28.4794,77.0806,624,29,Clear,0,No,Yes,45,Medium
2026-06-01 16:10,Botanical Garden,28.5636,77.334,652,5,Heavy Rain,15,Yes,No,85,Very High
2026-06-01 16:20,India Gate,28.6129,77.2295,193,58,Fog,0,No,No,87,Low
2026-06-01 16:30,MG Road Gurgaon,28.4794,77.0806,240,54,Clear,0,No,No,45,Low
2026-06-01 16:40,Pari Chowk,28.4671,77.503,69,66,Cloudy,0,No,No,99,Low
2026-06-01 16:50,DND Flyway,28.5942,77.3053,504,37,Clear,0,No,No,26,Medium
2026-06-01 17:00,DND Flyway,28.5942,77.3053,889,5,Heavy Rain,12,No,No,34,Very High
2026-06-01 17:10,Dwarka Sector 21,28.5511,77.0565,628,14,Clear,0,Yes,No,89,Very High
2026-06-01 17:20,Cyber Hub Gurgaon,28.4959,77.0882,705,8,Clear,0,Yes,No,52,Very High
2026-06-01 17:30,Botanical Garden,28.5636,77.334,55,67,Cloudy,0,No,No,35,Low
2026-06-01 17:40,Sector 62 Noida,28.628,77.3649,431,42,Fog,0,No,No,70,Low
2026-06-01 17:50,Karol Bagh,28.6519,77.1909,898,5,Cloudy,0,Yes,No,64,Very High
2026-06-01 18:00,Botanical Garden,28.5636,77.334,289,51,Fog,0,No,No,32,Low
2026-06-01 18:10,DND Flyway,28.5942,77.3053,243,42,Heavy Rain,5,No,Yes,79,Low
2026-06-01 18:20,Lajpat Nagar,28.5677,77.243,842,5,Cloudy,0,Yes,Yes,92,Very High
2026-06-01 18:30,Botanical Garden,28.5636,77.334,709,23,Clear,0,No,No,61,Very High
2026-06-01 18:40,Akshardham Route,28.6127,77.2773,481,26,Rain,13,No,No,13,Medium
2026-06-01 18:50,Pari Chowk,28.4671,77.503,320,49,Cloudy,0,No,No,49,Low
2026-06-01 19:00,India Gate,28.6129,77.2295,828,5,Fog,0,Yes,No,20,Very High
2026-06-01 19:10,MG Road Gurgaon,28.4794,77.0806,185,58,Cloudy,0,No,No,63,Low
2026-06-01 19:20,MG Road Gurgaon,28.4794,77.0806,230,28,Heavy Rain,16,Yes,No,11,Medium
2026-06-01 19:30,Sector 62 Noida,28.628,77.3649,364,46,Fog,0,No,Yes,28,Low
2026-06-01 19:40,DND Flyway,28.5942,77.3053,729,22,Clear,0,No,No,22,Very High
2026-06-01 19:50,Lajpat Nagar,28.5677,77.243,408,43,Clear,0,No,No,81,Low
2026-06-01 20:00,Dwarka Sector 21,28.5511,77.0565,329,49,Fog,0,No,No,98,Low
2026-06-01 20:10,Sector 18 Noida,28.5706,77.324,279,52,Clear,0,No,Yes,98,Low
2026-06-01 20:20,Connaught Place,28.6315,77.2167,205,30,Heavy Rain,14,Yes,Yes,67,Medium
2026-06-01 20:30,MG Road Gurgaon,28.4794,77.0806,105,63,Fog,0,No,No,75,Low
2026-06-01 20:40,IGI Airport T3,28.5562,77.1,792,5,Heavy Rain,17,Yes,No,83,Very High
2026-06-01 20:50,Botanical Garden,28.5636,77.334,97,52,Rain,3,No,No,89,Low
2026-06-01 21:00,DND Flyway,28.5942,77.3053,66,66,Fog,0,No,No,12,Low
2026-06-01 21:10,India Gate,28.6129,77.2295,147,46,Clear,0,Yes,No,72,Low
2026-06-01 21:20,Botanical Garden,28.5636,77.334,326,37,Rain,17,No,No,44,Medium
2026-06-01 21:30,DND Flyway,28.5942,77.3053,295,39,Rain,14,No,Yes,83,Medium
2026-06-01 21:40,Karol Bagh,28.6519,77.1909,504,37,Cloudy,0,No,Yes,51,Medium
2026-06-01 21:50,DND Flyway,28.5942,77.3053,549,22,Rain,5,No,Yes,41,High
2026-06-01 22:00,Karol Bagh,28.6519,77.1909,165,44,Clear,0,Yes,No,45,Low
2026-06-01 22:10,Dwarka Sector 21,28.5511,77.0565,317,34,Cloudy,0,Yes,No,74,Medium
2026-06-01 22:20,Sector 62 Noida,28.628,77.3649,101,37,Rain,8,Yes,No,36,Medium
2026-06-01 22:30,Sector 18 Noida,28.5706,77.324,428,42,Clear,0,No,No,88,Low
2026-06-01 22:40,Karol Bagh,28.6519,77.1909,155,45,Fog,0,Yes,No,81,Low
2026-06-01 22:50,DND Flyway,28.5942,77.3053,440,41,Fog,0,No,No,39,Low
2026-06-01 23:00,DND Flyway,28.5942,77.3053,86,65,Clear,0,No,No,71,Low
2026-06-01 23:10,Akshardham Route,28.6127,77.2773,236,55,Cloudy,0,No,Yes,76,Low
2026-06-01 23:20,Cyber Hub Gurgaon,28.4959,77.0882,356,35,Heavy Rain,11,No,No,53,Medium
2026-06-01 23:30,Lajpat Nagar,28.5677,77.243,799,5,Rain,20,No,Yes,33,Very High
2026-06-01 23:40,Dwarka Sector 21,28.5511,77.0565,883,12,Cloudy,0,No,No,96,Very High
2026-06-01 23:50,Akshardham Route,28.6127,77.2773,266,53,Cloudy,0,No,Yes,61,Low
2026-06-02 00:00,Greater Noida West,28.59,77.43,257,41,Heavy Rain,7,No,No,90,Low
2026-06-02 00:10,Sector 18 Noida,28.5706,77.324,189,58,Fog,0,No,Yes,76,Low
2026-06-02 00:20,Cyber Hub Gurgaon,28.4959,77.0882,759,20,Clear,0,No,No,16,Very High
2026-06-02 00:30,Karol Bagh,28.6519,77.1909,516,36,Fog,0,No,No,55,Medium
2026-06-02 00:40,Lajpat Nagar,28.5677,77.243,626,29,Fog,0,No,No,34,Medium
2026-06-02 00:50,Akshardham Route,28.6127,77.2773,130,62,Fog,0,No,Yes,37,Low
2026-06-02 01:00,Akshardham Route,28.6127,77.2773,852,14,Clear,0,No,No,69,Very High
2026-06-02 01:10,DND Flyway,28.5942,77.3053,608,30,Clear,0,No,No,27,Medium
2026-06-02 01:20,Akshardham Route,28.6127,77.2773,472,39,Fog,0,No,No,91,Medium
2026-06-02 01:30,Vaishali Ghaziabad,28.646,77.339,590,16,Clear,0,Yes,Yes,87,High
2026-06-02 01:40,Vaishali Ghaziabad,28.646,77.339,484,38,Fog,0,No,No,44,Medium
2026-06-02 01:50,Karol Bagh,28.6519,77.1909,512,9,Rain,17,Yes,No,85,Very High
2026-06-02 02:00,Botanical Garden,28.5636,77.334,606,30,Clear,0,No,Yes,12,Medium
2026-06-02 02:10,Greater Noida West,28.59,77.43,895,11,Clear,0,No,Yes,93,Very High
2026-06-02 02:20,India Gate,28.6129,77.2295,497,37,Clear,0,No,No,54,Medium
2026-06-02 02:30,Sector 18 Noida,28.5706,77.324,662,26,Cloudy,0,No,No,99,Medium
2026-06-02 02:40,Sector 62 Noida,28.628,77.3649,482,26,Rain,20,No,No,22,Medium
2026-06-02 02:50,MG Road Gurgaon,28.4794,77.0806,678,25,Clear,0,No,No,65,Medium
2026-06-02 03:00,MG Road Gurgaon,28.4794,77.0806,246,42,Rain,6,No,No,45,Low
2026-06-02 03:10,Sector 62 Noida,28.628,77.3649,295,39,Rain,17,No,No,88,Medium
2026-06-02 03:20,Dwarka Sector 21,28.5511,77.0565,345,32,Fog,0,Yes,No,11,Medium
2026-06-02 03:30,Vaishali Ghaziabad,28.646,77.339,358,47,Fog,0,No,Yes,69,Low
2026-06-02 03:40,India Gate,28.6129,77.2295,252,54,Fog,0,No,No,24,Low
2026-06-02 03:50,Greater Noida West,28.59,77.43,383,33,Heavy Rain,10,No,No,91,Medium
2026-06-02 04:00,Lajpat Nagar,28.5677,77.243,699,5,Heavy Rain,19,Yes,Yes,38,Very High
2026-06-02 04:10,Akshardham Route,28.6127,77.2773,487,26,Rain,8,No,No,61,Medium
2026-06-02 04:20,Greater Noida West,28.59,77.43,850,14,Fog,0,No,Yes,72,Very High
2026-06-02 04:30,Lajpat Nagar,28.5677,77.243,229,55,Cloudy,0,No,No,24,Low
2026-06-02 04:40,Karol Bagh,28.6519,77.1909,513,36,Fog,0,No,No,10,Medium
2026-06-02 04:50,Connaught Place,28.6315,77.2167,180,46,Heavy Rain,19,No,No,27,Low
2026-06-02 05:00,Greater Noida West,28.59,77.43,380,30,Fog,0,Yes,No,94,Medium
2026-06-02 05:10,Karol Bagh,28.6519,77.1909,851,5,Rain,9,Yes,No,51,Very High
2026-06-02 05:20,Botanical Garden,28.5636,77.334,196,57,Cloudy,0,No,No,34,Low
2026-06-02 05:30,Dwarka Sector 21,28.5511,77.0565,228,55,Fog,0,No,No,44,Low
2026-06-02 05:40,IGI Airport T3,28.5562,77.1,836,15,Fog,0,No,Yes,41,Very High
2026-06-02 05:50,Sector 18 Noida,28.5706,77.324,851,5,Fog,0,Yes,No,11,Very High
2026-06-02 06:00,IGI Airport T3,28.5562,77.1,788,18,Fog,0,No,No,71,Very High
2026-06-02 06:10,Lajpat Nagar,28.5677,77.243,878,12,Cloudy,0,No,Yes,84,Very High
2026-06-02 06:20,Karol Bagh,28.6519,77.1909,485,38,Fog,0,No,No,93,Medium
2026-06-02 06:30,Akshardham Route,28.6127,77.2773,641,28,Clear,0,No,No,82,Medium
2026-06-02 06:40,DND Flyway,28.5942,77.3053,881,5,Rain,10,No,Yes,24,Very High
2026-06-02 06:50,Lajpat Nagar,28.5677,77.243,140,61,Cloudy,0,No,Yes,14,Low
2026-06-02 07:00,India Gate,28.6129,77.2295,866,5,Rain,13,Yes,No,24,Very High
2026-06-02 07:10,India Gate,28.6129,77.2295,643,16,Heavy Rain,19,No,No,54,High
2026-06-02 07:20,MG Road Gurgaon,28.4794,77.0806,70,66,Cloudy,0,No,Yes,12,Low
2026-06-02 07:30,Botanical Garden,28.5636,77.334,696,24,Cloudy,0,No,Yes,34,High
2026-06-02 07:40,Cyber Hub Gurgaon,28.4959,77.0882,635,13,Cloudy,0,Yes,No,82,Very High
2026-06-02 07:50,Vaishali Ghaziabad,28.646,77.339,666,14,Heavy Rain,18,No,No,79,Very High
2026-06-02 08:00,DND Flyway,28.5942,77.3053,536,35,Fog,0,No,No,36,Medium
2026-06-02 08:10,Dwarka Sector 21,28.5511,77.0565,495,25,Rain,13,No,No,86,Medium
2026-06-02 08:20,India Gate,28.6129,77.2295,520,36,Cloudy,0,No,No,99,Medium
2026-06-02 08:30,Lajpat Nagar,28.5677,77.243,836,15,Fog,0,No,No,24,Very High
2026-06-02 08:40,Pari Chowk,28.4671,77.503,574,32,Cloudy,0,No,No,78,Medium
2026-06-02 08:50,Cyber Hub Gurgaon,28.4959,77.0882,275,40,Rain,17,No,No,62,Low
2026-06-02 09:00,Greater Noida West,28.59,77.43,118,48,Cloudy,0,Yes,Yes,86,Low
2026-06-02 09:10,Akshardham Route,28.6127,77.2773,815,5,Rain,19,No,Yes,95,Very High
2026-06-02 09:20,Pari Chowk,28.4671,77.503,237,40,Fog,0,Yes,Yes,63,Low
2026-06-02 09:30,Pari Chowk,28.4671,77.503,877,5,Fog,0,Yes,No,76,Very High
2026-06-02 09:40,IGI Airport T3,28.5562,77.1,208,57,Clear,0,No,No,73,Low
2026-06-02 09:50,Sector 18 Noida,28.5706,77.324,693,24,Fog,0,No,Yes,22,High
2026-06-02 10:00,Vaishali Ghaziabad,28.646,77.339,126,35,Heavy Rain,19,Yes,No,56,Medium
2026-06-02 10:10,Sector 18 Noida,28.5706,77.324,420,27,Cloudy,0,Yes,Yes,27,Medium
2026-06-02 10:20,Connaught Place,28.6315,77.2167,449,26,Cloudy,0,Yes,No,70,Medium
2026-06-02 10:30,Dwarka Sector 21,28.5511,77.0565,357,47,Cloudy,0,No,No,71,Low
2026-06-02 10:40,Botanical Garden,28.5636,77.334,61,54,Heavy Rain,7,No,No,21,Low
2026-06-02 10:50,India Gate,28.6129,77.2295,876,12,Clear,0,No,No,77,Very High
2026-06-02 11:00,Akshardham Route,28.6127,77.2773,399,32,Heavy Rain,15,No,No,43,Medium
2026-06-02 11:10,Connaught Place,28.6315,77.2167,261,41,Rain,6,No,No,56,Low
2026-06-02 11:20,Sector 18 Noida,28.5706,77.324,662,26,Fog,0,No,No,95,Medium
2026-06-02 11:30,Connaught Place,28.6315,77.2167,403,32,Heavy Rain,15,No,No,74,Medium
2026-06-02 11:40,MG Road Gurgaon,28.4794,77.0806,280,52,Fog,0,No,No,87,Low
2026-06-02 11:50,Lajpat Nagar,28.5677,77.243,879,12,Clear,0,No,No,11,Very High
2026-06-02 12:00,Vaishali Ghaziabad,28.646,77.339,470,39,Cloudy,0,No,No,85,Medium
2026-06-02 12:10,DND Flyway,28.5942,77.3053,339,21,Rain,5,Yes,No,57,High
2026-06-02 12:20,Cyber Hub Gurgaon,28.4959,77.0882,736,6,Cloudy,0,Yes,Yes,83,Very High
2026-06-02 12:30,DND Flyway,28.5942,77.3053,602,18,Rain,6,No,No,19,High
2026-06-02 12:40,Vaishali Ghaziabad,28.646,77.339,312,35,Cloudy,0,Yes,No,72,Medium
2026-06-02 12:50,Dwarka Sector 21,28.5511,77.0565,520,24,Heavy Rain,18,No,Yes,47,High
2026-06-02 13:00,Akshardham Route,28.6127,77.2773,850,14,Clear,0,No,Yes,29,Very High
2026-06-02 13:10,Pari Chowk,28.4671,77.503,240,42,Rain,13,No,No,11,Low
2026-06-02 13:20,DND Flyway,28.5942,77.3053,178,59,Cloudy,0,No,No,74,Low
2026-06-02 13:30,MG Road Gurgaon,28.4794,77.0806,89,53,Rain,17,No,No,61,Low
2026-06-02 13:40,Sector 18 Noida,28.5706,77.324,364,31,Clear,0,Yes,No,77,Medium
2026-06-02 13:50,MG Road Gurgaon,28.4794,77.0806,521,24,Heavy Rain,9,No,No,48,High
2026-06-02 14:00,Cyber Hub Gurgaon,28.4959,77.0882,325,22,Heavy Rain,10,Yes,No,70,High
2026-06-02 14:10,Akshardham Route,28.6127,77.2773,309,38,Rain,14,No,Yes,66,Medium
2026-06-02 14:20,Greater Noida West,28.59,77.43,724,7,Cloudy,0,Yes,No,43,Very High
2026-06-02 14:30,Greater Noida West,28.59,77.43,91,52,Heavy Rain,20,No,No,87,Low
2026-06-02 14:40,India Gate,28.6129,77.2295,172,47,Rain,5,No,No,20,Low
2026-06-02 14:50,Dwarka Sector 21,28.5511,77.0565,57,40,Rain,7,Yes,No,41,Low
2026-06-02 15:00,Greater Noida West,28.59,77.43,150,60,Cloudy,0,No,No,50,Low
2026-06-02 15:10,DND Flyway,28.5942,77.3053,143,49,Rain,13,No,No,40,Low
2026-06-02 15:20,Sector 62 Noida,28.628,77.3649,108,63,Cloudy,0,No,No,67,Low
2026-06-02 15:30,Akshardham Route,28.6127,77.2773,136,49,Rain,17,No,No,83,Low
2026-06-02 15:40,MG Road Gurgaon,28.4794,77.0806,196,57,Clear,0,No,No,19,Low
2026-06-02 15:50,Sector 18 Noida,28.5706,77.324,551,22,Rain,12,No,No,95,High
2026-06-02 16:00,Connaught Place,28.6315,77.2167,564,21,Rain,19,No,No,83,High
2026-06-02 16:10,India Gate,28.6129,77.2295,475,39,Cloudy,0,No,Yes,40,Medium
2026-06-02 16:20,Greater Noida West,28.59,77.43,158,48,Heavy Rain,13,No,No,28,Low
2026-06-02 16:30,Karol Bagh,28.6519,77.1909,135,49,Heavy Rain,5,No,Yes,93,Low
2026-06-02 16:40,Dwarka Sector 21,28.5511,77.0565,714,11,Rain,16,No,Yes,70,Very High
2026-06-02 16:50,Akshardham Route,28.6127,77.2773,480,38,Fog,0,No,No,18,Medium
2026-06-02 17:00,Botanical Garden,28.5636,77.334,847,14,Cloudy,0,No,No,40,Very High
2026-06-02 17:10,Akshardham Route,28.6127,77.2773,561,33,Fog,0,No,No,96,Medium
2026-06-02 17:20,Vaishali Ghaziabad,28.646,77.339,472,24,Fog,0,Yes,No,68,High
2026-06-02 17:30,Sector 62 Noida,28.628,77.3649,619,29,Clear,0,No,No,21,Medium
2026-06-02 17:40,DND Flyway,28.5942,77.3053,852,5,Cloudy,0,Yes,Yes,56,Very High
2026-06-02 17:50,MG Road Gurgaon,28.4794,77.0806,871,5,Heavy Rain,19,No,Yes,49,Very High
2026-06-02 18:00,Greater Noida West,28.59,77.43,413,43,Fog,0,No,Yes,45,Low
2026-06-02 18:10,Sector 18 Noida,28.5706,77.324,764,5,Rain,16,Yes,Yes,43,Very High
2026-06-02 18:20,DND Flyway,28.5942,77.3053,586,19,Heavy Rain,13,No,No,26,High
2026-06-02 18:30,Pari Chowk,28.4671,77.503,398,32,Rain,13,No,No,65,Medium
2026-06-02 18:40,Dwarka Sector 21,28.5511,77.0565,675,25,Clear,0,No,No,94,Medium
2026-06-02 18:50,Sector 18 Noida,28.5706,77.324,358,47,Fog,0,No,Yes,42,Low
2026-06-02 19:00,Akshardham Route,28.6127,77.2773,622,17,Heavy Rain,17,No,No,32,High
2026-06-02 19:10,DND Flyway,28.5942,77.3053,218,56,Fog,0,No,No,94,Low
2026-06-02 19:20,Pari Chowk,28.4671,77.503,314,50,Clear,0,No,No,99,Low
2026-06-02 19:30,MG Road Gurgaon,28.4794,77.0806,129,47,Cloudy,0,Yes,No,56,Low
2026-06-02 19:40,Pari Chowk,28.4671,77.503,590,31,Fog,0,No,No,64,Medium
2026-06-02 19:50,Botanical Garden,28.5636,77.334,105,48,Clear,0,Yes,Yes,92,Low
2026-06-02 20:00,Sector 62 Noida,28.628,77.3649,163,48,Heavy Rain,13,No,No,12,Low
2026-06-02 20:10,Sector 18 Noida,28.5706,77.324,574,32,Clear,0,No,No,100,Medium
2026-06-02 20:20,DND Flyway,28.5942,77.3053,546,19,Clear,0,Yes,No,14,High
2026-06-02 20:30,IGI Airport T3,28.5562,77.1,269,53,Cloudy,0,No,Yes,37,Low
2026-06-02 20:40,Sector 18 Noida,28.5706,77.324,757,20,Fog,0,No,No,41,Very High
2026-06-02 20:50,Karol Bagh,28.6519,77.1909,835,5,Rain,14,Yes,No,23,Very High
2026-06-02 21:00,Connaught Place,28.6315,77.2167,734,7,Fog,0,Yes,No,61,Very High
2026-06-02 21:10,IGI Airport T3,28.5562,77.1,141,61,Cloudy,0,No,Yes,45,Low
2026-06-02 21:20,Sector 62 Noida,28.628,77.3649,334,33,Clear,0,Yes,No,72,Medium
2026-06-02 21:30,Akshardham Route,28.6127,77.2773,580,32,Cloudy,0,No,No,51,Medium
2026-06-02 21:40,Sector 62 Noida,28.628,77.3649,669,14,Rain,7,No,No,71,Very High
2026-06-02 21:50,Sector 62 Noida,28.628,77.3649,129,47,Clear,0,Yes,No,22,Low
2026-06-02 22:00,Dwarka Sector 21,28.5511,77.0565,751,20,Cloudy,0,No,No,57,Very High
2026-06-02 22:10,Akshardham Route,28.6127,77.2773,492,11,Rain,13,Yes,No,16,Very High
2026-06-02 22:20,Botanical Garden,28.5636,77.334,407,31,Rain,8,No,No,11,Medium
2026-06-02 22:30,IGI Airport T3,28.5562,77.1,326,22,Heavy Rain,6,Yes,No,26,High
2026-06-02 22:40,Botanical Garden,28.5636,77.334,758,20,Clear,0,No,No,94,Very High
2026-06-02 22:50,Lajpat Nagar,28.5677,77.243,301,50,Clear,0,No,No,65,Low
2026-06-02 23:00,Lajpat Nagar,28.5677,77.243,607,5,Rain,11,Yes,Yes,73,Very High
2026-06-02 23:10,Dwarka Sector 21,28.5511,77.0565,139,49,Rain,4,No,No,58,Low
2026-06-02 23:20,Karol Bagh,28.6519,77.1909,491,26,Rain,20,No,No,74,Medium
2026-06-02 23:30,Botanical Garden,28.5636,77.334,702,12,Heavy Rain,1,No,No,100,Very High
2026-06-02 23:40,Akshardham Route,28.6127,77.2773,834,15,Clear,0,No,No,53,Very High
2026-06-02 23:50,Botanical Garden,28.5636,77.334,448,29,Rain,20,No,No,44,Medium
2026-06-03 00:00,Cyber Hub Gurgaon,28.4959,77.0882,691,12,Rain,19,No,No,64,Very High
2026-06-03 00:10,Sector 62 Noida,28.628,77.3649,357,20,Heavy Rain,2,Yes,Yes,76,High
2026-06-03 00:20,Pari Chowk,28.4671,77.503,396,29,Clear,0,Yes,No,66,Medium
2026-06-03 00:30,Dwarka Sector 21,28.5511,77.0565,562,21,Heavy Rain,3,No,No,16,High
2026-06-03 00:40,MG Road Gurgaon,28.4794,77.0806,510,24,Heavy Rain,7,No,Yes,17,High
2026-06-03 00:50,MG Road Gurgaon,28.4794,77.0806,390,44,Fog,0,No,Yes,22,Low
2026-06-03 01:00,Cyber Hub Gurgaon,28.4959,77.0882,259,41,Rain,20,No,Yes,99,Low
2026-06-03 01:10,DND Flyway,28.5942,77.3053,352,35,Heavy Rain,6,No,No,90,Medium
2026-06-03 01:20,Lajpat Nagar,28.5677,77.243,522,36,Fog,0,No,No,40,Medium
2026-06-03 01:30,Akshardham Route,28.6127,77.2773,232,40,Cloudy,0,Yes,No,42,Low
2026-06-03 01:40,Botanical Garden,28.5636,77.334,378,45,Fog,0,No,Yes,93,Low
2026-06-03 01:50,Sector 18 Noida,28.5706,77.324,863,13,Clear,0,No,No,28,Very High
2026-06-03 02:00,Sector 18 Noida,28.5706,77.324,457,40,Fog,0,No,No,34,Low
2026-06-03 02:10,India Gate,28.6129,77.2295,57,55,Heavy Rain,8,No,Yes,33,Low
2026-06-03 02:20,Lajpat Nagar,28.5677,77.243,741,21,Clear,0,No,No,94,Very High
2026-06-03 02:30,Akshardham Route,28.6127,77.2773,254,54,Fog,0,No,No,75,Low
2026-06-03 02:40,Sector 62 Noida,28.628,77.3649,561,6,Rain,8,Yes,No,95,Very High
2026-06-03 02:50,Dwarka Sector 21,28.5511,77.0565,331,33,Clear,0,Yes,Yes,79,Medium
2026-06-03 03:00,Akshardham Route,28.6127,77.2773,613,30,Fog,0,No,Yes,78,Medium
2026-06-03 03:10,Cyber Hub Gurgaon,28.4959,77.0882,511,36,Clear,0,No,No,38,Medium
2026-06-03 03:20,Karol Bagh,28.6519,77.1909,879,12,Fog,0,No,No,88,Very High
2026-06-03 03:30,Vaishali Ghaziabad,28.646,77.339,511,9,Rain,10,Yes,No,35,Very High
2026-06-03 03:40,Karol Bagh,28.6519,77.1909,157,60,Cloudy,0,No,No,32,Low
2026-06-03 03:50,Botanical Garden,28.5636,77.334,661,26,Cloudy,0,No,No,92,Medium
2026-06-03 04:00,Sector 62 Noida,28.628,77.3649,321,37,Heavy Rain,6,No,No,91,Medium
2026-06-03 04:10,IGI Airport T3,28.5562,77.1,668,26,Cloudy,0,No,Yes,96,Medium
2026-06-03 04:20,Greater Noida West,28.59,77.43,154,60,Cloudy,0,No,No,15,Low
2026-06-03 04:30,Karol Bagh,28.6519,77.1909,331,48,Cloudy,0,No,No,53,Low
2026-06-03 04:40,Sector 18 Noida,28.5706,77.324,404,44,Fog,0,No,No,28,Low
2026-06-03 04:50,Connaught Place,28.6315,77.2167,820,5,Heavy Rain,4,No,No,72,Very High
2026-06-03 05:00,India Gate,28.6129,77.2295,566,18,Clear,0,Yes,No,94,High
2026-06-03 05:10,Sector 62 Noida,28.628,77.3649,97,64,Clear,0,No,No,44,Low
2026-06-03 05:20,Akshardham Route,28.6127,77.2773,686,13,Rain,9,No,No,54,Very High
2026-06-03 05:30,Cyber Hub Gurgaon,28.4959,77.0882,545,34,Fog,0,No,Yes,69,Medium
2026-06-03 05:40,Karol Bagh,28.6519,77.1909,683,25,Cloudy,0,No,No,96,Medium
2026-06-03 05:50,Sector 18 Noida,28.5706,77.324,465,39,Clear,0,No,Yes,52,Medium
2026-06-03 06:00,Akshardham Route,28.6127,77.2773,611,30,Fog,0,No,No,73,Medium
2026-06-03 06:10,MG Road Gurgaon,28.4794,77.0806,264,53,Clear,0,No,No,75,Low
2026-06-03 06:20,Sector 62 Noida,28.628,77.3649,96,64,Cloudy,0,No,No,68,Low
2026-06-03 06:30,Dwarka Sector 21,28.5511,77.0565,60,39,Heavy Rain,9,Yes,No,84,Medium
2026-06-03 06:40,IGI Airport T3,28.5562,77.1,649,27,Fog,0,No,No,83,Medium
2026-06-03 06:50,Pari Chowk,28.4671,77.503,359,32,Cloudy,0,Yes,No,66,Medium
2026-06-03 07:00,Akshardham Route,28.6127,77.2773,735,5,Heavy Rain,1,Yes,Yes,55,Very High
2026-06-03 07:10,India Gate,28.6129,77.2295,517,21,Cloudy,0,Yes,No,11,High
2026-06-03 07:20,MG Road Gurgaon,28.4794,77.0806,317,49,Clear,0,No,No,44,Low
2026-06-03 07:30,Karol Bagh,28.6519,77.1909,241,42,Rain,14,No,No,84,Low
2026-06-03 07:40,DND Flyway,28.5942,77.3053,520,21,Fog,0,Yes,No,50,High
2026-06-03 07:50,Greater Noida West,28.59,77.43,293,39,Heavy Rain,19,No,No,22,Medium
2026-06-03 08:00,IGI Airport T3,28.5562,77.1,424,42,Clear,0,No,No,41,Low
2026-06-03 08:10,Akshardham Route,28.6127,77.2773,188,58,Cloudy,0,No,No,91,Low
2026-06-03 08:20,Pari Chowk,28.4671,77.503,224,56,Clear,0,No,No,90,Low
2026-06-03 08:30,India Gate,28.6129,77.2295,525,35,Clear,0,No,No,93,Medium
2026-06-03 08:40,Botanical Garden,28.5636,77.334,725,22,Fog,0,No,No,20,Very High
2026-06-03 08:50,Greater Noida West,28.59,77.43,452,40,Cloudy,0,No,Yes,31,Low
2026-06-03 09:00,Dwarka Sector 21,28.5511,77.0565,642,13,Clear,0,Yes,Yes,26,Very High
2026-06-03 09:10,Sector 18 Noida,28.5706,77.324,578,32,Cloudy,0,No,Yes,27,Medium
2026-06-03 09:20,Dwarka Sector 21,28.5511,77.0565,443,26,Fog,0,Yes,No,55,Medium
2026-06-03 09:30,Greater Noida West,28.59,77.43,799,5,Rain,14,Yes,No,38,Very High
2026-06-03 09:40,Vaishali Ghaziabad,28.646,77.339,417,43,Cloudy,0,No,Yes,35,Low
2026-06-03 09:50,Botanical Garden,28.5636,77.334,744,21,Fog,0,No,No,58,Very High
2026-06-03 10:00,Connaught Place,28.6315,77.2167,651,27,Fog,0,No,Yes,12,Medium
2026-06-03 10:10,Dwarka Sector 21,28.5511,77.0565,298,24,Heavy Rain,11,Yes,No,16,High
2026-06-03 10:20,Pari Chowk,28.4671,77.503,875,5,Rain,9,No,No,91,Very High
2026-06-03 10:30,Akshardham Route,28.6127,77.2773,820,16,Fog,0,No,No,22,Very High
2026-06-03 10:40,Botanical Garden,28.5636,77.334,403,29,Fog,0,Yes,No,28,Medium
2026-06-03 10:50,Greater Noida West,28.59,77.43,607,30,Fog,0,No,No,71,Medium
2026-06-03 11:00,Connaught Place,28.6315,77.2167,341,48,Cloudy,0,No,No,65,Low
2026-06-03 11:10,Greater Noida West,28.59,77.43,750,20,Clear,0,No,No,100,Very High
2026-06-03 11:20,Sector 18 Noida,28.5706,77.324,71,66,Fog,0,No,Yes,76,Low
2026-06-03 11:30,Greater Noida West,28.59,77.43,759,8,Rain,7,No,No,37,Very High
2026-06-03 11:40,Connaught Place,28.6315,77.2167,829,5,Heavy Rain,5,Yes,No,85,Very High
2026-06-03 11:50,Akshardham Route,28.6127,77.2773,888,5,Clear,0,Yes,Yes,68,Very High
2026-06-03 12:00,Karol Bagh,28.6519,77.1909,571,32,Cloudy,0,No,No,10,Medium
2026-06-03 12:10,Vaishali Ghaziabad,28.646,77.339,573,20,Rain,11,No,No,100,High
2026-06-03 12:20,DND Flyway,28.5942,77.3053,736,9,Heavy Rain,9,No,No,85,Very High
2026-06-03 12:30,Connaught Place,28.6315,77.2167,57,55,Rain,9,No,No,69,Low
2026-06-03 12:40,Botanical Garden,28.5636,77.334,803,5,Rain,5,No,No,76,Very High
2026-06-03 12:50,Lajpat Nagar,28.5677,77.243,746,6,Fog,0,Yes,No,35,Very High
2026-06-03 13:00,Karol Bagh,28.6519,77.1909,104,64,Fog,0,No,No,61,Low
2026-06-03 13:10,DND Flyway,28.5942,77.3053,564,33,Cloudy,0,No,No,16,Medium
2026-06-03 13:20,Sector 18 Noida,28.5706,77.324,767,5,Clear,0,Yes,Yes,37,Very High
2026-06-03 13:30,Botanical Garden,28.5636,77.334,150,60,Clear,0,No,No,63,Low
2026-06-03 13:40,India Gate,28.6129,77.2295,557,21,Heavy Rain,3,No,Yes,39,High
2026-06-03 13:50,Connaught Place,28.6315,77.2167,194,58,Cloudy,0,No,Yes,98,Low
2026-06-03 14:00,India Gate,28.6129,77.2295,811,5,Clear,0,Yes,No,45,Very High
2026-06-03 14:10,Sector 18 Noida,28.5706,77.324,822,16,Fog,0,No,No,60,Very High
2026-06-03 14:20,Connaught Place,28.6315,77.2167,586,5,Rain,8,Yes,No,42,Very High
2026-06-03 14:30,Karol Bagh,28.6519,77.1909,243,42,Heavy Rain,17,No,No,26,Low
2026-06-03 14:40,Dwarka Sector 21,28.5511,77.0565,740,21,Clear,0,No,No,41,Very High
2026-06-03 14:50,Sector 62 Noida,28.628,77.3649,297,51,Cloudy,0,No,No,29,Low
2026-06-03 15:00,Pari Chowk,28.4671,77.503,176,59,Fog,0,No,No,34,Low
2026-06-03 15:10,Cyber Hub Gurgaon,28.4959,77.0882,422,42,Fog,0,No,No,49,Low
2026-06-03 15:20,Pari Chowk,28.4671,77.503,347,47,Cloudy,0,No,No,75,Low
2026-06-03 15:30,Cyber Hub Gurgaon,28.4959,77.0882,696,24,Cloudy,0,No,No,19,High
2026-06-03 15:40,Sector 18 Noida,28.5706,77.324,839,5,Heavy Rain,13,No,No,65,Very High
2026-06-03 15:50,Cyber Hub Gurgaon,28.4959,77.0882,147,61,Clear,0,No,No,98,Low
2026-06-03 16:00,Akshardham Route,28.6127,77.2773,253,42,Rain,14,No,Yes,72,Low
2026-06-03 16:10,Karol Bagh,28.6519,77.1909,289,51,Clear,0,No,Yes,34,Low
2026-06-03 16:20,India Gate,28.6129,77.2295,237,43,Heavy Rain,17,No,Yes,19,Low
2026-06-03 16:30,Karol Bagh,28.6519,77.1909,340,21,Rain,17,Yes,No,13,High
2026-06-03 16:40,Botanical Garden,28.5636,77.334,225,43,Rain,18,No,Yes,94,Low
2026-06-03 16:50,Dwarka Sector 21,28.5511,77.0565,636,16,Rain,17,No,No,65,High
2026-06-03 17:00,Dwarka Sector 21,28.5511,77.0565,247,54,Cloudy,0,No,No,50,Low
2026-06-03 17:10,Karol Bagh,28.6519,77.1909,312,50,Clear,0,No,No,92,Low
2026-06-03 17:20,India Gate,28.6129,77.2295,802,5,Heavy Rain,15,No,No,34,Very High
2026-06-03 17:30,DND Flyway,28.5942,77.3053,383,45,Fog,0,No,No,44,Low
2026-06-03 17:40,DND Flyway,28.5942,77.3053,445,41,Fog,0,No,No,58,Low
2026-06-03 17:50,Cyber Hub Gurgaon,28.4959,77.0882,684,25,Fog,0,No,No,89,Medium
2026-06-03 18:00,Karol Bagh,28.6519,77.1909,150,45,Fog,0,Yes,No,52,Low
2026-06-03 18:10,Cyber Hub Gurgaon,28.4959,77.0882,296,51,Cloudy,0,No,No,81,Low
2026-06-03 18:20,Pari Chowk,28.4671,77.503,683,13,Rain,5,No,Yes,99,Very High
2026-06-03 18:30,Karol Bagh,28.6519,77.1909,763,20,Fog,0,No,No,77,Very High
2026-06-03 18:40,Greater Noida West,28.59,77.43,621,17,Rain,16,No,No,55,High
2026-06-03 18:50,Pari Chowk,28.4671,77.503,576,32,Clear,0,No,Yes,81,Medium
2026-06-03 19:00,Akshardham Route,28.6127,77.2773,167,59,Clear,0,No,No,18,Low
2026-06-03 19:10,Akshardham Route,28.6127,77.2773,738,9,Rain,4,No,No,12,Very High
2026-06-03 19:20,Botanical Garden,28.5636,77.334,156,60,Fog,0,No,No,79,Low
2026-06-03 19:30,Sector 18 Noida,28.5706,77.324,603,5,Rain,19,Yes,No,94,Very High
2026-06-03 19:40,Dwarka Sector 21,28.5511,77.0565,834,5,Clear,0,Yes,No,29,Very High
2026-06-03 19:50,Connaught Place,28.6315,77.2167,95,64,Fog,0,No,Yes,23,Low
2026-06-03 20:00,India Gate,28.6129,77.2295,686,25,Cloudy,0,No,No,29,Medium
2026-06-03 20:10,Akshardham Route,28.6127,77.2773,259,53,Cloudy,0,No,Yes,29,Low
2026-06-03 20:20,India Gate,28.6129,77.2295,205,42,Clear,0,Yes,No,60,Low
2026-06-03 20:30,Cyber Hub Gurgaon,28.4959,77.0882,772,19,Cloudy,0,No,No,76,Very High
2026-06-03 20:40,DND Flyway,28.5942,77.3053,159,60,Cloudy,0,No,No,72,Low
2026-06-03 20:50,Connaught Place,28.6315,77.2167,162,48,Heavy Rain,2,No,No,86,Low
2026-06-03 21:00,Akshardham Route,28.6127,77.2773,522,24,Rain,7,No,No,35,High
2026-06-03 21:10,MG Road Gurgaon,28.4794,77.0806,326,49,Clear,0,No,No,85,Low
2026-06-03 21:20,IGI Airport T3,28.5562,77.1,197,45,Rain,9,No,No,68,Low
2026-06-03 21:30,Greater Noida West,28.59,77.43,524,24,Rain,3,No,Yes,90,High
2026-06-03 21:40,Akshardham Route,28.6127,77.2773,701,12,Rain,20,No,No,99,Very High
2026-06-03 21:50,Pari Chowk,28.4671,77.503,455,13,Heavy Rain,19,Yes,Yes,31,Very High
2026-06-03 22:00,DND Flyway,28.5942,77.3053,776,5,Fog,0,Yes,Yes,73,Very High
2026-06-03 22:10,DND Flyway,28.5942,77.3053,635,13,Cloudy,0,Yes,Yes,98,Very High
2026-06-03 22:20,Cyber Hub Gurgaon,28.4959,77.0882,587,31,Clear,0,No,Yes,13,Medium
2026-06-03 22:30,MG Road Gurgaon,28.4794,77.0806,868,13,Fog,0,No,No,64,Very High
2026-06-03 22:40,MG Road Gurgaon,28.4794,77.0806,695,12,Rain,16,No,No,15,Very High
2026-06-03 22:50,Sector 62 Noida,28.628,77.3649,499,10,Rain,6,Yes,No,90,Very High
2026-06-03 23:00,India Gate,28.6129,77.2295,183,46,Heavy Rain,12,No,No,86,Low
2026-06-03 23:10,Sector 62 Noida,28.628,77.3649,468,39,Fog,0,No,No,42,Medium
2026-06-03 23:20,Botanical Garden,28.5636,77.334,767,5,Heavy Rain,11,Yes,No,56,Very High
2026-06-03 23:30,Connaught Place,28.6315,77.2167,675,13,Heavy Rain,3,No,Yes,94,Very High
2026-06-03 23:40,India Gate,28.6129,77.2295,632,16,Heavy Rain,7,No,No,10,High
2026-06-03 23:50,MG Road Gurgaon,28.4794,77.0806,393,44,Clear,0,No,Yes,17,Low
2026-06-04 00:00,Dwarka Sector 21,28.5511,77.0565,853,14,Fog,0,No,No,30,Very High
2026-06-04 00:10,Sector 18 Noida,28.5706,77.324,114,63,Clear,0,No,No,39,Low
2026-06-04 00:20,India Gate,28.6129,77.2295,332,21,Heavy Rain,10,Yes,No,67,High
2026-06-04 00:30,Karol Bagh,28.6519,77.1909,268,53,Clear,0,No,Yes,66,Low
2026-06-04 00:40,Greater Noida West,28.59,77.43,282,25,Heavy Rain,6,Yes,No,74,Medium
2026-06-04 00:50,Connaught Place,28.6315,77.2167,852,14,Clear,0,No,Yes,14,Very High
2026-06-04 01:00,MG Road Gurgaon,28.4794,77.0806,631,28,Cloudy,0,No,No,60,Medium
2026-06-04 01:10,Lajpat Nagar,28.5677,77.243,886,11,Clear,0,No,Yes,54,Very High
2026-06-04 01:20,Dwarka Sector 21,28.5511,77.0565,614,18,Rain,14,No,Yes,63,High
2026-06-04 01:30,Dwarka Sector 21,28.5511,77.0565,320,49,Cloudy,0,No,No,26,Low
2026-06-04 01:40,Karol Bagh,28.6519,77.1909,243,54,Clear,0,No,No,17,Low
2026-06-04 01:50,MG Road Gurgaon,28.4794,77.0806,775,5,Clear,0,Yes,No,62,Very High
2026-06-04 02:00,Connaught Place,28.6315,77.2167,642,28,Fog,0,No,Yes,61,Medium
2026-06-04 02:10,Cyber Hub Gurgaon,28.4959,77.0882,268,53,Fog,0,No,No,60,Low
2026-06-04 02:20,Akshardham Route,28.6127,77.2773,389,33,Rain,14,No,No,60,Medium
2026-06-04 02:30,IGI Airport T3,28.5562,77.1,784,5,Cloudy,0,Yes,No,36,Very High
2026-06-04 02:40,Connaught Place,28.6315,77.2167,83,65,Cloudy,0,No,No,59,Low
2026-06-04 02:50,IGI Airport T3,28.5562,77.1,73,54,Heavy Rain,4,No,Yes,20,Low
2026-06-04 03:00,Sector 62 Noida,28.628,77.3649,445,26,Clear,0,Yes,No,39,Medium
2026-06-04 03:10,Karol Bagh,28.6519,77.1909,898,11,Clear,0,No,Yes,12,Very High
2026-06-04 03:20,Botanical Garden,28.5636,77.334,362,34,Rain,20,No,No,44,Medium
2026-06-04 03:30,DND Flyway,28.5942,77.3053,392,44,Fog,0,No,No,95,Low
2026-06-04 03:40,Pari Chowk,28.4671,77.503,403,44,Cloudy,0,No,Yes,40,Low
2026-06-04 03:50,Greater Noida West,28.59,77.43,386,33,Rain,6,No,No,74,Medium
2026-06-04 04:00,MG Road Gurgaon,28.4794,77.0806,141,61,Clear,0,No,No,44,Low
2026-06-04 04:10,Cyber Hub Gurgaon,28.4959,77.0882,773,7,Rain,18,No,No,75,Very High
2026-06-04 04:20,Connaught Place,28.6315,77.2167,577,17,Cloudy,0,Yes,No,96,High
2026-06-04 04:30,Greater Noida West,28.59,77.43,673,5,Rain,13,Yes,No,72,Very High
2026-06-04 04:40,Connaught Place,28.6315,77.2167,884,5,Clear,0,Yes,No,34,Very High
2026-06-04 04:50,Pari Chowk,28.4671,77.503,587,19,Rain,3,No,Yes,78,High
2026-06-04 05:00,Dwarka Sector 21,28.5511,77.0565,653,12,Clear,0,Yes,No,97,Very High
2026-06-04 05:10,IGI Airport T3,28.5562,77.1,241,54,Fog,0,No,Yes,98,Low
2026-06-04 05:20,Akshardham Route,28.6127,77.2773,702,24,Fog,0,No,No,95,Very High
2026-06-04 05:30,Vaishali Ghaziabad,28.646,77.339,146,34,Rain,1,Yes,No,76,Medium
2026-06-04 05:40,Akshardham Route,28.6127,77.2773,614,30,Fog,0,No,No,94,Medium
2026-06-04 05:50,Pari Chowk,28.4671,77.503,69,66,Clear,0,No,Yes,30,Low
2026-06-04 06:00,Greater Noida West,28.59,77.43,321,37,Heavy Rain,1,No,No,45,Medium
2026-06-04 06:10,Sector 62 Noida,28.628,77.3649,747,21,Cloudy,0,No,No,74,Very High
2026-06-04 06:20,Greater Noida West,28.59,77.43,803,5,Rain,18,No,No,25,Very High
2026-06-04 06:30,Lajpat Nagar,28.5677,77.243,729,22,Fog,0,No,No,93,Very High
2026-06-04 06:40,India Gate,28.6129,77.2295,669,14,Heavy Rain,15,No,Yes,25,Very High
2026-06-04 06:50,Pari Chowk,28.4671,77.503,455,40,Fog,0,No,No,24,Low
2026-06-04 07:00,Sector 62 Noida,28.628,77.3649,630,28,Cloudy,0,No,No,24,Medium
2026-06-04 07:10,Botanical Garden,28.5636,77.334,565,33,Clear,0,No,No,91,Medium
2026-06-04 07:20,Akshardham Route,28.6127,77.2773,264,38,Fog,0,Yes,No,92,Medium
2026-06-04 07:30,Cyber Hub Gurgaon,28.4959,77.0882,721,22,Fog,0,No,No,13,Very High
2026-06-04 07:40,Akshardham Route,28.6127,77.2773,483,23,Fog,0,Yes,Yes,16,High
2026-06-04 07:50,Dwarka Sector 21,28.5511,77.0565,732,10,Rain,1,No,No,48,Very High
2026-06-04 08:00,Cyber Hub Gurgaon,28.4959,77.0882,329,22,Rain,8,Yes,No,59,High
2026-06-04 08:10,IGI Airport T3,28.5562,77.1,648,27,Cloudy,0,No,No,36,Medium
2026-06-04 08:20,Connaught Place,28.6315,77.2167,734,22,Fog,0,No,Yes,42,Very High
2026-06-04 08:30,Greater Noida West,28.59,77.43,589,19,Rain,17,No,No,54,High
2026-06-04 08:40,Pari Chowk,28.4671,77.503,439,41,Clear,0,No,No,78,Low
2026-06-04 08:50,Dwarka Sector 21,28.5511,77.0565,317,34,Clear,0,Yes,No,55,Medium
2026-06-04 09:00,Lajpat Nagar,28.5677,77.243,225,55,Clear,0,No,No,21,Low
2026-06-04 09:10,Lajpat Nagar,28.5677,77.243,452,40,Cloudy,0,No,No,79,Low
2026-06-04 09:20,India Gate,28.6129,77.2295,590,31,Fog,0,No,No,12,Medium
2026-06-04 09:30,Karol Bagh,28.6519,77.1909,819,5,Rain,8,No,Yes,41,Very High
2026-06-04 09:40,Cyber Hub Gurgaon,28.4959,77.0882,769,7,Rain,12,No,No,39,Very High
2026-06-04 09:50,Connaught Place,28.6315,77.2167,236,40,Fog,0,Yes,Yes,10,Low
2026-06-04 10:00,Pari Chowk,28.4671,77.503,868,5,Rain,19,Yes,No,41,Very High
2026-06-04 10:10,Sector 18 Noida,28.5706,77.324,289,51,Clear,0,No,No,51,Low
2026-06-04 10:20,MG Road Gurgaon,28.4794,77.0806,772,5,Cloudy,0,Yes,No,36,Very High
2026-06-04 10:30,Greater Noida West,28.59,77.43,277,40,Heavy Rain,18,No,No,12,Low
2026-06-04 10:40,Pari Chowk,28.4671,77.503,868,13,Fog,0,No,No,86,Very High
2026-06-04 10:50,Pari Chowk,28.4671,77.503,88,53,Heavy Rain,11,No,No,51,Low
2026-06-04 11:00,Akshardham Route,28.6127,77.2773,897,11,Clear,0,No,Yes,97,Very High
2026-06-04 11:10,IGI Airport T3,28.5562,77.1,724,5,Rain,6,Yes,No,81,Very High
2026-06-04 11:20,Sector 18 Noida,28.5706,77.324,461,25,Clear,0,Yes,No,74,Medium
2026-06-04 11:30,Sector 62 Noida,28.628,77.3649,360,34,Rain,8,No,No,35,Medium
2026-06-04 11:40,Cyber Hub Gurgaon,28.4959,77.0882,95,64,Cloudy,0,No,No,20,Low
2026-06-04 11:50,DND Flyway,28.5942,77.3053,262,53,Fog,0,No,No,32,Low
2026-06-04 12:00,Akshardham Route,28.6127,77.2773,449,26,Clear,0,Yes,No,35,Medium
2026-06-04 12:10,Vaishali Ghaziabad,28.646,77.339,627,17,Rain,15,No,No,10,High
2026-06-04 12:20,Greater Noida West,28.59,77.43,387,33,Heavy Rain,10,No,No,55,Medium
2026-06-04 12:30,Akshardham Route,28.6127,77.2773,728,5,Heavy Rain,14,Yes,No,54,Very High
2026-06-04 12:40,Sector 18 Noida,28.5706,77.324,623,29,Clear,0,No,No,15,Medium
2026-06-04 12:50,DND Flyway,28.5942,77.3053,519,24,Heavy Rain,4,No,No,50,High
2026-06-04 13:00,Sector 62 Noida,28.628,77.3649,756,8,Rain,2,No,Yes,35,Very High
2026-06-04 13:10,Greater Noida West,28.59,77.43,662,11,Fog,0,Yes,No,91,Very High
2026-06-04 13:20,Karol Bagh,28.6519,77.1909,534,23,Heavy Rain,13,No,No,23,High
2026-06-04 13:30,Connaught Place,28.6315,77.2167,348,32,Clear,0,Yes,No,18,Medium
2026-06-04 13:40,Akshardham Route,28.6127,77.2773,75,65,Cloudy,0,No,No,94,Low
2026-06-04 13:50,Akshardham Route,28.6127,77.2773,92,49,Fog,0,Yes,No,28,Low
2026-06-04 14:00,Dwarka Sector 21,28.5511,77.0565,216,41,Clear,0,Yes,Yes,53,Low
2026-06-04 14:10,Vaishali Ghaziabad,28.646,77.339,464,40,Clear,0,No,No,22,Low
2026-06-04 14:20,Akshardham Route,28.6127,77.2773,828,15,Fog,0,No,No,47,Very High
2026-06-04 14:30,India Gate,28.6129,77.2295,357,47,Fog,0,No,No,47,Low
2026-06-04 14:40,Greater Noida West,28.59,77.43,677,13,Rain,19,No,No,100,Very High
2026-06-04 14:50,Greater Noida West,28.59,77.43,784,6,Heavy Rain,6,No,No,70,Very High
2026-06-04 15:00,MG Road Gurgaon,28.4794,77.0806,210,44,Heavy Rain,9,No,No,44,Low
2026-06-04 15:10,Vaishali Ghaziabad,28.646,77.339,878,12,Cloudy,0,No,No,97,Very High
2026-06-04 15:20,Cyber Hub Gurgaon,28.4959,77.0882,810,5,Heavy Rain,13,No,No,50,Very High
2026-06-04 15:30,Sector 62 Noida,28.628,77.3649,330,48,Cloudy,0,No,No,42,Low
2026-06-04 15:40,Karol Bagh,28.6519,77.1909,148,49,Heavy Rain,19,No,Yes,99,Low
2026-06-04 15:50,DND Flyway,28.5942,77.3053,542,7,Rain,19,Yes,No,88,Very High
2026-06-04 16:00,Sector 62 Noida,28.628,77.3649,66,51,Clear,0,Yes,No,79,Low
2026-06-04 16:10,Karol Bagh,28.6519,77.1909,358,47,Fog,0,No,Yes,89,Low
2026-06-04 16:20,Karol Bagh,28.6519,77.1909,664,26,Cloudy,0,No,No,50,Medium
2026-06-04 16:30,Lajpat Nagar,28.5677,77.243,723,10,Rain,1,No,No,82,Very High
2026-06-04 16:40,Botanical Garden,28.5636,77.334,100,52,Heavy Rain,15,No,No,34,Low
2026-06-04 16:50,IGI Airport T3,28.5562,77.1,886,11,Clear,0,No,No,66,Very High
2026-06-04 17:00,Sector 18 Noida,28.5706,77.324,539,23,Rain,14,No,No,59,High
2026-06-04 17:10,DND Flyway,28.5942,77.3053,578,32,Fog,0,No,No,44,Medium
2026-06-04 17:20,Akshardham Route,28.6127,77.2773,291,51,Fog,0,No,No,80,Low
2026-06-04 17:30,India Gate,28.6129,77.2295,496,10,Rain,9,Yes,Yes,20,Very High
2026-06-04 17:40,Dwarka Sector 21,28.5511,77.0565,424,27,Cloudy,0,Yes,Yes,22,Medium
2026-06-04 17:50,Cyber Hub Gurgaon,28.4959,77.0882,724,22,Cloudy,0,No,No,70,Very High
2026-06-04 18:00,Greater Noida West,28.59,77.43,528,23,Rain,8,No,No,84,High
2026-06-04 18:10,Greater Noida West,28.59,77.43,51,67,Fog,0,No,No,52,Low
2026-06-04 18:20,Greater Noida West,28.59,77.43,444,41,Fog,0,No,Yes,77,Low
2026-06-04 18:30,Dwarka Sector 21,28.5511,77.0565,421,42,Cloudy,0,No,Yes,77,Low
2026-06-04 18:40,India Gate,28.6129,77.2295,590,19,Rain,13,No,Yes,24,High
2026-06-04 18:50,Pari Chowk,28.4671,77.503,868,5,Heavy Rain,10,No,No,50,Very High
2026-06-04 19:00,Pari Chowk,28.4671,77.503,826,5,Fog,0,Yes,No,67,Very High
2026-06-04 19:10,Greater Noida West,28.59,77.43,595,31,Cloudy,0,No,No,66,Medium
2026-06-04 19:20,Botanical Garden,28.5636,77.334,569,21,Heavy Rain,19,No,No,69,High
2026-06-04 19:30,DND Flyway,28.5942,77.3053,306,23,Rain,14,Yes,No,26,High
2026-06-04 19:40,Vaishali Ghaziabad,28.646,77.339,50,40,Rain,15,Yes,No,37,Low
2026-06-04 19:50,DND Flyway,28.5942,77.3053,111,36,Rain,1,Yes,No,39,Medium
2026-06-04 20:00,India Gate,28.6129,77.2295,702,24,Fog,0,No,No,57,Very High
2026-06-04 20:10,Connaught Place,28.6315,77.2167,527,35,Fog,0,No,Yes,16,Medium
2026-06-04 20:20,Greater Noida West,28.59,77.43,767,19,Clear,0,No,No,76,Very High
2026-06-04 20:30,Cyber Hub Gurgaon,28.4959,77.0882,711,23,Fog,0,No,No,74,Very High
2026-06-04 20:40,Karol Bagh,28.6519,77.1909,87,53,Heavy Rain,11,No,No,23,Low
2026-06-04 20:50,Connaught Place,28.6315,77.2167,681,10,Clear,0,Yes,Yes,62,Very High
2026-06-04 21:00,Pari Chowk,28.4671,77.503,657,5,Heavy Rain,6,Yes,No,25,Very High
2026-06-04 21:10,Connaught Place,28.6315,77.2167,448,41,Clear,0,No,No,88,Low
2026-06-04 21:20,Lajpat Nagar,28.5677,77.243,508,25,Heavy Rain,17,No,No,16,Medium
2026-06-04 21:30,Vaishali Ghaziabad,28.646,77.339,457,13,Heavy Rain,14,Yes,No,37,Very High
2026-06-04 21:40,Cyber Hub Gurgaon,28.4959,77.0882,867,5,Cloudy,0,Yes,No,63,Very High
2026-06-04 21:50,Cyber Hub Gurgaon,28.4959,77.0882,791,5,Clear,0,Yes,Yes,100,Very High
2026-06-04 22:00,Sector 62 Noida,28.628,77.3649,607,30,Fog,0,No,No,17,Medium
2026-06-04 22:10,Sector 62 Noida,28.628,77.3649,146,61,Fog,0,No,No,97,Low
2026-06-04 22:20,Botanical Garden,28.5636,77.334,331,48,Fog,0,No,No,72,Low
2026-06-04 22:30,Pari Chowk,28.4671,77.503,147,61,Cloudy,0,No,Yes,78,Low
2026-06-04 22:40,Dwarka Sector 21,28.5511,77.0565,133,62,Clear,0,No,No,14,Low
2026-06-04 22:50,Dwarka Sector 21,28.5511,77.0565,420,30,Heavy Rain,6,No,No,93,Medium
2026-06-04 23:00,Dwarka Sector 21,28.5511,77.0565,310,23,Heavy Rain,7,Yes,No,46,High
2026-06-04 23:10,Botanical Garden,28.5636,77.334,407,43,Cloudy,0,No,No,32,Low
2026-06-04 23:20,Akshardham Route,28.6127,77.2773,453,40,Cloudy,0,No,No,20,Low
2026-06-04 23:30,DND Flyway,28.5942,77.3053,353,47,Clear,0,No,No,75,Low
2026-06-04 23:40,Botanical Garden,28.5636,77.334,665,26,Cloudy,0,No,No,40,Medium
2026-06-04 23:50,Sector 18 Noida,28.5706,77.324,293,51,Clear,0,No,Yes,10,Low
2026-06-05 00:00,MG Road Gurgaon,28.4794,77.0806,70,66,Fog,0,No,No,18,Low
2026-06-05 00:10,Greater Noida West,28.59,77.43,465,27,Heavy Rain,14,No,Yes,64,Medium
2026-06-05 00:20,Greater Noida West,28.59,77.43,741,5,Rain,13,Yes,No,23,Very High
2026-06-05 00:30,Sector 62 Noida,28.628,77.3649,439,41,Cloudy,0,No,No,12,Low
2026-06-05 00:40,Dwarka Sector 21,28.5511,77.0565,250,54,Clear,0,No,No,27,Low
2026-06-05 00:50,Connaught Place,28.6315,77.2167,394,32,Heavy Rain,9,No,No,21,Medium
2026-06-05 01:00,Sector 18 Noida,28.5706,77.324,835,5,Rain,6,No,No,35,Very High
2026-06-05 01:10,Connaught Place,28.6315,77.2167,332,48,Clear,0,No,No,72,Low
2026-06-05 01:20,Vaishali Ghaziabad,28.646,77.339,677,25,Cloudy,0,No,Yes,63,Medium
2026-06-05 01:30,MG Road Gurgaon,28.4794,77.0806,572,20,Rain,4,No,No,19,High
2026-06-05 01:40,DND Flyway,28.5942,77.3053,320,37,Rain,19,No,No,72,Medium
2026-06-05 01:50,Botanical Garden,28.5636,77.334,814,16,Clear,0,No,No,68,Very High
2026-06-05 02:00,Karol Bagh,28.6519,77.1909,703,24,Cloudy,0,No,No,18,Very High
2026-06-05 02:10,Botanical Garden,28.5636,77.334,231,55,Cloudy,0,No,No,40,Low
2026-06-05 02:20,Cyber Hub Gurgaon,28.4959,77.0882,495,22,Clear,0,Yes,No,65,High
2026-06-05 02:30,Akshardham Route,28.6127,77.2773,296,36,Fog,0,Yes,No,35,Medium
2026-06-05 02:40,Pari Chowk,28.4671,77.503,312,38,Rain,10,No,No,61,Medium
2026-06-05 02:50,Pari Chowk,28.4671,77.503,78,50,Cloudy,0,Yes,Yes,60,Low
2026-06-05 03:00,Pari Chowk,28.4671,77.503,101,52,Rain,15,No,Yes,98,Low
2026-06-05 03:10,Akshardham Route,28.6127,77.2773,623,17,Rain,2,No,No,66,High
2026-06-05 03:20,Akshardham Route,28.6127,77.2773,509,25,Heavy Rain,16,No,No,36,Medium
2026-06-05 03:30,Botanical Garden,28.5636,77.334,352,47,Fog,0,No,Yes,42,Low
2026-06-05 03:40,Connaught Place,28.6315,77.2167,611,30,Clear,0,No,No,38,Medium
2026-06-05 03:50,MG Road Gurgaon,28.4794,77.0806,648,15,Rain,17,No,No,58,High
2026-06-05 04:00,MG Road Gurgaon,28.4794,77.0806,92,37,Rain,3,Yes,No,56,Medium
2026-06-05 04:10,IGI Airport T3,28.5562,77.1,226,43,Heavy Rain,10,No,Yes,59,Low
2026-06-05 04:20,Karol Bagh,28.6519,77.1909,628,17,Heavy Rain,16,No,No,98,High
2026-06-05 04:30,Sector 18 Noida,28.5706,77.324,319,49,Cloudy,0,No,No,88,Low
2026-06-05 04:40,MG Road Gurgaon,28.4794,77.0806,318,49,Clear,0,No,Yes,68,Low
2026-06-05 04:50,Sector 62 Noida,28.628,77.3649,447,41,Fog,0,No,Yes,55,Low
2026-06-05 05:00,Akshardham Route,28.6127,77.2773,845,14,Clear,0,No,No,42,Very High
2026-06-05 05:10,Sector 62 Noida,28.628,77.3649,271,40,Heavy Rain,18,No,No,92,Low
2026-06-05 05:20,Pari Chowk,28.4671,77.503,639,16,Rain,16,No,No,11,High
2026-06-05 05:30,Akshardham Route,28.6127,77.2773,410,31,Heavy Rain,16,No,No,84,Medium
2026-06-05 05:40,MG Road Gurgaon,28.4794,77.0806,260,53,Clear,0,No,Yes,18,Low
2026-06-05 05:50,Sector 62 Noida,28.628,77.3649,307,38,Heavy Rain,16,No,No,47,Medium
2026-06-05 06:00,Sector 18 Noida,28.5706,77.324,684,25,Clear,0,No,No,77,Medium
2026-06-05 06:10,Greater Noida West,28.59,77.43,523,36,Fog,0,No,Yes,35,Medium
2026-06-05 06:20,Sector 62 Noida,28.628,77.3649,680,5,Heavy Rain,15,Yes,Yes,76,Very High
2026-06-05 06:30,Vaishali Ghaziabad,28.646,77.339,888,5,Fog,0,Yes,Yes,86,Very High
2026-06-05 06:40,IGI Airport T3,28.5562,77.1,832,15,Cloudy,0,No,No,37,Very High
2026-06-05 06:50,Cyber Hub Gurgaon,28.4959,77.0882,468,24,Fog,0,Yes,No,47,High
2026-06-05 07:00,MG Road Gurgaon,28.4794,77.0806,589,31,Clear,0,No,No,13,Medium
2026-06-05 07:10,Lajpat Nagar,28.5677,77.243,146,61,Fog,0,No,No,86,Low
2026-06-05 07:20,MG Road Gurgaon,28.4794,77.0806,59,67,Fog,0,No,Yes,23,Low
2026-06-05 07:30,DND Flyway,28.5942,77.3053,501,37,Cloudy,0,No,No,11,Medium
2026-06-05 07:40,IGI Airport T3,28.5562,77.1,95,64,Clear,0,No,No,34,Low
2026-06-05 07:50,Pari Chowk,28.4671,77.503,375,45,Fog,0,No,Yes,30,Low
2026-06-05 08:00,MG Road Gurgaon,28.4794,77.0806,693,24,Clear,0,No,No,54,High
2026-06-05 08:10,Cyber Hub Gurgaon,28.4959,77.0882,656,27,Clear,0,No,No,69,Medium
2026-06-05 08:20,Sector 62 Noida,28.628,77.3649,253,27,Heavy Rain,5,Yes,No,24,Medium
2026-06-05 08:30,Akshardham Route,28.6127,77.2773,520,36,Fog,0,No,No,98,Medium
2026-06-05 08:40,India Gate,28.6129,77.2295,262,41,Rain,2,No,No,67,Low
2026-06-05 08:50,Dwarka Sector 21,28.5511,77.0565,436,41,Cloudy,0,No,No,63,Low
2026-06-05 09:00,Sector 18 Noida,28.5706,77.324,658,5,Heavy Rain,20,Yes,No,38,Very High
2026-06-05 09:10,Karol Bagh,28.6519,77.1909,119,51,Heavy Rain,5,No,No,84,Low
2026-06-05 09:20,Akshardham Route,28.6127,77.2773,615,17,Heavy Rain,5,No,Yes,64,High
2026-06-05 09:30,Connaught Place,28.6315,77.2167,708,23,Fog,0,No,Yes,40,Very High
2026-06-05 09:40,Botanical Garden,28.5636,77.334,895,5,Rain,1,No,No,78,Very High
2026-06-05 09:50,Sector 62 Noida,28.628,77.3649,859,5,Rain,7,No,No,38,Very High
2026-06-05 10:00,Sector 62 Noida,28.628,77.3649,336,21,Rain,18,Yes,No,81,High
2026-06-05 10:10,MG Road Gurgaon,28.4794,77.0806,366,46,Cloudy,0,No,No,54,Low
2026-06-05 10:20,Vaishali Ghaziabad,28.646,77.339,208,45,Heavy Rain,6,No,No,80,Low
2026-06-05 10:30,Connaught Place,28.6315,77.2167,750,8,Rain,14,No,No,90,Very High
2026-06-05 10:40,Lajpat Nagar,28.5677,77.243,415,31,Heavy Rain,5,No,Yes,59,Medium
2026-06-05 10:50,Sector 62 Noida,28.628,77.3649,179,44,Clear,0,Yes,No,25,Low
2026-06-05 11:00,Karol Bagh,28.6519,77.1909,879,12,Clear,0,No,No,29,Very High
2026-06-05 11:10,Greater Noida West,28.59,77.43,157,48,Rain,18,No,No,43,Low
2026-06-05 11:20,Sector 18 Noida,28.5706,77.324,864,5,Heavy Rain,11,No,No,32,Very High
2026-06-05 11:30,Akshardham Route,28.6127,77.2773,663,14,Heavy Rain,5,No,Yes,73,Very High
2026-06-05 11:40,Karol Bagh,28.6519,77.1909,380,45,Fog,0,No,No,95,Low
2026-06-05 11:50,Akshardham Route,28.6127,77.2773,716,11,Heavy Rain,17,No,No,53,Very High
2026-06-05 12:00,Karol Bagh,28.6519,77.1909,365,34,Heavy Rain,13,No,No,24,Medium
2026-06-05 12:10,IGI Airport T3,28.5562,77.1,67,54,Heavy Rain,5,No,Yes,80,Low
2026-06-05 12:20,Greater Noida West,28.59,77.43,896,11,Fog,0,No,No,17,Very High
2026-06-05 12:30,Vaishali Ghaziabad,28.646,77.339,754,8,Rain,19,No,Yes,39,Very High
2026-06-05 12:40,Connaught Place,28.6315,77.2167,315,34,Clear,0,Yes,Yes,95,Medium
2026-06-05 12:50,Dwarka Sector 21,28.5511,77.0565,810,16,Fog,0,No,No,82,Very High
2026-06-05 13:00,Karol Bagh,28.6519,77.1909,804,17,Cloudy,0,No,No,50,Very High
2026-06-05 13:10,Akshardham Route,28.6127,77.2773,621,17,Rain,4,No,Yes,40,High
2026-06-05 13:20,Pari Chowk,28.4671,77.503,744,5,Rain,17,Yes,Yes,24,Very High
2026-06-05 13:30,IGI Airport T3,28.5562,77.1,182,46,Heavy Rain,8,No,No,96,Low
2026-06-05 13:40,Connaught Place,28.6315,77.2167,591,31,Cloudy,0,No,No,36,Medium
2026-06-05 13:50,Connaught Place,28.6315,77.2167,787,6,Heavy Rain,13,No,No,46,Very High
2026-06-05 14:00,IGI Airport T3,28.5562,77.1,605,18,Rain,1,No,Yes,54,High
2026-06-05 14:10,India Gate,28.6129,77.2295,259,38,Cloudy,0,Yes,No,42,Medium
2026-06-05 14:20,Connaught Place,28.6315,77.2167,242,27,Rain,11,Yes,No,64,Medium
2026-06-05 14:30,Cyber Hub Gurgaon,28.4959,77.0882,612,5,Heavy Rain,2,Yes,Yes,65,Very High
2026-06-05 14:40,India Gate,28.6129,77.2295,391,32,Rain,10,No,No,90,Medium
2026-06-05 14:50,MG Road Gurgaon,28.4794,77.0806,694,24,Clear,0,No,No,41,High
2026-06-05 15:00,Botanical Garden,28.5636,77.334,197,42,Clear,0,Yes,No,15,Low
2026-06-05 15:10,Vaishali Ghaziabad,28.646,77.339,266,53,Fog,0,No,No,41,Low
2026-06-05 15:20,IGI Airport T3,28.5562,77.1,558,21,Rain,15,No,No,36,High
2026-06-05 15:30,Cyber Hub Gurgaon,28.4959,77.0882,420,42,Cloudy,0,No,Yes,76,Low
2026-06-05 15:40,Sector 18 Noida,28.5706,77.324,564,18,Clear,0,Yes,No,38,High
2026-06-05 15:50,India Gate,28.6129,77.2295,64,66,Clear,0,No,No,39,Low
2026-06-05 16:00,DND Flyway,28.5942,77.3053,631,28,Fog,0,No,No,66,Medium
2026-06-05 16:10,India Gate,28.6129,77.2295,488,38,Fog,0,No,No,21,Medium
2026-06-05 16:20,Greater Noida West,28.59,77.43,573,32,Fog,0,No,No,92,Medium
2026-06-05 16:30,Dwarka Sector 21,28.5511,77.0565,399,44,Fog,0,No,No,23,Low
2026-06-05 16:40,MG Road Gurgaon,28.4794,77.0806,661,11,Cloudy,0,Yes,No,89,Very High
2026-06-05 16:50,Sector 18 Noida,28.5706,77.324,463,28,Rain,11,No,No,64,Medium
2026-06-05 17:00,Cyber Hub Gurgaon,28.4959,77.0882,861,13,Clear,0,No,No,30,Very High
2026-06-05 17:10,Vaishali Ghaziabad,28.646,77.339,259,41,Heavy Rain,20,No,No,59,Low
2026-06-05 17:20,Greater Noida West,28.59,77.43,120,50,Heavy Rain,6,No,No,83,Low
2026-06-05 17:30,Botanical Garden,28.5636,77.334,470,12,Heavy Rain,9,Yes,No,57,Very High
2026-06-05 17:40,IGI Airport T3,28.5562,77.1,389,45,Fog,0,No,No,94,Low
2026-06-05 17:50,Sector 62 Noida,28.628,77.3649,188,43,Cloudy,0,Yes,No,11,Low
2026-06-05 18:00,DND Flyway,28.5942,77.3053,451,28,Heavy Rain,5,No,Yes,25,Medium
2026-06-05 18:10,Akshardham Route,28.6127,77.2773,733,10,Rain,19,No,Yes,51,Very High
2026-06-05 18:20,Karol Bagh,28.6519,77.1909,475,39,Clear,0,No,No,60,Medium
2026-06-05 18:30,Sector 18 Noida,28.5706,77.324,71,66,Clear,0,No,No,80,Low
2026-06-05 18:40,Greater Noida West,28.59,77.43,341,48,Clear,0,No,No,52,Low
2026-06-05 18:50,Dwarka Sector 21,28.5511,77.0565,378,33,Heavy Rain,8,No,Yes,25,Medium
2026-06-05 19:00,Greater Noida West,28.59,77.43,283,40,Heavy Rain,1,No,No,86,Low
2026-06-05 19:10,DND Flyway,28.5942,77.3053,435,14,Rain,16,Yes,Yes,51,Very High
2026-06-05 19:20,IGI Airport T3,28.5562,77.1,135,46,Cloudy,0,Yes,No,74,Low
2026-06-05 19:30,MG Road Gurgaon,28.4794,77.0806,729,10,Rain,8,No,Yes,47,Very High
2026-06-05 19:40,Dwarka Sector 21,28.5511,77.0565,57,52,Cloudy,0,Yes,Yes,78,Low
2026-06-05 19:50,Sector 62 Noida,28.628,77.3649,624,14,Cloudy,0,Yes,No,93,Very High
2026-06-05 20:00,India Gate,28.6129,77.2295,855,13,Clear,0,No,No,58,Very High
2026-06-05 20:10,India Gate,28.6129,77.2295,732,22,Cloudy,0,No,No,65,Very High
2026-06-05 20:20,Greater Noida West,28.59,77.43,234,55,Cloudy,0,No,Yes,55,Low
2026-06-05 20:30,Karol Bagh,28.6519,77.1909,731,22,Cloudy,0,No,No,10,Very High
2026-06-05 20:40,Akshardham Route,28.6127,77.2773,675,25,Fog,0,No,No,29,Medium
2026-06-05 20:50,Lajpat Nagar,28.5677,77.243,138,61,Clear,0,No,No,70,Low
2026-06-05 21:00,Akshardham Route,28.6127,77.2773,262,53,Cloudy,0,No,No,85,Low
2026-06-05 21:10,Greater Noida West,28.59,77.43,183,58,Clear,0,No,Yes,58,Low
2026-06-05 21:20,Pari Chowk,28.4671,77.503,550,34,Clear,0,No,No,100,Medium
2026-06-05 21:30,Sector 62 Noida,28.628,77.3649,233,55,Cloudy,0,No,No,66,Low
2026-06-05 21:40,Sector 62 Noida,28.628,77.3649,573,20,Heavy Rain,19,No,Yes,18,High
2026-06-05 21:50,IGI Airport T3,28.5562,77.1,368,34,Heavy Rain,15,No,No,98,Medium
2026-06-05 22:00,India Gate,28.6129,77.2295,640,5,Heavy Rain,6,Yes,No,56,Very High
2026-06-05 22:10,Karol Bagh,28.6519,77.1909,424,30,Heavy Rain,10,No,No,86,Medium
2026-06-05 22:20,Connaught Place,28.6315,77.2167,180,46,Heavy Rain,9,No,Yes,50,Low
2026-06-05 22:30,Akshardham Route,28.6127,77.2773,731,7,Cloudy,0,Yes,Yes,51,Very High
2026-06-05 22:40,Connaught Place,28.6315,77.2167,310,38,Heavy Rain,7,No,No,40,Medium
2026-06-05 22:50,IGI Airport T3,28.5562,77.1,427,42,Clear,0,No,No,76,Low
2026-06-05 23:00,Karol Bagh,28.6519,77.1909,649,5,Rain,8,Yes,No,42,Very High
2026-06-05 23:10,Connaught Place,28.6315,77.2167,129,50,Rain,14,No,Yes,78,Low
2026-06-05 23:20,Connaught Place,28.6315,77.2167,430,42,Cloudy,0,No,No,93,Low
2026-06-05 23:30,Cyber Hub Gurgaon,28.4959,77.0882,581,20,Heavy Rain,1,No,No,19,High
2026-06-05 23:40,DND Flyway,28.5942,77.3053,409,16,Rain,15,Yes,No,49,High
2026-06-05 23:50,India Gate,28.6129,77.2295,431,30,Rain,15,No,No,20,Medium
2026-06-06 00:00,Sector 62 Noida,28.628,77.3649,185,46,Rain,14,No,No,32,Low
2026-06-06 00:10,Vaishali Ghaziabad,28.646,77.339,488,23,Clear,0,Yes,No,100,High
2026-06-06 00:20,Pari Chowk,28.4671,77.503,157,48,Heavy Rain,8,No,No,59,Low
2026-06-06 00:30,Karol Bagh,28.6519,77.1909,684,25,Fog,0,No,No,17,Medium
2026-06-06 00:40,Karol Bagh,28.6519,77.1909,280,52,Clear,0,No,No,82,Low
2026-06-06 00:50,Dwarka Sector 21,28.5511,77.0565,504,22,Clear,0,Yes,Yes,37,High
2026-06-06 01:00,DND Flyway,28.5942,77.3053,805,5,Rain,12,No,No,83,Very High
2026-06-06 01:10,Vaishali Ghaziabad,28.646,77.339,274,52,Cloudy,0,No,No,53,Low
2026-06-06 01:20,MG Road Gurgaon,28.4794,77.0806,153,48,Rain,1,No,Yes,37,Low
2026-06-06 01:30,Sector 18 Noida,28.5706,77.324,217,44,Rain,15,No,No,15,Low
2026-06-06 01:40,Greater Noida West,28.59,77.43,54,52,Clear,0,Yes,No,49,Low
2026-06-06 01:50,India Gate,28.6129,77.2295,312,50,Fog,0,No,No,67,Low
2026-06-06 02:00,Akshardham Route,28.6127,77.2773,784,6,Rain,9,No,No,61,Very High
2026-06-06 02:10,Pari Chowk,28.4671,77.503,125,62,Cloudy,0,No,No,80,Low
2026-06-06 02:20,Akshardham Route,28.6127,77.2773,756,5,Cloudy,0,Yes,No,24,Very High
2026-06-06 02:30,MG Road Gurgaon,28.4794,77.0806,154,60,Clear,0,No,Yes,13,Low
2026-06-06 02:40,Karol Bagh,28.6519,77.1909,721,7,Cloudy,0,Yes,No,93,Very High
2026-06-06 02:50,Cyber Hub Gurgaon,28.4959,77.0882,799,17,Fog,0,No,Yes,44,Very High
2026-06-06 03:00,MG Road Gurgaon,28.4794,77.0806,420,30,Rain,18,No,Yes,88,Medium
2026-06-06 03:10,Cyber Hub Gurgaon,28.4959,77.0882,464,40,Fog,0,No,No,87,Low
2026-06-06 03:20,Botanical Garden,28.5636,77.334,234,55,Clear,0,No,Yes,17,Low
2026-06-06 03:30,Lajpat Nagar,28.5677,77.243,823,5,Heavy Rain,20,No,No,78,Very High
2026-06-06 03:40,Karol Bagh,28.6519,77.1909,512,36,Fog,0,No,Yes,72,Medium
2026-06-06 03:50,MG Road Gurgaon,28.4794,77.0806,648,15,Heavy Rain,10,No,No,42,High
2026-06-06 04:00,Sector 18 Noida,28.5706,77.324,697,5,Heavy Rain,7,Yes,No,37,Very High
2026-06-06 04:10,Sector 62 Noida,28.628,77.3649,682,25,Clear,0,No,No,10,Medium
2026-06-06 04:20,Pari Chowk,28.4671,77.503,98,37,Heavy Rain,18,Yes,No,91,Medium
2026-06-06 04:30,IGI Airport T3,28.5562,77.1,421,42,Clear,0,No,No,27,Low
2026-06-06 04:40,Lajpat Nagar,28.5677,77.243,593,31,Cloudy,0,No,Yes,71,Medium
2026-06-06 04:50,Sector 18 Noida,28.5706,77.324,244,27,Heavy Rain,11,Yes,No,10,Medium
2026-06-06 05:00,Akshardham Route,28.6127,77.2773,88,38,Heavy Rain,20,Yes,Yes,27,Medium
2026-06-06 05:10,Sector 18 Noida,28.5706,77.324,66,51,Fog,0,Yes,No,49,Low
2026-06-06 05:20,Connaught Place,28.6315,77.2167,755,20,Clear,0,No,No,95,Very High
2026-06-06 05:30,DND Flyway,28.5942,77.3053,638,5,Heavy Rain,1,Yes,No,97,Very High
2026-06-06 05:40,MG Road Gurgaon,28.4794,77.0806,760,5,Heavy Rain,12,Yes,No,75,Very High
2026-06-06 05:50,Sector 18 Noida,28.5706,77.324,581,20,Rain,19,No,No,74,High
2026-06-06 06:00,Greater Noida West,28.59,77.43,299,39,Heavy Rain,18,No,Yes,34,Medium
2026-06-06 06:10,Sector 62 Noida,28.628,77.3649,555,33,Cloudy,0,No,No,32,Medium
2026-06-06 06:20,India Gate,28.6129,77.2295,379,45,Cloudy,0,No,No,55,Low
2026-06-06 06:30,Connaught Place,28.6315,77.2167,188,46,Heavy Rain,18,No,No,32,Low
2026-06-06 06:40,DND Flyway,28.5942,77.3053,127,62,Cloudy,0,No,Yes,85,Low
2026-06-06 06:50,Cyber Hub Gurgaon,28.4959,77.0882,396,32,Heavy Rain,2,No,No,45,Medium
2026-06-06 07:00,DND Flyway,28.5942,77.3053,459,28,Heavy Rain,16,No,No,23,Medium
2026-06-06 07:10,Sector 18 Noida,28.5706,77.324,465,27,Rain,13,No,Yes,43,Medium
2026-06-06 07:20,MG Road Gurgaon,28.4794,77.0806,194,46,Heavy Rain,5,No,No,39,Low
2026-06-06 07:30,Sector 18 Noida,28.5706,77.324,682,5,Heavy Rain,8,Yes,No,30,Very High
2026-06-06 07:40,Greater Noida West,28.59,77.43,253,42,Heavy Rain,12,No,No,98,Low
2026-06-06 07:50,Greater Noida West,28.59,77.43,229,28,Rain,2,Yes,Yes,97,Medium
2026-06-06 08:00,Greater Noida West,28.59,77.43,514,21,Cloudy,0,Yes,Yes,44,High
2026-06-06 08:10,Botanical Garden,28.5636,77.334,793,5,Rain,7,Yes,No,17,Very High
2026-06-06 08:20,DND Flyway,28.5942,77.3053,464,40,Fog,0,No,No,42,Low
2026-06-06 08:30,India Gate,28.6129,77.2295,822,16,Clear,0,No,No,36,Very High
2026-06-06 08:40,Connaught Place,28.6315,77.2167,412,43,Fog,0,No,Yes,48,Low
2026-06-06 08:50,Sector 18 Noida,28.5706,77.324,276,25,Rain,7,Yes,No,28,Medium
2026-06-06 09:00,Sector 62 Noida,28.628,77.3649,429,30,Heavy Rain,4,No,Yes,20,Medium
2026-06-06 09:10,India Gate,28.6129,77.2295,797,17,Fog,0,No,No,40,Very High
2026-06-06 09:20,Greater Noida West,28.59,77.43,666,5,Heavy Rain,1,Yes,No,75,Very High
2026-06-06 09:30,India Gate,28.6129,77.2295,298,36,Cloudy,0,Yes,No,83,Medium
2026-06-06 09:40,Sector 18 Noida,28.5706,77.324,287,51,Fog,0,No,No,12,Low
2026-06-06 09:50,Cyber Hub Gurgaon,28.4959,77.0882,79,65,Fog,0,No,No,11,Low
2026-06-06 10:00,India Gate,28.6129,77.2295,802,17,Fog,0,No,No,31,Very High
2026-06-06 10:10,DND Flyway,28.5942,77.3053,742,6,Fog,0,Yes,No,84,Very High
2026-06-06 10:20,IGI Airport T3,28.5562,77.1,397,32,Heavy Rain,8,No,No,16,Medium
2026-06-06 10:30,Karol Bagh,28.6519,77.1909,634,28,Fog,0,No,Yes,52,Medium
2026-06-06 10:40,Botanical Garden,28.5636,77.334,576,17,Fog,0,Yes,No,49,High
2026-06-06 10:50,Akshardham Route,28.6127,77.2773,430,30,Rain,6,No,No,92,Medium
2026-06-06 11:00,IGI Airport T3,28.5562,77.1,883,5,Cloudy,0,Yes,No,58,Very High
2026-06-06 11:10,Sector 18 Noida,28.5706,77.324,312,23,Rain,7,Yes,No,73,High
2026-06-06 11:20,Botanical Garden,28.5636,77.334,56,55,Rain,13,No,Yes,51,Low
2026-06-06 11:30,Sector 18 Noida,28.5706,77.324,611,30,Clear,0,No,Yes,64,Medium
2026-06-06 11:40,Dwarka Sector 21,28.5511,77.0565,207,57,Clear,0,No,No,10,Low
2026-06-06 11:50,Karol Bagh,28.6519,77.1909,96,64,Cloudy,0,No,No,81,Low
2026-06-06 12:00,Vaishali Ghaziabad,28.646,77.339,832,5,Cloudy,0,Yes,No,94,Very High
2026-06-06 12:10,Lajpat Nagar,28.5677,77.243,235,55,Clear,0,No,Yes,50,Low
2026-06-06 12:20,Lajpat Nagar,28.5677,77.243,93,37,Heavy Rain,15,Yes,No,32,Medium
2026-06-06 12:30,IGI Airport T3,28.5562,77.1,559,33,Fog,0,No,No,98,Medium
2026-06-06 12:40,Akshardham Route,28.6127,77.2773,251,54,Fog,0,No,Yes,84,Low
2026-06-06 12:50,Connaught Place,28.6315,77.2167,696,12,Heavy Rain,8,No,No,52,Very High
2026-06-06 13:00,Botanical Garden,28.5636,77.334,431,27,Clear,0,Yes,No,50,Medium
2026-06-06 13:10,Lajpat Nagar,28.5677,77.243,580,20,Heavy Rain,7,No,Yes,55,High
2026-06-06 13:20,Vaishali Ghaziabad,28.646,77.339,541,19,Clear,0,Yes,No,22,High
2026-06-06 13:30,Vaishali Ghaziabad,28.646,77.339,745,9,Heavy Rain,7,No,Yes,52,Very High
2026-06-06 13:40,Botanical Garden,28.5636,77.334,355,47,Clear,0,No,No,55,Low
2026-06-06 13:50,India Gate,28.6129,77.2295,124,50,Rain,16,No,No,79,Low
2026-06-06 14:00,Botanical Garden,28.5636,77.334,605,5,Heavy Rain,3,Yes,No,92,Very High
2026-06-06 14:10,DND Flyway,28.5942,77.3053,375,33,Heavy Rain,1,No,No,69,Medium
2026-06-06 14:20,Karol Bagh,28.6519,77.1909,294,24,Rain,5,Yes,No,47,High
2026-06-06 14:30,India Gate,28.6129,77.2295,798,17,Clear,0,No,No,68,Very High
2026-06-06 14:40,IGI Airport T3,28.5562,77.1,96,64,Fog,0,No,No,73,Low
2026-06-06 14:50,Karol Bagh,28.6519,77.1909,317,49,Clear,0,No,Yes,73,Low
2026-06-06 15:00,India Gate,28.6129,77.2295,646,15,Rain,4,No,Yes,100,High
2026-06-06 15:10,Sector 62 Noida,28.628,77.3649,267,41,Rain,2,No,Yes,21,Low
2026-06-06 15:20,Lajpat Nagar,28.5677,77.243,175,44,Clear,0,Yes,No,92,Low
2026-06-06 15:30,Sector 62 Noida,28.628,77.3649,802,17,Clear,0,No,Yes,87,Very High
2026-06-06 15:40,Sector 62 Noida,28.628,77.3649,349,20,Rain,20,Yes,No,53,High
2026-06-06 15:50,Karol Bagh,28.6519,77.1909,307,50,Fog,0,No,No,61,Low
2026-06-06 16:00,Connaught Place,28.6315,77.2167,880,12,Cloudy,0,No,No,47,Very High
2026-06-06 16:10,Connaught Place,28.6315,77.2167,646,15,Heavy Rain,14,No,No,35,High
2026-06-06 16:20,Akshardham Route,28.6127,77.2773,404,44,Fog,0,No,Yes,95,Low
2026-06-06 16:30,Greater Noida West,28.59,77.43,416,43,Cloudy,0,No,No,69,Low
2026-06-06 16:40,Greater Noida West,28.59,77.43,461,40,Cloudy,0,No,No,28,Low
2026-06-06 16:50,MG Road Gurgaon,28.4794,77.0806,440,41,Clear,0,No,Yes,41,Low
2026-06-06 17:00,Karol Bagh,28.6519,77.1909,65,51,Fog,0,Yes,No,98,Low
2026-06-06 17:10,DND Flyway,28.5942,77.3053,138,46,Cloudy,0,Yes,No,19,Low
2026-06-06 17:20,Connaught Place,28.6315,77.2167,143,49,Rain,13,No,No,39,Low
2026-06-06 17:30,India Gate,28.6129,77.2295,239,55,Fog,0,No,No,24,Low
2026-06-06 17:40,Vaishali Ghaziabad,28.646,77.339,535,8,Heavy Rain,10,Yes,No,44,Very High
2026-06-06 17:50,India Gate,28.6129,77.2295,232,55,Fog,0,No,Yes,26,Low
2026-06-06 18:00,Greater Noida West,28.59,77.43,184,58,Cloudy,0,No,No,68,Low
2026-06-06 18:10,Dwarka Sector 21,28.5511,77.0565,638,28,Cloudy,0,No,No,73,Medium
2026-06-06 18:20,Cyber Hub Gurgaon,28.4959,77.0882,658,27,Clear,0,No,Yes,88,Medium
2026-06-06 18:30,Connaught Place,28.6315,77.2167,300,23,Heavy Rain,17,Yes,Yes,35,High
2026-06-06 18:40,Karol Bagh,28.6519,77.1909,596,5,Heavy Rain,12,Yes,Yes,72,Very High
2026-06-06 18:50,Pari Chowk,28.4671,77.503,225,55,Fog,0,No,Yes,66,Low
2026-06-06 19:00,Cyber Hub Gurgaon,28.4959,77.0882,584,20,Rain,13,No,Yes,84,High
2026-06-06 19:10,DND Flyway,28.5942,77.3053,94,64,Clear,0,No,No,29,Low
2026-06-06 19:20,Akshardham Route,28.6127,77.2773,283,37,Cloudy,0,Yes,No,60,Medium
2026-06-06 19:30,Akshardham Route,28.6127,77.2773,785,6,Rain,17,No,No,41,Very High
2026-06-06 19:40,IGI Airport T3,28.5562,77.1,468,27,Heavy Rain,6,No,No,40,Medium
2026-06-06 19:50,MG Road Gurgaon,28.4794,77.0806,627,29,Fog,0,No,Yes,73,Medium
2026-06-06 20:00,Connaught Place,28.6315,77.2167,859,13,Fog,0,No,Yes,54,Very High
2026-06-06 20:10,DND Flyway,28.5942,77.3053,98,52,Heavy Rain,16,No,Yes,48,Low
2026-06-06 20:20,DND Flyway,28.5942,77.3053,790,18,Clear,0,No,No,77,Very High
2026-06-06 20:30,Pari Chowk,28.4671,77.503,872,12,Clear,0,No,No,29,Very High
2026-06-06 20:40,Sector 18 Noida,28.5706,77.324,547,34,Fog,0,No,Yes,24,Medium
2026-06-06 20:50,Sector 62 Noida,28.628,77.3649,53,55,Rain,7,No,No,11,Low
2026-06-06 21:00,Sector 18 Noida,28.5706,77.324,631,16,Rain,10,No,No,92,High
2026-06-06 21:10,India Gate,28.6129,77.2295,807,17,Cloudy,0,No,No,37,Very High
2026-06-06 21:20,Connaught Place,28.6315,77.2167,222,56,Clear,0,No,Yes,76,Low
2026-06-06 21:30,Vaishali Ghaziabad,28.646,77.339,127,35,Heavy Rain,9,Yes,No,22,Medium
2026-06-06 21:40,Akshardham Route,28.6127,77.2773,662,14,Heavy Rain,9,No,Yes,70,Very High
2026-06-06 21:50,Connaught Place,28.6315,77.2167,195,42,Fog,0,Yes,No,82,Low
2026-06-06 22:00,MG Road Gurgaon,28.4794,77.0806,820,16,Clear,0,No,No,24,Very High
2026-06-06 22:10,Vaishali Ghaziabad,28.646,77.339,525,23,Heavy Rain,4,No,No,19,High
2026-06-06 22:20,Botanical Garden,28.5636,77.334,194,58,Cloudy,0,No,No,42,Low
2026-06-06 22:30,Sector 62 Noida,28.628,77.3649,87,53,Rain,5,No,No,93,Low
2026-06-06 22:40,Connaught Place,28.6315,77.2167,520,24,Heavy Rain,6,No,No,56,High
2026-06-06 22:50,Greater Noida West,28.59,77.43,414,43,Fog,0,No,No,73,Low
2026-06-06 23:00,Cyber Hub Gurgaon,28.4959,77.0882,254,42,Heavy Rain,6,No,Yes,76,Low
2026-06-06 23:10,Karol Bagh,28.6519,77.1909,547,22,Rain,8,No,No,89,High
2026-06-06 23:20,Greater Noida West,28.59,77.43,70,51,Clear,0,Yes,No,94,Low
2026-06-06 23:30,IGI Airport T3,28.5562,77.1,421,27,Clear,0,Yes,No,61,Medium
2026-06-06 23:40,India Gate,28.6129,77.2295,822,16,Fog,0,No,No,87,Very High
2026-06-06 23:50,Pari Chowk,28.4671,77.503,689,25,Clear,0,No,Yes,32,Medium
2026-06-07 00:00,Akshardham Route,28.6127,77.2773,659,15,Heavy Rain,11,No,No,29,High
2026-06-07 00:10,India Gate,28.6129,77.2295,81,38,Rain,7,Yes,Yes,96,Medium
2026-06-07 00:20,Sector 18 Noida,28.5706,77.324,706,23,Clear,0,No,Yes,84,Very High
2026-06-07 00:30,Dwarka Sector 21,28.5511,77.0565,474,39,Fog,0,No,No,25,Medium
2026-06-07 00:40,Dwarka Sector 21,28.5511,77.0565,510,24,Heavy Rain,10,No,Yes,59,High
2026-06-07 00:50,DND Flyway,28.5942,77.3053,352,47,Cloudy,0,No,Yes,85,Low
2026-06-07 01:00,MG Road Gurgaon,28.4794,77.0806,702,5,Heavy Rain,19,Yes,No,53,Very High
2026-06-07 01:10,Sector 18 Noida,28.5706,77.324,873,5,Rain,4,No,No,10,Very High
2026-06-07 01:20,Pari Chowk,28.4671,77.503,135,61,Cloudy,0,No,No,90,Low
2026-06-07 01:30,Sector 62 Noida,28.628,77.3649,646,15,Rain,9,No,Yes,70,High
2026-06-07 01:40,Pari Chowk,28.4671,77.503,751,20,Fog,0,No,No,67,Very High
2026-06-07 01:50,MG Road Gurgaon,28.4794,77.0806,503,37,Clear,0,No,No,18,Medium
2026-06-07 02:00,Dwarka Sector 21,28.5511,77.0565,859,5,Rain,12,No,No,47,Very High
2026-06-07 02:10,Connaught Place,28.6315,77.2167,600,5,Rain,16,Yes,No,20,Very High
2026-06-07 02:20,Akshardham Route,28.6127,77.2773,651,15,Rain,8,No,Yes,25,High
2026-06-07 02:30,Lajpat Nagar,28.5677,77.243,66,66,Fog,0,No,No,56,Low
2026-06-07 02:40,Sector 18 Noida,28.5706,77.324,772,5,Fog,0,Yes,Yes,24,Very High
2026-06-07 02:50,Karol Bagh,28.6519,77.1909,709,8,Fog,0,Yes,No,97,Very High
2026-06-07 03:00,Connaught Place,28.6315,77.2167,98,52,Rain,12,No,Yes,18,Low
2026-06-07 03:10,Greater Noida West,28.59,77.43,802,5,Cloudy,0,Yes,No,43,Very High
2026-06-07 03:20,Botanical Garden,28.5636,77.334,884,12,Clear,0,No,No,11,Very High
2026-06-07 03:30,MG Road Gurgaon,28.4794,77.0806,663,26,Cloudy,0,No,No,77,Medium
2026-06-07 03:40,DND Flyway,28.5942,77.3053,274,52,Fog,0,No,Yes,90,Low
2026-06-07 03:50,Connaught Place,28.6315,77.2167,710,11,Heavy Rain,8,No,No,79,Very High
2026-06-07 04:00,Sector 18 Noida,28.5706,77.324,411,31,Heavy Rain,19,No,No,26,Medium
2026-06-07 04:10,Greater Noida West,28.59,77.43,509,37,Fog,0,No,Yes,87,Medium
2026-06-07 04:20,Karol Bagh,28.6519,77.1909,325,49,Cloudy,0,No,No,41,Low
2026-06-07 04:30,Sector 18 Noida,28.5706,77.324,393,44,Fog,0,No,Yes,29,Low
2026-06-07 04:40,DND Flyway,28.5942,77.3053,286,39,Rain,14,No,No,12,Medium
2026-06-07 04:50,Dwarka Sector 21,28.5511,77.0565,597,5,Heavy Rain,8,Yes,No,26,Very High
2026-06-07 05:00,DND Flyway,28.5942,77.3053,790,6,Heavy Rain,19,No,No,28,Very High
2026-06-07 05:10,Sector 62 Noida,28.628,77.3649,291,51,Fog,0,No,No,79,Low
2026-06-07 05:20,Pari Chowk,28.4671,77.503,720,10,Heavy Rain,6,No,No,98,Very High
2026-06-07 05:30,Greater Noida West,28.59,77.43,581,32,Cloudy,0,No,No,91,Medium
2026-06-07 05:40,Vaishali Ghaziabad,28.646,77.339,520,21,Cloudy,0,Yes,Yes,50,High
2026-06-07 05:50,Akshardham Route,28.6127,77.2773,829,5,Heavy Rain,18,Yes,Yes,84,Very High
2026-06-07 06:00,MG Road Gurgaon,28.4794,77.0806,746,9,Rain,11,No,No,96,Very High
2026-06-07 06:10,Vaishali Ghaziabad,28.646,77.339,481,26,Rain,19,No,No,100,Medium
2026-06-07 06:20,Vaishali Ghaziabad,28.646,77.339,419,43,Cloudy,0,No,No,51,Low
2026-06-07 06:30,Vaishali Ghaziabad,28.646,77.339,763,20,Fog,0,No,No,90,Very High
2026-06-07 06:40,Sector 18 Noida,28.5706,77.324,660,26,Cloudy,0,No,No,40,Medium
2026-06-07 06:50,Lajpat Nagar,28.5677,77.243,59,67,Cloudy,0,No,No,90,Low
2026-06-07 07:00,Botanical Garden,28.5636,77.334,407,43,Clear,0,No,No,43,Low
2026-06-07 07:10,Karol Bagh,28.6519,77.1909,758,20,Cloudy,0,No,No,37,Very High
2026-06-07 07:20,Greater Noida West,28.59,77.43,454,28,Heavy Rain,8,No,No,42,Medium
2026-06-07 07:30,Lajpat Nagar,28.5677,77.243,376,45,Fog,0,No,No,86,Low
2026-06-07 07:40,Karol Bagh,28.6519,77.1909,650,5,Rain,19,Yes,No,31,Very High
2026-06-07 07:50,Dwarka Sector 21,28.5511,77.0565,846,14,Cloudy,0,No,No,30,Very High
2026-06-07 08:00,Vaishali Ghaziabad,28.646,77.339,872,12,Fog,0,No,No,22,Very High
2026-06-07 08:10,India Gate,28.6129,77.2295,301,50,Cloudy,0,No,Yes,65,Low
2026-06-07 08:20,IGI Airport T3,28.5562,77.1,459,40,Fog,0,No,No,11,Low
2026-06-07 08:30,Greater Noida West,28.59,77.43,540,34,Fog,0,No,No,79,Medium
2026-06-07 08:40,Botanical Garden,28.5636,77.334,760,5,Cloudy,0,Yes,No,15,Very High
2026-06-07 08:50,DND Flyway,28.5942,77.3053,857,13,Cloudy,0,No,No,62,Very High
2026-06-07 09:00,MG Road Gurgaon,28.4794,77.0806,811,16,Clear,0,No,No,14,Very High
2026-06-07 09:10,Sector 62 Noida,28.628,77.3649,698,12,Rain,10,No,No,94,Very High
2026-06-07 09:20,Botanical Garden,28.5636,77.334,415,31,Rain,1,No,No,64,Medium
2026-06-07 09:30,Cyber Hub Gurgaon,28.4959,77.0882,268,53,Clear,0,No,No,19,Low
2026-06-07 09:40,Karol Bagh,28.6519,77.1909,691,5,Heavy Rain,15,Yes,No,65,Very High
2026-06-07 09:50,Pari Chowk,28.4671,77.503,159,48,Rain,17,No,No,79,Low
2026-06-07 10:00,DND Flyway,28.5942,77.3053,511,36,Clear,0,No,No,77,Medium
2026-06-07 10:10,IGI Airport T3,28.5562,77.1,488,26,Heavy Rain,9,No,No,18,Medium
2026-06-07 10:20,DND Flyway,28.5942,77.3053,735,21,Clear,0,No,No,35,Very High
2026-06-07 10:30,DND Flyway,28.5942,77.3053,301,50,Clear,0,No,No,10,Low
2026-06-07 10:40,DND Flyway,28.5942,77.3053,658,27,Clear,0,No,No,13,Medium
2026-06-07 10:50,Sector 18 Noida,28.5706,77.324,532,23,Rain,11,No,Yes,100,High
2026-06-07 11:00,Greater Noida West,28.59,77.43,506,22,Cloudy,0,Yes,Yes,12,High
2026-06-07 11:10,Greater Noida West,28.59,77.43,669,14,Rain,9,No,Yes,53,Very High
2026-06-07 11:20,Akshardham Route,28.6127,77.2773,201,57,Fog,0,No,Yes,44,Low
2026-06-07 11:30,Karol Bagh,28.6519,77.1909,162,60,Fog,0,No,No,40,Low
2026-06-07 11:40,Botanical Garden,28.5636,77.334,167,59,Clear,0,No,No,92,Low
2026-06-07 11:50,Dwarka Sector 21,28.5511,77.0565,413,43,Cloudy,0,No,Yes,96,Low
2026-06-07 12:00,Vaishali Ghaziabad,28.646,77.339,155,45,Clear,0,Yes,No,53,Low
2026-06-07 12:10,Sector 18 Noida,28.5706,77.324,505,37,Cloudy,0,No,Yes,36,Medium
2026-06-07 12:20,Dwarka Sector 21,28.5511,77.0565,665,11,Fog,0,Yes,No,44,Very High
2026-06-07 12:30,Botanical Garden,28.5636,77.334,367,46,Cloudy,0,No,No,27,Low
2026-06-07 12:40,Sector 62 Noida,28.628,77.3649,696,24,Clear,0,No,No,79,High
2026-06-07 12:50,India Gate,28.6129,77.2295,83,53,Heavy Rain,19,No,Yes,88,Low
2026-06-07 13:00,Akshardham Route,28.6127,77.2773,676,5,Rain,4,Yes,No,39,Very High
2026-06-07 13:10,Sector 18 Noida,28.5706,77.324,622,14,Fog,0,Yes,Yes,20,Very High
2026-06-07 13:20,Greater Noida West,28.59,77.43,358,47,Clear,0,No,No,12,Low
2026-06-07 13:30,Akshardham Route,28.6127,77.2773,235,55,Fog,0,No,No,32,Low
2026-06-07 13:40,Karol Bagh,28.6519,77.1909,805,17,Fog,0,No,No,53,Very High
2026-06-07 13:50,IGI Airport T3,28.5562,77.1,324,49,Fog,0,No,No,53,Low
2026-06-07 14:00,IGI Airport T3,28.5562,77.1,724,22,Fog,0,No,No,70,Very High
2026-06-07 14:10,India Gate,28.6129,77.2295,250,42,Rain,9,No,No,93,Low
2026-06-07 14:20,Greater Noida West,28.59,77.43,513,24,Rain,6,No,No,66,High
2026-06-07 14:30,Lajpat Nagar,28.5677,77.243,602,30,Clear,0,No,No,82,Medium
2026-06-07 14:40,Greater Noida West,28.59,77.43,546,22,Heavy Rain,13,No,No,53,High
2026-06-07 14:50,Vaishali Ghaziabad,28.646,77.339,556,33,Cloudy,0,No,No,32,Medium
2026-06-07 15:00,MG Road Gurgaon,28.4794,77.0806,808,17,Fog,0,No,No,83,Very High
2026-06-07 15:10,Sector 18 Noida,28.5706,77.324,593,16,Cloudy,0,Yes,No,91,High
2026-06-07 15:20,Botanical Garden,28.5636,77.334,863,13,Cloudy,0,No,No,98,Very High
2026-06-07 15:30,Pari Chowk,28.4671,77.503,472,12,Heavy Rain,10,Yes,No,85,Very High
2026-06-07 15:40,MG Road Gurgaon,28.4794,77.0806,62,51,Clear,0,Yes,No,90,Low
2026-06-07 15:50,Akshardham Route,28.6127,77.2773,391,29,Fog,0,Yes,No,42,Medium
2026-06-07 16:00,Vaishali Ghaziabad,28.646,77.339,769,19,Cloudy,0,No,Yes,42,Very High
2026-06-07 16:10,Botanical Garden,28.5636,77.334,691,24,Cloudy,0,No,No,21,High
2026-06-07 16:20,DND Flyway,28.5942,77.3053,806,17,Fog,0,No,No,21,Very High
2026-06-07 16:30,Cyber Hub Gurgaon,28.4959,77.0882,609,18,Rain,10,No,No,24,High
2026-06-07 16:40,Karol Bagh,28.6519,77.1909,382,30,Cloudy,0,Yes,Yes,52,Medium
2026-06-07 16:50,Greater Noida West,28.59,77.43,573,17,Clear,0,Yes,No,47,High
2026-06-07 17:00,Sector 62 Noida,28.628,77.3649,186,46,Heavy Rain,2,No,No,70,Low
2026-06-07 17:10,Dwarka Sector 21,28.5511,77.0565,448,29,Heavy Rain,14,No,No,97,Medium
2026-06-07 17:20,Connaught Place,28.6315,77.2167,126,50,Rain,17,No,No,86,Low
2026-06-07 17:30,Botanical Garden,28.5636,77.334,404,32,Heavy Rain,13,No,No,44,Medium
2026-06-07 17:40,Botanical Garden,28.5636,77.334,502,22,Fog,0,Yes,Yes,88,High
2026-06-07 17:50,Vaishali Ghaziabad,28.646,77.339,448,41,Clear,0,No,No,68,Low
2026-06-07 18:00,Greater Noida West,28.59,77.43,73,66,Fog,0,No,No,33,Low
2026-06-07 18:10,Karol Bagh,28.6519,77.1909,399,44,Cloudy,0,No,No,20,Low
2026-06-07 18:20,Cyber Hub Gurgaon,28.4959,77.0882,205,42,Fog,0,Yes,No,70,Low
2026-06-07 18:30,Sector 18 Noida,28.5706,77.324,229,55,Fog,0,No,No,60,Low
2026-06-07 18:40,Sector 18 Noida,28.5706,77.324,459,28,Rain,7,No,No,74,Medium
2026-06-07 18:50,IGI Airport T3,28.5562,77.1,270,52,Cloudy,0,No,No,10,Low
2026-06-07 19:00,Vaishali Ghaziabad,28.646,77.339,278,52,Fog,0,No,Yes,76,Low
2026-06-07 19:10,MG Road Gurgaon,28.4794,77.0806,752,5,Rain,13,Yes,No,45,Very High
2026-06-07 19:20,MG Road Gurgaon,28.4794,77.0806,56,55,Rain,19,No,No,75,Low
2026-06-07 19:30,Dwarka Sector 21,28.5511,77.0565,152,60,Clear,0,No,No,77,Low
2026-06-07 19:40,Cyber Hub Gurgaon,28.4959,77.0882,262,41,Heavy Rain,14,No,No,10,Low
2026-06-07 19:50,Greater Noida West,28.59,77.43,141,46,Cloudy,0,Yes,Yes,20,Low
2026-06-07 20:00,Dwarka Sector 21,28.5511,77.0565,171,59,Clear,0,No,No,98,Low
2026-06-07 20:10,Sector 62 Noida,28.628,77.3649,65,66,Clear,0,No,No,27,Low
2026-06-07 20:20,MG Road Gurgaon,28.4794,77.0806,760,8,Heavy Rain,13,No,No,61,Very High
2026-06-07 20:30,Cyber Hub Gurgaon,28.4959,77.0882,755,20,Cloudy,0,No,No,24,Very High
2026-06-07 20:40,Sector 18 Noida,28.5706,77.324,455,40,Fog,0,No,No,46,Low
2026-06-07 20:50,Pari Chowk,28.4671,77.503,284,52,Fog,0,No,Yes,68,Low
2026-06-07 21:00,Greater Noida West,28.59,77.43,877,5,Cloudy,0,Yes,No,67,Very High
2026-06-07 21:10,Connaught Place,28.6315,77.2167,451,25,Cloudy,0,Yes,No,49,Medium
2026-06-07 21:20,Greater Noida West,28.59,77.43,498,25,Heavy Rain,15,No,No,22,Medium
2026-06-07 21:30,Dwarka Sector 21,28.5511,77.0565,331,33,Cloudy,0,Yes,Yes,46,Medium
2026-06-07 21:40,Vaishali Ghaziabad,28.646,77.339,307,50,Cloudy,0,No,Yes,92,Low
2026-06-07 21:50,Dwarka Sector 21,28.5511,77.0565,543,22,Rain,15,No,No,85,High
2026-06-07 22:00,MG Road Gurgaon,28.4794,77.0806,373,46,Clear,0,No,No,17,Low
2026-06-07 22:10,Karol Bagh,28.6519,77.1909,52,52,Fog,0,Yes,No,84,Low
2026-06-07 22:20,India Gate,28.6129,77.2295,540,34,Clear,0,No,No,61,Medium
2026-06-07 22:30,IGI Airport T3,28.5562,77.1,65,66,Cloudy,0,No,No,60,Low
2026-06-07 22:40,India Gate,28.6129,77.2295,330,33,Cloudy,0,Yes,No,43,Medium
2026-06-07 22:50,Greater Noida West,28.59,77.43,882,12,Clear,0,No,No,43,Very High
2026-06-07 23:00,Karol Bagh,28.6519,77.1909,749,21,Clear,0,No,No,39,Very High
2026-06-07 23:10,Cyber Hub Gurgaon,28.4959,77.0882,384,33,Heavy Rain,5,No,No,33,Medium
2026-06-07 23:20,Sector 62 Noida,28.628,77.3649,327,37,Rain,3,No,No,82,Medium
2026-06-07 23:30,MG Road Gurgaon,28.4794,77.0806,438,29,Heavy Rain,7,No,Yes,30,Medium
2026-06-07 23:40,Botanical Garden,28.5636,77.334,661,26,Cloudy,0,No,Yes,11,Medium
2026-06-07 23:50,Dwarka Sector 21,28.5511,77.0565,874,12,Clear,0,No,Yes,98,Very High
2026-06-08 00:00,Botanical Garden,28.5636,77.334,56,67,Clear,0,No,No,24,Low
2026-06-08 00:10,Akshardham Route,28.6127,77.2773,418,43,Clear,0,No,Yes,35,Low
2026-06-08 00:20,Dwarka Sector 21,28.5511,77.0565,254,54,Fog,0,No,Yes,30,Low
2026-06-08 00:30,Akshardham Route,28.6127,77.2773,846,5,Rain,16,Yes,No,96,Very High
2026-06-08 00:40,Sector 62 Noida,28.628,77.3649,311,38,Rain,13,No,No,25,Medium
2026-06-08 00:50,IGI Airport T3,28.5562,77.1,112,48,Cloudy,0,Yes,Yes,77,Low
2026-06-08 01:00,Lajpat Nagar,28.5677,77.243,516,21,Cloudy,0,Yes,No,83,High
2026-06-08 01:10,Akshardham Route,28.6127,77.2773,421,27,Fog,0,Yes,No,81,Medium
2026-06-08 01:20,MG Road Gurgaon,28.4794,77.0806,522,24,Heavy Rain,11,No,No,37,High
2026-06-08 01:30,Karol Bagh,28.6519,77.1909,138,46,Cloudy,0,Yes,No,66,Low
2026-06-08 01:40,Vaishali Ghaziabad,28.646,77.339,327,22,Rain,13,Yes,Yes,38,High
2026-06-08 01:50,India Gate,28.6129,77.2295,171,59,Cloudy,0,No,No,72,Low
2026-06-08 02:00,Pari Chowk,28.4671,77.503,486,38,Clear,0,No,No,33,Medium
2026-06-08 02:10,Cyber Hub Gurgaon,28.4959,77.0882,379,33,Rain,7,No,Yes,47,Medium
2026-06-08 02:20,India Gate,28.6129,77.2295,327,37,Heavy Rain,17,No,No,78,Medium
2026-06-08 02:30,DND Flyway,28.5942,77.3053,485,26,Rain,13,No,No,97,Medium
2026-06-08 02:40,Vaishali Ghaziabad,28.646,77.339,545,34,Cloudy,0,No,No,15,Medium
2026-06-08 02:50,Sector 62 Noida,28.628,77.3649,505,37,Clear,0,No,No,38,Medium
2026-06-08 03:00,Sector 62 Noida,28.628,77.3649,638,28,Fog,0,No,No,60,Medium
2026-06-08 03:10,Akshardham Route,28.6127,77.2773,94,64,Fog,0,No,Yes,100,Low
2026-06-08 03:20,Lajpat Nagar,28.5677,77.243,280,52,Cloudy,0,No,Yes,32,Low
2026-06-08 03:30,Cyber Hub Gurgaon,28.4959,77.0882,294,51,Fog,0,No,Yes,41,Low
2026-06-08 03:40,Vaishali Ghaziabad,28.646,77.339,500,25,Rain,3,No,Yes,92,Medium
2026-06-08 03:50,Lajpat Nagar,28.5677,77.243,776,7,Heavy Rain,14,No,No,43,Very High
2026-06-08 04:00,Botanical Garden,28.5636,77.334,656,15,Rain,1,No,No,48,High
2026-06-08 04:10,Connaught Place,28.6315,77.2167,297,39,Heavy Rain,10,No,No,41,Medium
2026-06-08 04:20,Cyber Hub Gurgaon,28.4959,77.0882,864,13,Cloudy,0,No,No,75,Very High
2026-06-08 04:30,DND Flyway,28.5942,77.3053,123,62,Fog,0,No,No,99,Low
2026-06-08 04:40,DND Flyway,28.5942,77.3053,158,45,Cloudy,0,Yes,No,72,Low
2026-06-08 04:50,India Gate,28.6129,77.2295,183,43,Clear,0,Yes,No,54,Low
2026-06-08 05:00,MG Road Gurgaon,28.4794,77.0806,725,10,Heavy Rain,11,No,Yes,50,Very High
2026-06-08 05:10,Lajpat Nagar,28.5677,77.243,702,12,Rain,1,No,No,47,Very High
2026-06-08 05:20,IGI Airport T3,28.5562,77.1,90,64,Cloudy,0,No,Yes,66,Low
2026-06-08 05:30,Akshardham Route,28.6127,77.2773,211,41,Clear,0,Yes,Yes,10,Low
2026-06-08 05:40,Cyber Hub Gurgaon,28.4959,77.0882,350,47,Clear,0,No,Yes,90,Low
2026-06-08 05:50,DND Flyway,28.5942,77.3053,324,49,Cloudy,0,No,No,29,Low
2026-06-08 06:00,Sector 18 Noida,28.5706,77.324,392,29,Fog,0,Yes,No,68,Medium
2026-06-08 06:10,Vaishali Ghaziabad,28.646,77.339,165,59,Fog,0,No,No,51,Low
2026-06-08 06:20,Dwarka Sector 21,28.5511,77.0565,469,39,Clear,0,No,No,29,Medium
2026-06-08 06:30,MG Road Gurgaon,28.4794,77.0806,414,43,Clear,0,No,No,82,Low
2026-06-08 06:40,Karol Bagh,28.6519,77.1909,420,30,Heavy Rain,17,No,No,95,Medium
2026-06-08 06:50,DND Flyway,28.5942,77.3053,608,18,Heavy Rain,18,No,No,44,High
2026-06-08 07:00,Greater Noida West,28.59,77.43,794,18,Clear,0,No,Yes,60,Very High
2026-06-08 07:10,Akshardham Route,28.6127,77.2773,332,36,Heavy Rain,4,No,No,48,Medium
2026-06-08 07:20,Greater Noida West,28.59,77.43,302,23,Heavy Rain,3,Yes,No,96,High
2026-06-08 07:30,Cyber Hub Gurgaon,28.4959,77.0882,351,35,Rain,13,No,Yes,53,Medium
2026-06-08 07:40,IGI Airport T3,28.5562,77.1,114,63,Fog,0,No,No,60,Low
2026-06-08 07:50,IGI Airport T3,28.5562,77.1,521,21,Fog,0,Yes,No,86,High
2026-06-08 08:00,DND Flyway,28.5942,77.3053,326,37,Rain,18,No,No,75,Medium
2026-06-08 08:10,Lajpat Nagar,28.5677,77.243,601,18,Rain,6,No,No,39,High
2026-06-08 08:20,Karol Bagh,28.6519,77.1909,683,5,Rain,7,Yes,No,86,Very High
2026-06-08 08:30,IGI Airport T3,28.5562,77.1,763,20,Fog,0,No,No,25,Very High
2026-06-08 08:40,Sector 62 Noida,28.628,77.3649,120,62,Fog,0,No,Yes,42,Low
2026-06-08 08:50,Sector 18 Noida,28.5706,77.324,82,53,Rain,5,No,Yes,38,Low
2026-06-08 09:00,Connaught Place,28.6315,77.2167,793,18,Cloudy,0,No,No,94,Very High
2026-06-08 09:10,India Gate,28.6129,77.2295,355,47,Fog,0,No,No,13,Low
2026-06-08 09:20,Botanical Garden,28.5636,77.334,325,49,Fog,0,No,No,23,Low
2026-06-08 09:30,Akshardham Route,28.6127,77.2773,521,36,Fog,0,No,No,76,Medium
2026-06-08 09:40,MG Road Gurgaon,28.4794,77.0806,518,24,Rain,18,No,No,44,High
2026-06-08 09:50,MG Road Gurgaon,28.4794,77.0806,725,7,Clear,0,Yes,No,78,Very High
2026-06-08 10:00,MG Road Gurgaon,28.4794,77.0806,252,54,Fog,0,No,No,38,Low
2026-06-08 10:10,Botanical Garden,28.5636,77.334,308,50,Clear,0,No,No,16,Low
2026-06-08 10:20,India Gate,28.6129,77.2295,812,5,Cloudy,0,Yes,No,96,Very High
2026-06-08 10:30,Lajpat Nagar,28.5677,77.243,503,37,Clear,0,No,No,76,Medium
2026-06-08 10:40,Dwarka Sector 21,28.5511,77.0565,732,7,Fog,0,Yes,No,84,Very High
2026-06-08 10:50,Cyber Hub Gurgaon,28.4959,77.0882,121,62,Clear,0,No,No,60,Low
2026-06-08 11:00,Connaught Place,28.6315,77.2167,506,37,Clear,0,No,No,92,Medium
2026-06-08 11:10,Sector 18 Noida,28.5706,77.324,557,21,Rain,11,No,No,23,High
2026-06-08 11:20,Connaught Place,28.6315,77.2167,585,31,Cloudy,0,No,Yes,15,Medium
2026-06-08 11:30,Lajpat Nagar,28.5677,77.243,810,16,Clear,0,No,Yes,68,Very High
2026-06-08 11:40,Akshardham Route,28.6127,77.2773,221,44,Heavy Rain,11,No,No,98,Low
2026-06-08 11:50,Cyber Hub Gurgaon,28.4959,77.0882,886,11,Cloudy,0,No,Yes,15,Very High
2026-06-08 12:00,DND Flyway,28.5942,77.3053,150,60,Cloudy,0,No,No,79,Low
2026-06-08 12:10,DND Flyway,28.5942,77.3053,154,60,Clear,0,No,No,35,Low
2026-06-08 12:20,Karol Bagh,28.6519,77.1909,496,37,Cloudy,0,No,No,35,Medium
2026-06-08 12:30,Sector 18 Noida,28.5706,77.324,324,37,Rain,11,No,Yes,31,Medium
2026-06-08 12:40,Sector 62 Noida,28.628,77.3649,293,51,Cloudy,0,No,No,53,Low
2026-06-08 12:50,Cyber Hub Gurgaon,28.4959,77.0882,874,12,Clear,0,No,No,91,Very High
2026-06-08 13:00,Sector 18 Noida,28.5706,77.324,283,52,Clear,0,No,No,62,Low
2026-06-08 13:10,Pari Chowk,28.4671,77.503,660,11,Fog,0,Yes,Yes,35,Very High
2026-06-08 13:20,Akshardham Route,28.6127,77.2773,847,14,Fog,0,No,No,72,Very High
2026-06-08 13:30,Lajpat Nagar,28.5677,77.243,118,63,Clear,0,No,No,58,Low
2026-06-08 13:40,MG Road Gurgaon,28.4794,77.0806,581,20,Heavy Rain,2,No,No,21,High
2026-06-08 13:50,Cyber Hub Gurgaon,28.4959,77.0882,680,25,Cloudy,0,No,No,26,Medium
2026-06-08 14:00,Greater Noida West,28.59,77.43,824,5,Rain,11,No,Yes,63,Very High
2026-06-08 14:10,DND Flyway,28.5942,77.3053,637,28,Cloudy,0,No,No,43,Medium
2026-06-08 14:20,Sector 62 Noida,28.628,77.3649,641,16,Rain,6,No,No,32,High
2026-06-08 14:30,Sector 18 Noida,28.5706,77.324,653,5,Heavy Rain,13,Yes,No,77,Very High
2026-06-08 14:40,Sector 18 Noida,28.5706,77.324,451,28,Heavy Rain,6,No,No,87,Medium
2026-06-08 14:50,Connaught Place,28.6315,77.2167,892,11,Fog,0,No,No,94,Very High
2026-06-08 15:00,Sector 18 Noida,28.5706,77.324,629,29,Clear,0,No,Yes,30,Medium
2026-06-08 15:10,Cyber Hub Gurgaon,28.4959,77.0882,548,7,Heavy Rain,1,Yes,No,59,Very High
2026-06-08 15:20,India Gate,28.6129,77.2295,587,19,Heavy Rain,4,No,Yes,57,High
2026-06-08 15:30,Sector 62 Noida,28.628,77.3649,672,14,Heavy Rain,4,No,Yes,16,Very High
2026-06-08 15:40,Greater Noida West,28.59,77.43,567,21,Heavy Rain,19,No,No,80,High
2026-06-08 15:50,Connaught Place,28.6315,77.2167,647,27,Clear,0,No,No,14,Medium
2026-06-08 16:00,Connaught Place,28.6315,77.2167,227,55,Fog,0,No,No,16,Low
2026-06-08 16:10,DND Flyway,28.5942,77.3053,331,33,Clear,0,Yes,No,84,Medium
2026-06-08 16:20,IGI Airport T3,28.5562,77.1,98,52,Heavy Rain,11,No,No,12,Low
2026-06-08 16:30,Connaught Place,28.6315,77.2167,890,5,Heavy Rain,4,No,No,55,Very High
2026-06-08 16:40,Pari Chowk,28.4671,77.503,446,14,Heavy Rain,4,Yes,No,54,Very High
2026-06-08 16:50,MG Road Gurgaon,28.4794,77.0806,627,17,Rain,19,No,No,48,High
2026-06-08 17:00,Lajpat Nagar,28.5677,77.243,270,40,Heavy Rain,12,No,No,69,Low
2026-06-08 17:10,Vaishali Ghaziabad,28.646,77.339,151,48,Rain,12,No,No,16,Low
2026-06-08 17:20,Akshardham Route,28.6127,77.2773,866,5,Cloudy,0,Yes,No,55,Very High
2026-06-08 17:30,IGI Airport T3,28.5562,77.1,255,53,Fog,0,No,No,88,Low
2026-06-08 17:40,Greater Noida West,28.59,77.43,417,43,Cloudy,0,No,No,26,Low
2026-06-08 17:50,Karol Bagh,28.6519,77.1909,493,26,Rain,14,No,Yes,100,Medium
2026-06-08 18:00,DND Flyway,28.5942,77.3053,112,63,Fog,0,No,No,61,Low
2026-06-08 18:10,Cyber Hub Gurgaon,28.4959,77.0882,882,12,Clear,0,No,Yes,43,Very High
2026-06-08 18:20,Cyber Hub Gurgaon,28.4959,77.0882,579,32,Clear,0,No,Yes,99,Medium
2026-06-08 18:30,Connaught Place,28.6315,77.2167,496,25,Heavy Rain,16,No,No,35,Medium
2026-06-08 18:40,Pari Chowk,28.4671,77.503,258,26,Heavy Rain,19,Yes,No,47,Medium
2026-06-08 18:50,Greater Noida West,28.59,77.43,135,34,Rain,1,Yes,Yes,32,Medium
2026-06-08 19:00,Dwarka Sector 21,28.5511,77.0565,707,23,Clear,0,No,Yes,63,Very High
2026-06-08 19:10,Greater Noida West,28.59,77.43,554,34,Fog,0,No,No,43,Medium
2026-06-08 19:20,Karol Bagh,28.6519,77.1909,329,37,Rain,6,No,No,19,Medium
2026-06-08 19:30,Lajpat Nagar,28.5677,77.243,187,43,Fog,0,Yes,No,44,Low
2026-06-08 19:40,Akshardham Route,28.6127,77.2773,483,38,Cloudy,0,No,No,74,Medium
2026-06-08 19:50,MG Road Gurgaon,28.4794,77.0806,799,17,Cloudy,0,No,No,87,Very High
2026-06-08 20:00,DND Flyway,28.5942,77.3053,331,48,Clear,0,No,No,54,Low
2026-06-08 20:10,IGI Airport T3,28.5562,77.1,607,30,Clear,0,No,Yes,55,Medium
2026-06-08 20:20,DND Flyway,28.5942,77.3053,65,66,Clear,0,No,No,94,Low
2026-06-08 20:30,MG Road Gurgaon,28.4794,77.0806,241,42,Heavy Rain,8,No,Yes,42,Low
2026-06-08 20:40,Connaught Place,28.6315,77.2167,223,29,Heavy Rain,11,Yes,Yes,63,Medium
2026-06-08 20:50,Sector 62 Noida,28.628,77.3649,290,36,Fog,0,Yes,No,23,Medium
2026-06-08 21:00,DND Flyway,28.5942,77.3053,381,33,Heavy Rain,9,No,No,57,Medium
2026-06-08 21:10,India Gate,28.6129,77.2295,848,5,Rain,15,Yes,No,80,Very High
2026-06-08 21:20,IGI Airport T3,28.5562,77.1,852,14,Clear,0,No,No,25,Very High
2026-06-08 21:30,Botanical Garden,28.5636,77.334,473,39,Fog,0,No,No,72,Medium
2026-06-08 21:40,Sector 62 Noida,28.628,77.3649,432,30,Rain,16,No,Yes,11,Medium
2026-06-08 21:50,Pari Chowk,28.4671,77.503,184,58,Clear,0,No,No,16,Low
2026-06-08 22:00,Botanical Garden,28.5636,77.334,882,12,Fog,0,No,No,31,Very High
2026-06-08 22:10,Botanical Garden,28.5636,77.334,873,12,Clear,0,No,No,57,Very High
2026-06-08 22:20,Sector 62 Noida,28.628,77.3649,360,31,Fog,0,Yes,No,27,Medium
2026-06-08 22:30,Dwarka Sector 21,28.5511,77.0565,555,21,Heavy Rain,15,No,No,58,High
2026-06-08 22:40,Connaught Place,28.6315,77.2167,689,25,Fog,0,No,No,98,Medium
2026-06-08 22:50,Cyber Hub Gurgaon,28.4959,77.0882,672,26,Clear,0,No,No,54,Medium
2026-06-08 23:00,IGI Airport T3,28.5562,77.1,299,39,Rain,20,No,No,30,Medium
2026-06-08 23:10,Karol Bagh,28.6519,77.1909,517,36,Fog,0,No,No,79,Medium
2026-06-08 23:20,India Gate,28.6129,77.2295,195,30,Heavy Rain,13,Yes,Yes,46,Medium
2026-06-08 23:30,Sector 62 Noida,28.628,77.3649,665,26,Cloudy,0,No,Yes,59,Medium
2026-06-08 23:40,Vaishali Ghaziabad,28.646,77.339,292,51,Clear,0,No,No,13,Low
2026-06-08 23:50,Sector 62 Noida,28.628,77.3649,325,49,Cloudy,0,No,No,25,Low
2026-06-09 00:00,Sector 18 Noida,28.5706,77.324,692,5,Rain,4,Yes,No,10,Very High
2026-06-09 00:10,Karol Bagh,28.6519,77.1909,158,33,Heavy Rain,1,Yes,No,22,Medium
2026-06-09 00:20,Connaught Place,28.6315,77.2167,259,41,Heavy Rain,2,No,No,90,Low
2026-06-09 00:30,Vaishali Ghaziabad,28.646,77.339,552,34,Cloudy,0,No,No,41,Medium
2026-06-09 00:40,India Gate,28.6129,77.2295,782,5,Heavy Rain,18,Yes,Yes,90,Very High
2026-06-09 00:50,Greater Noida West,28.59,77.43,303,50,Fog,0,No,Yes,94,Low
2026-06-09 01:00,Vaishali Ghaziabad,28.646,77.339,795,17,Fog,0,No,No,87,Very High
2026-06-09 01:10,Cyber Hub Gurgaon,28.4959,77.0882,846,5,Heavy Rain,3,No,No,59,Very High
2026-06-09 01:20,Sector 62 Noida,28.628,77.3649,325,37,Rain,14,No,Yes,17,Medium
2026-06-09 01:30,India Gate,28.6129,77.2295,224,44,Rain,7,No,No,44,Low
2026-06-09 01:40,Botanical Garden,28.5636,77.334,865,5,Rain,17,No,No,94,Very High
2026-06-09 01:50,Sector 62 Noida,28.628,77.3649,296,39,Rain,18,No,No,77,Medium
2026-06-09 02:00,Lajpat Nagar,28.5677,77.243,221,56,Clear,0,No,Yes,43,Low
2026-06-09 02:10,Sector 18 Noida,28.5706,77.324,52,40,Heavy Rain,8,Yes,No,90,Low
2026-06-09 02:20,Akshardham Route,28.6127,77.2773,295,51,Fog,0,No,No,100,Low
2026-06-09 02:30,Vaishali Ghaziabad,28.646,77.339,505,22,Clear,0,Yes,No,72,High
2026-06-09 02:40,Karol Bagh,28.6519,77.1909,404,44,Fog,0,No,No,41,Low
2026-06-09 02:50,Sector 62 Noida,28.628,77.3649,446,29,Heavy Rain,2,No,Yes,68,Medium
2026-06-09 03:00,Connaught Place,28.6315,77.2167,119,63,Clear,0,No,No,49,Low
2026-06-09 03:10,Vaishali Ghaziabad,28.646,77.339,53,67,Cloudy,0,No,Yes,76,Low
2026-06-09 03:20,Akshardham Route,28.6127,77.2773,837,15,Fog,0,No,No,99,Very High
2026-06-09 03:30,Karol Bagh,28.6519,77.1909,611,5,Heavy Rain,3,Yes,No,46,Very High
2026-06-09 03:40,Vaishali Ghaziabad,28.646,77.339,293,51,Clear,0,No,No,16,Low
2026-06-09 03:50,Greater Noida West,28.59,77.43,663,11,Clear,0,Yes,No,53,Very High
2026-06-09 04:00,Vaishali Ghaziabad,28.646,77.339,558,21,Heavy Rain,8,No,No,66,High
2026-06-09 04:10,Karol Bagh,28.6519,77.1909,555,21,Rain,4,No,No,60,High
2026-06-09 04:20,Karol Bagh,28.6519,77.1909,590,31,Fog,0,No,Yes,39,Medium
2026-06-09 04:30,Akshardham Route,28.6127,77.2773,112,63,Clear,0,No,No,77,Low
2026-06-09 04:40,Karol Bagh,28.6519,77.1909,331,48,Fog,0,No,No,66,Low
2026-06-09 04:50,Pari Chowk,28.4671,77.503,518,36,Clear,0,No,Yes,43,Medium
2026-06-09 05:00,Sector 62 Noida,28.628,77.3649,857,13,Clear,0,No,No,99,Very High
2026-06-09 05:10,Sector 18 Noida,28.5706,77.324,66,54,Rain,9,No,No,57,Low
2026-06-09 05:20,Connaught Place,28.6315,77.2167,898,11,Fog,0,No,No,68,Very High
2026-06-09 05:30,IGI Airport T3,28.5562,77.1,864,5,Fog,0,Yes,No,18,Very High
2026-06-09 05:40,Dwarka Sector 21,28.5511,77.0565,200,57,Cloudy,0,No,No,61,Low
2026-06-09 05:50,India Gate,28.6129,77.2295,508,25,Rain,2,No,No,47,Medium
2026-06-09 06:00,IGI Airport T3,28.5562,77.1,633,13,Fog,0,Yes,Yes,46,Very High
2026-06-09 06:10,Sector 18 Noida,28.5706,77.324,793,6,Heavy Rain,11,No,No,48,Very High
2026-06-09 06:20,Pari Chowk,28.4671,77.503,756,20,Clear,0,No,No,71,Very High
2026-06-09 06:30,Sector 62 Noida,28.628,77.3649,370,34,Heavy Rain,16,No,No,40,Medium
2026-06-09 06:40,Greater Noida West,28.59,77.43,295,36,Clear,0,Yes,No,64,Medium
2026-06-09 06:50,MG Road Gurgaon,28.4794,77.0806,253,42,Rain,15,No,No,50,Low
2026-06-09 07:00,Cyber Hub Gurgaon,28.4959,77.0882,757,5,Clear,0,Yes,No,83,Very High
2026-06-09 07:10,Vaishali Ghaziabad,28.646,77.339,217,44,Heavy Rain,6,No,No,24,Low
2026-06-09 07:20,Dwarka Sector 21,28.5511,77.0565,233,28,Rain,11,Yes,No,99,Medium
2026-06-09 07:30,Akshardham Route,28.6127,77.2773,161,45,Fog,0,Yes,No,83,Low
2026-06-09 07:40,Vaishali Ghaziabad,28.646,77.339,262,53,Clear,0,No,No,64,Low
2026-06-09 07:50,IGI Airport T3,28.5562,77.1,837,15,Clear,0,No,No,86,Very High
2026-06-09 08:00,Sector 18 Noida,28.5706,77.324,556,33,Cloudy,0,No,No,100,Medium
2026-06-09 08:10,Akshardham Route,28.6127,77.2773,115,63,Fog,0,No,No,21,Low
2026-06-09 08:20,Botanical Garden,28.5636,77.334,498,10,Rain,9,Yes,No,72,Very High
2026-06-09 08:30,Cyber Hub Gurgaon,28.4959,77.0882,235,55,Clear,0,No,No,100,Low
2026-06-09 08:40,Lajpat Nagar,28.5677,77.243,530,20,Clear,0,Yes,No,96,High
2026-06-09 08:50,Vaishali Ghaziabad,28.646,77.339,227,28,Heavy Rain,16,Yes,No,28,Medium
2026-06-09 09:00,Sector 18 Noida,28.5706,77.324,263,41,Rain,18,No,Yes,40,Low
2026-06-09 09:10,IGI Airport T3,28.5562,77.1,520,24,Heavy Rain,9,No,No,96,High
2026-06-09 09:20,Karol Bagh,28.6519,77.1909,219,56,Cloudy,0,No,No,67,Low
2026-06-09 09:30,Vaishali Ghaziabad,28.646,77.339,384,33,Rain,18,No,No,54,Medium
2026-06-09 09:40,Botanical Garden,28.5636,77.334,734,22,Cloudy,0,No,No,67,Very High
2026-06-09 09:50,Dwarka Sector 21,28.5511,77.0565,105,63,Fog,0,No,No,98,Low
2026-06-09 10:00,IGI Airport T3,28.5562,77.1,717,23,Clear,0,No,No,63,Very High
2026-06-09 10:10,Dwarka Sector 21,28.5511,77.0565,237,43,Rain,16,No,Yes,98,Low
2026-06-09 10:20,India Gate,28.6129,77.2295,891,5,Heavy Rain,3,No,No,55,Very High
2026-06-09 10:30,Greater Noida West,28.59,77.43,75,65,Cloudy,0,No,Yes,47,Low
2026-06-09 10:40,Connaught Place,28.6315,77.2167,236,55,Cloudy,0,No,No,52,Low
2026-06-09 10:50,Botanical Garden,28.5636,77.334,510,21,Fog,0,Yes,Yes,66,High
2026-06-09 11:00,Pari Chowk,28.4671,77.503,619,17,Rain,1,No,No,84,High
2026-06-09 11:10,IGI Airport T3,28.5562,77.1,565,33,Clear,0,No,No,39,Medium
2026-06-09 11:20,Botanical Garden,28.5636,77.334,484,38,Cloudy,0,No,No,50,Medium
2026-06-09 11:30,IGI Airport T3,28.5562,77.1,720,22,Cloudy,0,No,No,87,Very High
2026-06-09 11:40,Akshardham Route,28.6127,77.2773,148,34,Heavy Rain,1,Yes,Yes,55,Medium
2026-06-09 11:50,Cyber Hub Gurgaon,28.4959,77.0882,70,54,Rain,11,No,No,92,Low
2026-06-09 12:00,India Gate,28.6129,77.2295,810,5,Heavy Rain,16,Yes,No,40,Very High
2026-06-09 12:10,Dwarka Sector 21,28.5511,77.0565,683,13,Heavy Rain,13,No,No,82,Very High
2026-06-09 12:20,Sector 18 Noida,28.5706,77.324,421,30,Rain,18,No,No,81,Medium
2026-06-09 12:30,Pari Chowk,28.4671,77.503,356,47,Clear,0,No,No,87,Low
2026-06-09 12:40,Cyber Hub Gurgaon,28.4959,77.0882,157,45,Fog,0,Yes,Yes,65,Low
2026-06-09 12:50,Cyber Hub Gurgaon,28.4959,77.0882,834,15,Fog,0,No,Yes,46,Very High
2026-06-09 13:00,MG Road Gurgaon,28.4794,77.0806,172,47,Heavy Rain,10,No,No,43,Low
2026-06-09 13:10,Connaught Place,28.6315,77.2167,868,13,Clear,0,No,No,55,Very High
2026-06-09 13:20,Vaishali Ghaziabad,28.646,77.339,368,19,Heavy Rain,18,Yes,No,39,High
2026-06-09 13:30,Sector 62 Noida,28.628,77.3649,743,9,Heavy Rain,16,No,No,99,Very High
2026-06-09 13:40,Pari Chowk,28.4671,77.503,744,6,Cloudy,0,Yes,No,39,Very High
2026-06-09 13:50,IGI Airport T3,28.5562,77.1,185,58,Clear,0,No,No,65,Low
2026-06-09 14:00,Akshardham Route,28.6127,77.2773,702,9,Cloudy,0,Yes,Yes,16,Very High
2026-06-09 14:10,Sector 62 Noida,28.628,77.3649,316,37,Heavy Rain,13,No,Yes,23,Medium
2026-06-09 14:20,IGI Airport T3,28.5562,77.1,584,20,Rain,10,No,No,32,High
2026-06-09 14:30,Sector 18 Noida,28.5706,77.324,567,21,Heavy Rain,15,No,No,53,High
2026-06-09 14:40,Akshardham Route,28.6127,77.2773,771,19,Cloudy,0,No,No,40,Very High
2026-06-09 14:50,Connaught Place,28.6315,77.2167,606,30,Fog,0,No,No,20,Medium
2026-06-09 15:00,IGI Airport T3,28.5562,77.1,642,28,Cloudy,0,No,No,66,Medium
2026-06-09 15:10,Cyber Hub Gurgaon,28.4959,77.0882,524,36,Cloudy,0,No,Yes,14,Medium
2026-06-09 15:20,IGI Airport T3,28.5562,77.1,459,40,Fog,0,No,No,41,Low
2026-06-09 15:30,Cyber Hub Gurgaon,28.4959,77.0882,511,21,Clear,0,Yes,No,71,High
2026-06-09 15:40,Dwarka Sector 21,28.5511,77.0565,270,52,Fog,0,No,No,87,Low
2026-06-09 15:50,Botanical Garden,28.5636,77.334,312,50,Fog,0,No,Yes,13,Low
2026-06-09 16:00,Karol Bagh,28.6519,77.1909,622,17,Heavy Rain,19,No,No,56,High
2026-06-09 16:10,Connaught Place,28.6315,77.2167,141,49,Rain,15,No,No,26,Low
2026-06-09 16:20,Sector 18 Noida,28.5706,77.324,343,48,Clear,0,No,No,44,Low
2026-06-09 16:30,Karol Bagh,28.6519,77.1909,828,5,Rain,17,Yes,No,28,Very High
2026-06-09 16:40,Vaishali Ghaziabad,28.646,77.339,380,33,Heavy Rain,5,No,No,69,Medium
2026-06-09 16:50,Vaishali Ghaziabad,28.646,77.339,484,38,Fog,0,No,No,15,Medium
2026-06-09 17:00,Connaught Place,28.6315,77.2167,127,62,Fog,0,No,No,90,Low
2026-06-09 17:10,Karol Bagh,28.6519,77.1909,588,31,Cloudy,0,No,No,35,Medium
2026-06-09 17:20,Sector 18 Noida,28.5706,77.324,221,56,Clear,0,No,No,81,Low
2026-06-09 17:30,Greater Noida West,28.59,77.43,184,58,Cloudy,0,No,No,69,Low
2026-06-09 17:40,DND Flyway,28.5942,77.3053,875,12,Clear,0,No,Yes,90,Very High
2026-06-09 17:50,Akshardham Route,28.6127,77.2773,195,57,Fog,0,No,No,26,Low
2026-06-09 18:00,Cyber Hub Gurgaon,28.4959,77.0882,500,22,Clear,0,Yes,No,71,High
2026-06-09 18:10,Vaishali Ghaziabad,28.646,77.339,229,40,Clear,0,Yes,No,90,Low
2026-06-09 18:20,IGI Airport T3,28.5562,77.1,354,35,Heavy Rain,3,No,No,69,Medium
2026-06-09 18:30,Akshardham Route,28.6127,77.2773,867,13,Fog,0,No,No,97,Very High
2026-06-09 18:40,India Gate,28.6129,77.2295,102,49,Cloudy,0,Yes,No,82,Low
2026-06-09 18:50,Akshardham Route,28.6127,77.2773,406,31,Heavy Rain,8,No,No,62,Medium
2026-06-09 19:00,Akshardham Route,28.6127,77.2773,684,10,Clear,0,Yes,No,22,Very High
2026-06-09 19:10,Sector 62 Noida,28.628,77.3649,115,63,Fog,0,No,No,39,Low
2026-06-09 19:20,Cyber Hub Gurgaon,28.4959,77.0882,454,25,Clear,0,Yes,Yes,92,Medium
2026-06-09 19:30,Karol Bagh,28.6519,77.1909,717,8,Clear,0,Yes,No,75,Very High
2026-06-09 19:40,DND Flyway,28.5942,77.3053,504,37,Cloudy,0,No,No,10,Medium
2026-06-09 19:50,Cyber Hub Gurgaon,28.4959,77.0882,896,5,Heavy Rain,17,No,No,17,Very High
2026-06-09 20:00,Cyber Hub Gurgaon,28.4959,77.0882,807,5,Rain,18,No,Yes,37,Very High
2026-06-09 20:10,IGI Airport T3,28.5562,77.1,801,17,Cloudy,0,No,Yes,41,Very High
2026-06-09 20:20,Sector 18 Noida,28.5706,77.324,419,43,Clear,0,No,No,83,Low
2026-06-09 20:30,India Gate,28.6129,77.2295,118,63,Clear,0,No,No,24,Low
2026-06-09 20:40,Karol Bagh,28.6519,77.1909,84,65,Fog,0,No,No,87,Low
2026-06-09 20:50,Vaishali Ghaziabad,28.646,77.339,278,52,Cloudy,0,No,Yes,53,Low
2026-06-09 21:00,Greater Noida West,28.59,77.43,52,67,Cloudy,0,No,No,46,Low
2026-06-09 21:10,Akshardham Route,28.6127,77.2773,771,7,Heavy Rain,7,No,No,98,Very High
2026-06-09 21:20,Pari Chowk,28.4671,77.503,235,55,Cloudy,0,No,No,71,Low
2026-06-09 21:30,Lajpat Nagar,28.5677,77.243,577,32,Clear,0,No,Yes,43,Medium
2026-06-09 21:40,Connaught Place,28.6315,77.2167,212,56,Cloudy,0,No,Yes,77,Low
2026-06-09 21:50,Vaishali Ghaziabad,28.646,77.339,760,8,Heavy Rain,2,No,No,86,Very High
2026-06-09 22:00,IGI Airport T3,28.5562,77.1,784,18,Clear,0,No,Yes,43,Very High
2026-06-09 22:10,MG Road Gurgaon,28.4794,77.0806,236,28,Rain,13,Yes,No,82,Medium
2026-06-09 22:20,DND Flyway,28.5942,77.3053,103,64,Clear,0,No,Yes,69,Low
2026-06-09 22:30,Cyber Hub Gurgaon,28.4959,77.0882,172,44,Cloudy,0,Yes,No,45,Low
2026-06-09 22:40,Akshardham Route,28.6127,77.2773,412,31,Rain,8,No,No,96,Medium
2026-06-09 22:50,Sector 18 Noida,28.5706,77.324,571,32,Clear,0,No,Yes,75,Medium
2026-06-09 23:00,Sector 18 Noida,28.5706,77.324,252,54,Clear,0,No,No,37,Low
2026-06-09 23:10,Connaught Place,28.6315,77.2167,662,11,Fog,0,Yes,Yes,46,Very High
2026-06-09 23:20,Sector 62 Noida,28.628,77.3649,295,51,Cloudy,0,No,Yes,16,Low
2026-06-09 23:30,DND Flyway,28.5942,77.3053,692,24,Cloudy,0,No,No,67,High
2026-06-09 23:40,Akshardham Route,28.6127,77.2773,651,27,Clear,0,No,No,37,Medium
2026-06-09 23:50,Cyber Hub Gurgaon,28.4959,77.0882,718,23,Clear,0,No,No,34,Very High
2026-06-10 00:00,Akshardham Route,28.6127,77.2773,393,44,Cloudy,0,No,No,52,Low
2026-06-10 00:10,Akshardham Route,28.6127,77.2773,442,29,Heavy Rain,6,No,No,38,Medium
2026-06-10 00:20,Sector 18 Noida,28.5706,77.324,843,5,Rain,2,No,No,47,Very High
2026-06-10 00:30,Akshardham Route,28.6127,77.2773,341,36,Rain,13,No,No,93,Medium
2026-06-10 00:40,Pari Chowk,28.4671,77.503,660,26,Cloudy,0,No,No,22,Medium
2026-06-10 00:50,Karol Bagh,28.6519,77.1909,466,39,Fog,0,No,Yes,36,Medium
2026-06-10 01:00,Sector 18 Noida,28.5706,77.324,363,46,Clear,0,No,No,35,Low
2026-06-10 01:10,Dwarka Sector 21,28.5511,77.0565,415,31,Heavy Rain,5,No,No,49,Medium
2026-06-10 01:20,Connaught Place,28.6315,77.2167,646,15,Heavy Rain,12,No,Yes,47,High
2026-06-10 01:30,Vaishali Ghaziabad,28.646,77.339,748,9,Rain,18,No,No,62,Very High
2026-06-10 01:40,Cyber Hub Gurgaon,28.4959,77.0882,433,42,Fog,0,No,Yes,93,Low
2026-06-10 01:50,Pari Chowk,28.4671,77.503,433,42,Fog,0,No,Yes,61,Low
2026-06-10 02:00,Vaishali Ghaziabad,28.646,77.339,869,5,Cloudy,0,Yes,No,27,Very High
2026-06-10 02:10,Cyber Hub Gurgaon,28.4959,77.0882,229,55,Cloudy,0,No,No,15,Low
2026-06-10 02:20,Lajpat Nagar,28.5677,77.243,181,31,Heavy Rain,14,Yes,No,15,Medium
2026-06-10 02:30,Karol Bagh,28.6519,77.1909,754,5,Rain,5,Yes,No,52,Very High
2026-06-10 02:40,Pari Chowk,28.4671,77.503,675,13,Heavy Rain,6,No,No,63,Very High
2026-06-10 02:50,Greater Noida West,28.59,77.43,839,15,Clear,0,No,No,22,Very High
2026-06-10 03:00,MG Road Gurgaon,28.4794,77.0806,53,55,Heavy Rain,16,No,No,25,Low
2026-06-10 03:10,Cyber Hub Gurgaon,28.4959,77.0882,599,31,Cloudy,0,No,No,98,Medium
2026-06-10 03:20,Lajpat Nagar,28.5677,77.243,397,44,Clear,0,No,No,26,Low
2026-06-10 03:30,DND Flyway,28.5942,77.3053,204,57,Clear,0,No,No,17,Low
2026-06-10 03:40,Lajpat Nagar,28.5677,77.243,737,9,Rain,19,No,Yes,100,Very High
2026-06-10 03:50,DND Flyway,28.5942,77.3053,212,44,Rain,17,No,No,26,Low
2026-06-10 04:00,Greater Noida West,28.59,77.43,665,5,Rain,19,Yes,No,38,Very High
2026-06-10 04:10,Lajpat Nagar,28.5677,77.243,488,11,Rain,6,Yes,Yes,60,Very High
2026-06-10 04:20,Karol Bagh,28.6519,77.1909,247,27,Rain,12,Yes,No,20,Medium
2026-06-10 04:30,Akshardham Route,28.6127,77.2773,518,36,Fog,0,No,No,55,Medium
2026-06-10 04:40,Sector 18 Noida,28.5706,77.324,540,7,Rain,8,Yes,No,39,Very High
2026-06-10 04:50,Pari Chowk,28.4671,77.503,869,5,Heavy Rain,7,No,No,30,Very High
2026-06-10 05:00,Botanical Garden,28.5636,77.334,396,44,Fog,0,No,No,93,Low
2026-06-10 05:10,Pari Chowk,28.4671,77.503,867,5,Heavy Rain,19,Yes,No,13,Very High
2026-06-10 05:20,Botanical Garden,28.5636,77.334,96,52,Rain,4,No,Yes,75,Low
2026-06-10 05:30,Connaught Place,28.6315,77.2167,711,23,Cloudy,0,No,No,38,Very High
2026-06-10 05:40,Botanical Garden,28.5636,77.334,654,5,Heavy Rain,13,Yes,No,41,Very High
2026-06-10 05:50,DND Flyway,28.5942,77.3053,554,19,Cloudy,0,Yes,No,59,High
2026-06-10 06:00,Pari Chowk,28.4671,77.503,83,65,Cloudy,0,No,No,62,Low
2026-06-10 06:10,Connaught Place,28.6315,77.2167,400,44,Cloudy,0,No,No,40,Low
2026-06-10 06:20,India Gate,28.6129,77.2295,609,5,Rain,13,Yes,No,83,Very High
2026-06-10 06:30,India Gate,28.6129,77.2295,407,43,Cloudy,0,No,No,22,Low
2026-06-10 06:40,Lajpat Nagar,28.5677,77.243,114,51,Heavy Rain,10,No,Yes,18,Low
2026-06-10 06:50,IGI Airport T3,28.5562,77.1,85,38,Heavy Rain,8,Yes,No,20,Medium
2026-06-10 07:00,Sector 62 Noida,28.628,77.3649,778,19,Fog,0,No,Yes,18,Very High
2026-06-10 07:10,Pari Chowk,28.4671,77.503,418,43,Fog,0,No,No,92,Low
2026-06-10 07:20,Karol Bagh,28.6519,77.1909,431,27,Cloudy,0,Yes,No,71,Medium
2026-06-10 07:30,Sector 62 Noida,28.628,77.3649,343,36,Heavy Rain,15,No,No,98,Medium
2026-06-10 07:40,Connaught Place,28.6315,77.2167,896,11,Fog,0,No,No,88,Very High
2026-06-10 07:50,Dwarka Sector 21,28.5511,77.0565,241,54,Fog,0,No,No,21,Low
2026-06-10 08:00,Karol Bagh,28.6519,77.1909,123,47,Fog,0,Yes,No,78,Low
2026-06-10 08:10,Sector 62 Noida,28.628,77.3649,116,63,Clear,0,No,Yes,12,Low
2026-06-10 08:20,Connaught Place,28.6315,77.2167,797,5,Fog,0,Yes,No,57,Very High
2026-06-10 08:30,Karol Bagh,28.6519,77.1909,132,47,Clear,0,Yes,Yes,83,Low
2026-06-10 08:40,Dwarka Sector 21,28.5511,77.0565,481,38,Cloudy,0,No,No,60,Medium
2026-06-10 08:50,Dwarka Sector 21,28.5511,77.0565,210,44,Rain,11,No,No,93,Low
2026-06-10 09:00,Greater Noida West,28.59,77.43,163,60,Fog,0,No,No,89,Low
2026-06-10 09:10,Karol Bagh,28.6519,77.1909,96,52,Heavy Rain,13,No,Yes,58,Low
2026-06-10 09:20,Sector 62 Noida,28.628,77.3649,398,44,Cloudy,0,No,No,15,Low
2026-06-10 09:30,Dwarka Sector 21,28.5511,77.0565,263,53,Clear,0,No,No,69,Low
2026-06-10 09:40,Greater Noida West,28.59,77.43,440,26,Cloudy,0,Yes,No,68,Medium
2026-06-10 09:50,Botanical Garden,28.5636,77.334,493,38,Cloudy,0,No,Yes,63,Medium
2026-06-10 10:00,Dwarka Sector 21,28.5511,77.0565,334,48,Clear,0,No,No,90,Low
2026-06-10 10:10,Botanical Garden,28.5636,77.334,764,8,Heavy Rain,20,No,No,86,Very High
2026-06-10 10:20,IGI Airport T3,28.5562,77.1,672,26,Clear,0,No,No,98,Medium
2026-06-10 10:30,MG Road Gurgaon,28.4794,77.0806,827,5,Fog,0,Yes,No,17,Very High
2026-06-10 10:40,Vaishali Ghaziabad,28.646,77.339,281,52,Clear,0,No,No,69,Low
2026-06-10 10:50,Lajpat Nagar,28.5677,77.243,680,13,Heavy Rain,16,No,No,87,Very High
2026-06-10 11:00,Sector 62 Noida,28.628,77.3649,170,32,Rain,4,Yes,Yes,68,Medium
2026-06-10 11:10,Pari Chowk,28.4671,77.503,723,5,Heavy Rain,16,Yes,Yes,50,Very High
2026-06-10 11:20,India Gate,28.6129,77.2295,360,46,Clear,0,No,No,65,Low
2026-06-10 11:30,Sector 18 Noida,28.5706,77.324,370,31,Cloudy,0,Yes,No,84,Medium
2026-06-10 11:40,Cyber Hub Gurgaon,28.4959,77.0882,54,67,Fog,0,No,No,41,Low
2026-06-10 11:50,MG Road Gurgaon,28.4794,77.0806,156,48,Rain,19,No,Yes,55,Low
2026-06-10 12:00,Botanical Garden,28.5636,77.334,480,23,Fog,0,Yes,Yes,14,High
2026-06-10 12:10,Sector 62 Noida,28.628,77.3649,519,36,Fog,0,No,No,77,Medium
2026-06-10 12:20,Dwarka Sector 21,28.5511,77.0565,510,36,Clear,0,No,No,76,Medium
2026-06-10 12:30,DND Flyway,28.5942,77.3053,132,50,Heavy Rain,6,No,Yes,96,Low
2026-06-10 12:40,Cyber Hub Gurgaon,28.4959,77.0882,325,49,Fog,0,No,No,64,Low
2026-06-10 12:50,Sector 18 Noida,28.5706,77.324,741,9,Rain,8,No,Yes,10,Very High
2026-06-10 13:00,Karol Bagh,28.6519,77.1909,729,22,Fog,0,No,No,22,Very High
2026-06-10 13:10,Vaishali Ghaziabad,28.646,77.339,565,18,Clear,0,Yes,No,26,High
2026-06-10 13:20,Karol Bagh,28.6519,77.1909,751,20,Fog,0,No,Yes,19,Very High
2026-06-10 13:30,Sector 18 Noida,28.5706,77.324,283,52,Clear,0,No,No,36,Low
2026-06-10 13:40,Dwarka Sector 21,28.5511,77.0565,732,22,Clear,0,No,No,69,Very High
2026-06-10 13:50,Sector 62 Noida,28.628,77.3649,804,5,Heavy Rain,2,Yes,No,91,Very High
2026-06-10 14:00,Sector 62 Noida,28.628,77.3649,371,46,Fog,0,No,Yes,18,Low
2026-06-10 14:10,Akshardham Route,28.6127,77.2773,737,9,Heavy Rain,9,No,No,82,Very High
2026-06-10 14:20,India Gate,28.6129,77.2295,530,35,Fog,0,No,No,23,Medium
2026-06-10 14:30,Dwarka Sector 21,28.5511,77.0565,810,5,Clear,0,Yes,No,23,Very High
2026-06-10 14:40,Cyber Hub Gurgaon,28.4959,77.0882,651,27,Clear,0,No,No,19,Medium
2026-06-10 14:50,Karol Bagh,28.6519,77.1909,520,24,Rain,17,No,No,70,High
2026-06-10 15:00,Akshardham Route,28.6127,77.2773,59,67,Cloudy,0,No,Yes,86,Low
2026-06-10 15:10,Akshardham Route,28.6127,77.2773,454,40,Cloudy,0,No,No,12,Low
2026-06-10 15:20,Connaught Place,28.6315,77.2167,895,11,Fog,0,No,No,89,Very High
2026-06-10 15:30,Dwarka Sector 21,28.5511,77.0565,191,46,Heavy Rain,3,No,Yes,91,Low
2026-06-10 15:40,Sector 62 Noida,28.628,77.3649,204,45,Heavy Rain,4,No,No,65,Low
2026-06-10 15:50,DND Flyway,28.5942,77.3053,419,43,Cloudy,0,No,No,39,Low
2026-06-10 16:00,DND Flyway,28.5942,77.3053,295,51,Cloudy,0,No,No,23,Low
2026-06-10 16:10,Dwarka Sector 21,28.5511,77.0565,347,47,Fog,0,No,No,33,Low
2026-06-10 16:20,Botanical Garden,28.5636,77.334,152,60,Cloudy,0,No,No,55,Low
2026-06-10 16:30,Botanical Garden,28.5636,77.334,69,54,Heavy Rain,3,No,No,65,Low
2026-06-10 16:40,IGI Airport T3,28.5562,77.1,832,15,Clear,0,No,Yes,45,Very High
2026-06-10 16:50,DND Flyway,28.5942,77.3053,312,35,Clear,0,Yes,No,96,Medium
2026-06-10 17:00,DND Flyway,28.5942,77.3053,698,24,Cloudy,0,No,No,28,High
2026-06-10 17:10,DND Flyway,28.5942,77.3053,643,5,Rain,9,Yes,Yes,91,Very High
2026-06-10 17:20,Sector 62 Noida,28.628,77.3649,842,5,Clear,0,Yes,No,100,Very High
2026-06-10 17:30,MG Road Gurgaon,28.4794,77.0806,678,25,Clear,0,No,No,76,Medium
2026-06-10 17:40,Sector 18 Noida,28.5706,77.324,457,25,Cloudy,0,Yes,No,21,Medium
2026-06-10 17:50,Dwarka Sector 21,28.5511,77.0565,765,19,Cloudy,0,No,No,92,Very High
2026-06-10 18:00,Dwarka Sector 21,28.5511,77.0565,644,16,Heavy Rain,6,No,No,80,High
2026-06-10 18:10,MG Road Gurgaon,28.4794,77.0806,778,5,Cloudy,0,Yes,No,73,Very High
2026-06-10 18:20,India Gate,28.6129,77.2295,482,38,Fog,0,No,No,10,Medium
2026-06-10 18:30,India Gate,28.6129,77.2295,379,33,Rain,5,No,No,19,Medium
2026-06-10 18:40,Karol Bagh,28.6519,77.1909,327,49,Fog,0,No,No,99,Low
2026-06-10 18:50,MG Road Gurgaon,28.4794,77.0806,370,31,Fog,0,Yes,No,38,Medium
2026-06-10 19:00,Vaishali Ghaziabad,28.646,77.339,82,65,Cloudy,0,No,Yes,68,Low
2026-06-10 19:10,Greater Noida West,28.59,77.43,253,42,Heavy Rain,8,No,No,38,Low
2026-06-10 19:20,Sector 18 Noida,28.5706,77.324,677,25,Cloudy,0,No,No,81,Medium
2026-06-10 19:30,Dwarka Sector 21,28.5511,77.0565,235,55,Fog,0,No,No,76,Low
2026-06-10 19:40,Akshardham Route,28.6127,77.2773,183,46,Heavy Rain,11,No,Yes,89,Low
2026-06-10 19:50,Akshardham Route,28.6127,77.2773,94,64,Clear,0,No,No,95,Low
2026-06-10 20:00,Vaishali Ghaziabad,28.646,77.339,64,66,Cloudy,0,No,No,44,Low
2026-06-10 20:10,Sector 62 Noida,28.628,77.3649,288,51,Cloudy,0,No,No,22,Low
2026-06-10 20:20,Akshardham Route,28.6127,77.2773,128,50,Rain,2,No,No,56,Low
2026-06-10 20:30,Karol Bagh,28.6519,77.1909,92,49,Fog,0,Yes,No,42,Low
2026-06-10 20:40,Karol Bagh,28.6519,77.1909,811,16,Fog,0,No,No,75,Very High
2026-06-10 20:50,Botanical Garden,28.5636,77.334,795,17,Clear,0,No,No,43,Very High
2026-06-10 21:00,Cyber Hub Gurgaon,28.4959,77.0882,195,45,Heavy Rain,6,No,No,53,Low
2026-06-10 21:10,Vaishali Ghaziabad,28.646,77.339,150,45,Cloudy,0,Yes,Yes,28,Low
2026-06-10 21:20,Greater Noida West,28.59,77.43,284,37,Cloudy,0,Yes,No,22,Medium
2026-06-10 21:30,Botanical Garden,28.5636,77.334,199,57,Fog,0,No,No,57,Low
2026-06-10 21:40,MG Road Gurgaon,28.4794,77.0806,465,39,Clear,0,No,No,59,Medium
2026-06-10 21:50,Greater Noida West,28.59,77.43,544,22,Heavy Rain,4,No,No,26,High
2026-06-10 22:00,DND Flyway,28.5942,77.3053,668,14,Rain,7,No,No,73,Very High
2026-06-10 22:10,MG Road Gurgaon,28.4794,77.0806,461,40,Fog,0,No,Yes,70,Low
2026-06-10 22:20,Botanical Garden,28.5636,77.334,218,41,Cloudy,0,Yes,No,23,Low
2026-06-10 22:30,Sector 62 Noida,28.628,77.3649,407,16,Rain,10,Yes,No,44,High
2026-06-10 22:40,Lajpat Nagar,28.5677,77.243,788,6,Heavy Rain,9,No,Yes,43,Very High
2026-06-10 22:50,MG Road Gurgaon,28.4794,77.0806,553,22,Rain,2,No,No,19,High
2026-06-10 23:00,India Gate,28.6129,77.2295,680,25,Clear,0,No,No,19,Medium
2026-06-10 23:10,Pari Chowk,28.4671,77.503,261,26,Heavy Rain,6,Yes,No,75,Medium
2026-06-10 23:20,Connaught Place,28.6315,77.2167,547,34,Fog,0,No,Yes,75,Medium
2026-06-10 23:30,India Gate,28.6129,77.2295,100,52,Rain,19,No,No,33,Low
2026-06-10 23:40,DND Flyway,28.5942,77.3053,220,44,Heavy Rain,3,No,No,93,Low
2026-06-10 23:50,DND Flyway,28.5942,77.3053,266,26,Rain,20,Yes,No,82,Medium
2026-06-11 00:00,Sector 62 Noida,28.628,77.3649,792,5,Heavy Rain,20,Yes,Yes,92,Very High
2026-06-11 00:10,Lajpat Nagar,28.5677,77.243,379,18,Heavy Rain,9,Yes,Yes,27,High
2026-06-11 00:20,Cyber Hub Gurgaon,28.4959,77.0882,313,38,Heavy Rain,17,No,Yes,94,Medium
2026-06-11 00:30,Connaught Place,28.6315,77.2167,663,26,Cloudy,0,No,No,64,Medium
2026-06-11 00:40,Pari Chowk,28.4671,77.503,848,5,Heavy Rain,17,No,No,67,Very High
2026-06-11 00:50,DND Flyway,28.5942,77.3053,211,56,Fog,0,No,No,53,Low
2026-06-11 01:00,Pari Chowk,28.4671,77.503,495,37,Clear,0,No,No,69,Medium
2026-06-11 01:10,Sector 62 Noida,28.628,77.3649,452,40,Clear,0,No,No,43,Low
2026-06-11 01:20,IGI Airport T3,28.5562,77.1,557,33,Fog,0,No,No,76,Medium
2026-06-11 01:30,Dwarka Sector 21,28.5511,77.0565,556,21,Rain,2,No,No,89,High
2026-06-11 01:40,Sector 62 Noida,28.628,77.3649,753,20,Clear,0,No,No,97,Very High
2026-06-11 01:50,Akshardham Route,28.6127,77.2773,514,36,Fog,0,No,Yes,98,Medium
2026-06-11 02:00,Greater Noida West,28.59,77.43,662,14,Rain,16,No,No,29,Very High
2026-06-11 02:10,Lajpat Nagar,28.5677,77.243,408,43,Cloudy,0,No,No,26,Low
2026-06-11 02:20,MG Road Gurgaon,28.4794,77.0806,231,55,Fog,0,No,Yes,15,Low
2026-06-11 02:30,Connaught Place,28.6315,77.2167,883,5,Heavy Rain,14,No,Yes,27,Very High
2026-06-11 02:40,Sector 62 Noida,28.628,77.3649,489,23,Fog,0,Yes,No,52,High
2026-06-11 02:50,IGI Airport T3,28.5562,77.1,794,18,Clear,0,No,No,48,Very High
2026-06-11 03:00,Botanical Garden,28.5636,77.334,294,51,Cloudy,0,No,No,59,Low
2026-06-11 03:10,MG Road Gurgaon,28.4794,77.0806,347,32,Cloudy,0,Yes,No,96,Medium
2026-06-11 03:20,DND Flyway,28.5942,77.3053,289,39,Rain,18,No,No,41,Medium
2026-06-11 03:30,MG Road Gurgaon,28.4794,77.0806,644,28,Fog,0,No,No,13,Medium
2026-06-11 03:40,Botanical Garden,28.5636,77.334,133,62,Clear,0,No,Yes,83,Low
2026-06-11 03:50,India Gate,28.6129,77.2295,456,40,Cloudy,0,No,Yes,100,Low
2026-06-11 04:00,DND Flyway,28.5942,77.3053,633,16,Rain,15,No,No,90,High
2026-06-11 04:10,Pari Chowk,28.4671,77.503,568,6,Rain,9,Yes,No,98,Very High
2026-06-11 04:20,Sector 18 Noida,28.5706,77.324,816,16,Clear,0,No,No,87,Very High
2026-06-11 04:30,Dwarka Sector 21,28.5511,77.0565,243,54,Fog,0,No,No,45,Low
2026-06-11 04:40,Akshardham Route,28.6127,77.2773,115,48,Fog,0,Yes,No,65,Low
2026-06-11 04:50,Sector 62 Noida,28.628,77.3649,793,18,Cloudy,0,No,No,82,Very High
2026-06-11 05:00,Vaishali Ghaziabad,28.646,77.339,311,23,Heavy Rain,4,Yes,No,10,High
2026-06-11 05:10,Botanical Garden,28.5636,77.334,658,27,Fog,0,No,No,62,Medium
2026-06-11 05:20,Karol Bagh,28.6519,77.1909,219,41,Clear,0,Yes,No,47,Low
2026-06-11 05:30,Botanical Garden,28.5636,77.334,535,35,Cloudy,0,No,No,75,Medium
2026-06-11 05:40,MG Road Gurgaon,28.4794,77.0806,696,12,Rain,2,No,No,44,Very High
2026-06-11 05:50,MG Road Gurgaon,28.4794,77.0806,548,22,Rain,13,No,Yes,86,High
2026-06-11 06:00,IGI Airport T3,28.5562,77.1,754,8,Rain,7,No,Yes,38,Very High
2026-06-11 06:10,Karol Bagh,28.6519,77.1909,740,21,Fog,0,No,No,89,Very High
2026-06-11 06:20,India Gate,28.6129,77.2295,165,44,Cloudy,0,Yes,No,16,Low
2026-06-11 06:30,DND Flyway,28.5942,77.3053,539,23,Heavy Rain,18,No,No,12,High
2026-06-11 06:40,DND Flyway,28.5942,77.3053,778,19,Clear,0,No,No,59,Very High
2026-06-11 06:50,Vaishali Ghaziabad,28.646,77.339,75,38,Rain,9,Yes,No,24,Medium
2026-06-11 07:00,IGI Airport T3,28.5562,77.1,782,5,Fog,0,Yes,No,69,Very High
2026-06-11 07:10,MG Road Gurgaon,28.4794,77.0806,265,38,Fog,0,Yes,Yes,54,Medium
2026-06-11 07:20,Sector 18 Noida,28.5706,77.324,335,48,Cloudy,0,No,Yes,74,Low
2026-06-11 07:30,Dwarka Sector 21,28.5511,77.0565,793,18,Cloudy,0,No,No,33,Very High
2026-06-11 07:40,India Gate,28.6129,77.2295,121,47,Clear,0,Yes,No,37,Low
2026-06-11 07:50,India Gate,28.6129,77.2295,236,43,Heavy Rain,18,No,No,61,Low
2026-06-11 08:00,IGI Airport T3,28.5562,77.1,753,20,Cloudy,0,No,No,58,Very High
2026-06-11 08:10,Akshardham Route,28.6127,77.2773,897,11,Fog,0,No,Yes,47,Very High
2026-06-11 08:20,Karol Bagh,28.6519,77.1909,509,37,Clear,0,No,Yes,35,Medium
2026-06-11 08:30,Akshardham Route,28.6127,77.2773,385,45,Clear,0,No,No,54,Low
2026-06-11 08:40,Sector 18 Noida,28.5706,77.324,886,11,Fog,0,No,No,30,Very High
2026-06-11 08:50,Akshardham Route,28.6127,77.2773,256,41,Heavy Rain,1,No,No,94,Low
2026-06-11 09:00,Botanical Garden,28.5636,77.334,121,47,Cloudy,0,Yes,No,66,Low
2026-06-11 09:10,Sector 18 Noida,28.5706,77.324,669,5,Rain,3,Yes,No,12,Very High
2026-06-11 09:20,Pari Chowk,28.4671,77.503,815,16,Clear,0,No,No,35,Very High
2026-06-11 09:30,Pari Chowk,28.4671,77.503,716,8,Cloudy,0,Yes,Yes,20,Very High
2026-06-11 09:40,Greater Noida West,28.59,77.43,563,21,Heavy Rain,15,No,Yes,95,High
2026-06-11 09:50,Lajpat Nagar,28.5677,77.243,312,38,Rain,9,No,No,91,Medium
2026-06-11 10:00,Greater Noida West,28.59,77.43,487,38,Cloudy,0,No,Yes,96,Medium
2026-06-11 10:10,Karol Bagh,28.6519,77.1909,560,21,Rain,10,No,No,20,High
2026-06-11 10:20,India Gate,28.6129,77.2295,896,11,Cloudy,0,No,No,97,Very High
2026-06-11 10:30,Dwarka Sector 21,28.5511,77.0565,699,24,Clear,0,No,No,21,High
2026-06-11 10:40,Cyber Hub Gurgaon,28.4959,77.0882,878,12,Clear,0,No,No,59,Very High
2026-06-11 10:50,India Gate,28.6129,77.2295,797,17,Clear,0,No,Yes,66,Very High
2026-06-11 11:00,Karol Bagh,28.6519,77.1909,666,14,Heavy Rain,18,No,No,51,Very High
2026-06-11 11:10,Vaishali Ghaziabad,28.646,77.339,361,34,Heavy Rain,6,No,No,68,Medium
2026-06-11 11:20,Vaishali Ghaziabad,28.646,77.339,324,34,Clear,0,Yes,No,81,Medium
2026-06-11 11:30,DND Flyway,28.5942,77.3053,149,61,Cloudy,0,No,No,92,Low
2026-06-11 11:40,Dwarka Sector 21,28.5511,77.0565,429,27,Fog,0,Yes,No,69,Medium
2026-06-11 11:50,Sector 62 Noida,28.628,77.3649,327,37,Rain,20,No,Yes,68,Medium
2026-06-11 12:00,Greater Noida West,28.59,77.43,493,38,Cloudy,0,No,No,37,Medium
2026-06-11 12:10,Sector 18 Noida,28.5706,77.324,311,38,Heavy Rain,3,No,No,80,Medium
2026-06-11 12:20,India Gate,28.6129,77.2295,484,26,Heavy Rain,11,No,No,76,Medium
2026-06-11 12:30,Botanical Garden,28.5636,77.334,434,42,Fog,0,No,No,69,Low
2026-06-11 12:40,Sector 62 Noida,28.628,77.3649,587,19,Rain,11,No,Yes,37,High
2026-06-11 12:50,Cyber Hub Gurgaon,28.4959,77.0882,122,62,Fog,0,No,No,94,Low
2026-06-11 13:00,Botanical Garden,28.5636,77.334,817,5,Fog,0,Yes,Yes,98,Very High
2026-06-11 13:10,Greater Noida West,28.59,77.43,676,5,Rain,2,Yes,No,83,Very High
2026-06-11 13:20,MG Road Gurgaon,28.4794,77.0806,343,21,Heavy Rain,5,Yes,No,71,High
2026-06-11 13:30,DND Flyway,28.5942,77.3053,89,53,Heavy Rain,16,No,Yes,72,Low
2026-06-11 13:40,Sector 62 Noida,28.628,77.3649,347,35,Heavy Rain,20,No,No,41,Medium
2026-06-11 13:50,Karol Bagh,28.6519,77.1909,386,45,Cloudy,0,No,Yes,11,Low
2026-06-11 14:00,Pari Chowk,28.4671,77.503,541,34,Clear,0,No,No,10,Medium
2026-06-11 14:10,IGI Airport T3,28.5562,77.1,544,34,Clear,0,No,No,34,Medium
2026-06-11 14:20,IGI Airport T3,28.5562,77.1,804,17,Fog,0,No,No,29,Very High
2026-06-11 14:30,DND Flyway,28.5942,77.3053,494,26,Heavy Rain,6,No,No,55,Medium
2026-06-11 14:40,Pari Chowk,28.4671,77.503,81,38,Rain,14,Yes,No,27,Medium
2026-06-11 14:50,IGI Airport T3,28.5562,77.1,570,20,Heavy Rain,1,No,No,65,High
2026-06-11 15:00,DND Flyway,28.5942,77.3053,211,56,Cloudy,0,No,Yes,85,Low
2026-06-11 15:10,India Gate,28.6129,77.2295,654,15,Rain,11,No,Yes,50,High
2026-06-11 15:20,DND Flyway,28.5942,77.3053,576,32,Clear,0,No,No,72,Medium
2026-06-11 15:30,Sector 18 Noida,28.5706,77.324,849,5,Heavy Rain,10,No,No,84,Very High
2026-06-11 15:40,Greater Noida West,28.59,77.43,50,40,Heavy Rain,6,Yes,No,39,Low
2026-06-11 15:50,Connaught Place,28.6315,77.2167,485,38,Cloudy,0,No,No,19,Medium
2026-06-11 16:00,Cyber Hub Gurgaon,28.4959,77.0882,548,19,Cloudy,0,Yes,No,91,High
2026-06-11 16:10,DND Flyway,28.5942,77.3053,688,25,Fog,0,No,Yes,43,Medium
2026-06-11 16:20,Botanical Garden,28.5636,77.334,782,18,Fog,0,No,Yes,92,Very High
2026-06-11 16:30,Akshardham Route,28.6127,77.2773,670,11,Clear,0,Yes,No,83,Very High
2026-06-11 16:40,Sector 18 Noida,28.5706,77.324,612,30,Fog,0,No,No,44,Medium
2026-06-11 16:50,DND Flyway,28.5942,77.3053,320,49,Fog,0,No,Yes,72,Low
2026-06-11 17:00,Sector 62 Noida,28.628,77.3649,55,55,Rain,17,No,No,39,Low
2026-06-11 17:10,Sector 62 Noida,28.628,77.3649,136,61,Clear,0,No,Yes,84,Low
2026-06-11 17:20,MG Road Gurgaon,28.4794,77.0806,460,40,Clear,0,No,Yes,43,Low
2026-06-11 17:30,DND Flyway,28.5942,77.3053,863,5,Heavy Rain,12,Yes,No,17,Very High
2026-06-11 17:40,Greater Noida West,28.59,77.43,132,47,Fog,0,Yes,No,78,Low
2026-06-11 17:50,DND Flyway,28.5942,77.3053,375,33,Heavy Rain,7,No,No,37,Medium
2026-06-11 18:00,IGI Airport T3,28.5562,77.1,142,49,Heavy Rain,6,No,No,14,Low
2026-06-11 18:10,Pari Chowk,28.4671,77.503,833,5,Heavy Rain,15,No,No,26,Very High
2026-06-11 18:20,Greater Noida West,28.59,77.43,77,50,Fog,0,Yes,No,83,Low
2026-06-11 18:30,Pari Chowk,28.4671,77.503,452,40,Cloudy,0,No,No,31,Low
2026-06-11 18:40,Dwarka Sector 21,28.5511,77.0565,310,38,Rain,10,No,No,80,Medium
2026-06-11 18:50,Akshardham Route,28.6127,77.2773,56,67,Cloudy,0,No,No,65,Low
2026-06-11 19:00,Dwarka Sector 21,28.5511,77.0565,165,47,Heavy Rain,4,No,Yes,66,Low
2026-06-11 19:10,Sector 62 Noida,28.628,77.3649,645,15,Rain,20,No,No,42,High
2026-06-11 19:20,IGI Airport T3,28.5562,77.1,856,13,Fog,0,No,No,29,Very High
2026-06-11 19:30,DND Flyway,28.5942,77.3053,63,39,Rain,11,Yes,No,30,Medium
2026-06-11 19:40,Greater Noida West,28.59,77.43,794,6,Rain,17,No,No,82,Very High
2026-06-11 19:50,Greater Noida West,28.59,77.43,611,15,Cloudy,0,Yes,No,10,High
2026-06-11 20:00,Lajpat Nagar,28.5677,77.243,287,39,Rain,4,No,No,60,Medium
2026-06-11 20:10,Sector 18 Noida,28.5706,77.324,487,38,Clear,0,No,No,43,Medium
2026-06-11 20:20,India Gate,28.6129,77.2295,708,23,Fog,0,No,Yes,66,Very High
2026-06-11 20:30,Cyber Hub Gurgaon,28.4959,77.0882,591,16,Clear,0,Yes,No,42,High
2026-06-11 20:40,Greater Noida West,28.59,77.43,63,51,Fog,0,Yes,Yes,25,Low
2026-06-11 20:50,Connaught Place,28.6315,77.2167,600,30,Clear,0,No,No,56,Medium
2026-06-11 21:00,Dwarka Sector 21,28.5511,77.0565,258,53,Cloudy,0,No,No,15,Low
2026-06-11 21:10,Greater Noida West,28.59,77.43,824,16,Clear,0,No,No,19,Very High
2026-06-11 21:20,Sector 18 Noida,28.5706,77.324,55,67,Cloudy,0,No,No,40,Low
2026-06-11 21:30,Pari Chowk,28.4671,77.503,535,8,Heavy Rain,17,Yes,No,79,Very High
2026-06-11 21:40,Cyber Hub Gurgaon,28.4959,77.0882,71,54,Rain,8,No,No,39,Low
2026-06-11 21:50,DND Flyway,28.5942,77.3053,694,5,Rain,20,Yes,No,26,Very High
2026-06-11 22:00,DND Flyway,28.5942,77.3053,313,38,Heavy Rain,4,No,No,76,Medium
2026-06-11 22:10,Botanical Garden,28.5636,77.334,230,55,Fog,0,No,No,24,Low
2026-06-11 22:20,Cyber Hub Gurgaon,28.4959,77.0882,669,5,Rain,17,Yes,No,26,Very High
2026-06-11 22:30,MG Road Gurgaon,28.4794,77.0806,517,24,Heavy Rain,3,No,No,72,High
2026-06-11 22:40,Lajpat Nagar,28.5677,77.243,104,52,Rain,4,No,No,90,Low
2026-06-11 22:50,Cyber Hub Gurgaon,28.4959,77.0882,602,30,Clear,0,No,No,47,Medium
2026-06-11 23:00,Sector 62 Noida,28.628,77.3649,768,7,Heavy Rain,12,No,No,46,Very High
2026-06-11 23:10,Dwarka Sector 21,28.5511,77.0565,420,30,Rain,16,No,No,68,Medium
2026-06-11 23:20,MG Road Gurgaon,28.4794,77.0806,203,30,Heavy Rain,9,Yes,Yes,85,Medium
2026-06-11 23:30,MG Road Gurgaon,28.4794,77.0806,507,10,Rain,17,Yes,No,81,Very High
2026-06-11 23:40,Karol Bagh,28.6519,77.1909,196,57,Clear,0,No,No,21,Low
2026-06-11 23:50,Vaishali Ghaziabad,28.646,77.339,255,38,Cloudy,0,Yes,No,48,Medium
2026-06-12 00:00,MG Road Gurgaon,28.4794,77.0806,620,17,Rain,1,No,No,64,High
2026-06-12 00:10,IGI Airport T3,28.5562,77.1,594,31,Fog,0,No,Yes,10,Medium
2026-06-12 00:20,Karol Bagh,28.6519,77.1909,540,22,Rain,14,No,No,98,High
2026-06-12 00:30,Greater Noida West,28.59,77.43,305,35,Cloudy,0,Yes,No,19,Medium
2026-06-12 00:40,Karol Bagh,28.6519,77.1909,400,29,Clear,0,Yes,No,53,Medium
2026-06-12 00:50,Cyber Hub Gurgaon,28.4959,77.0882,720,10,Heavy Rain,7,No,No,10,Very High
2026-06-12 01:00,Karol Bagh,28.6519,77.1909,168,47,Heavy Rain,1,No,Yes,51,Low
2026-06-12 01:10,Dwarka Sector 21,28.5511,77.0565,126,62,Fog,0,No,No,10,Low
2026-06-12 01:20,Cyber Hub Gurgaon,28.4959,77.0882,666,26,Fog,0,No,No,77,Medium
2026-06-12 01:30,Sector 18 Noida,28.5706,77.324,50,40,Rain,8,Yes,Yes,82,Low
2026-06-12 01:40,Greater Noida West,28.59,77.43,571,32,Fog,0,No,No,71,Medium
2026-06-12 01:50,IGI Airport T3,28.5562,77.1,605,30,Clear,0,No,No,77,Medium
2026-06-12 02:00,Akshardham Route,28.6127,77.2773,583,32,Cloudy,0,No,No,61,Medium
2026-06-12 02:10,Akshardham Route,28.6127,77.2773,74,66,Fog,0,No,No,99,Low
2026-06-12 02:20,India Gate,28.6129,77.2295,354,35,Rain,18,No,No,37,Medium
2026-06-12 02:30,Cyber Hub Gurgaon,28.4959,77.0882,303,38,Heavy Rain,13,No,No,78,Medium
2026-06-12 02:40,Vaishali Ghaziabad,28.646,77.339,829,15,Clear,0,No,No,55,Very High
2026-06-12 02:50,Karol Bagh,28.6519,77.1909,712,11,Heavy Rain,1,No,No,73,Very High
2026-06-12 03:00,Sector 62 Noida,28.628,77.3649,588,31,Clear,0,No,Yes,17,Medium
2026-06-12 03:10,Pari Chowk,28.4671,77.503,393,44,Clear,0,No,No,11,Low
2026-06-12 03:20,Lajpat Nagar,28.5677,77.243,710,5,Heavy Rain,2,Yes,No,68,Very High
2026-06-12 03:30,Dwarka Sector 21,28.5511,77.0565,610,18,Rain,1,No,No,26,High
2026-06-12 03:40,Sector 62 Noida,28.628,77.3649,196,45,Heavy Rain,4,No,No,39,Low
2026-06-12 03:50,Cyber Hub Gurgaon,28.4959,77.0882,455,28,Heavy Rain,19,No,No,23,Medium
2026-06-12 04:00,Akshardham Route,28.6127,77.2773,617,29,Clear,0,No,Yes,32,Medium
2026-06-12 04:10,Pari Chowk,28.4671,77.503,202,57,Fog,0,No,Yes,95,Low
2026-06-12 04:20,IGI Airport T3,28.5562,77.1,315,49,Cloudy,0,No,No,74,Low
2026-06-12 04:30,Akshardham Route,28.6127,77.2773,812,5,Heavy Rain,8,No,No,28,Very High
2026-06-12 04:40,Pari Chowk,28.4671,77.503,896,5,Heavy Rain,16,No,No,78,Very High
2026-06-12 04:50,Vaishali Ghaziabad,28.646,77.339,128,35,Rain,15,Yes,No,28,Medium
2026-06-12 05:00,Akshardham Route,28.6127,77.2773,631,16,Rain,20,No,No,94,High
2026-06-12 05:10,India Gate,28.6129,77.2295,600,30,Fog,0,No,No,98,Medium
2026-06-12 05:20,Sector 62 Noida,28.628,77.3649,207,57,Clear,0,No,Yes,42,Low
2026-06-12 05:30,Sector 18 Noida,28.5706,77.324,225,43,Rain,9,No,No,100,Low
2026-06-12 05:40,Pari Chowk,28.4671,77.503,384,33,Rain,10,No,Yes,72,Medium
2026-06-12 05:50,MG Road Gurgaon,28.4794,77.0806,868,5,Rain,7,No,No,18,Very High
2026-06-12 06:00,IGI Airport T3,28.5562,77.1,430,30,Heavy Rain,13,No,No,24,Medium
2026-06-12 06:10,DND Flyway,28.5942,77.3053,434,42,Clear,0,No,No,31,Low
2026-06-12 06:20,DND Flyway,28.5942,77.3053,801,5,Rain,3,Yes,Yes,100,Very High
2026-06-12 06:30,Sector 18 Noida,28.5706,77.324,102,64,Fog,0,No,Yes,79,Low
2026-06-12 06:40,MG Road Gurgaon,28.4794,77.0806,77,65,Cloudy,0,No,No,57,Low
2026-06-12 06:50,Sector 18 Noida,28.5706,77.324,500,10,Heavy Rain,11,Yes,No,73,Very High
2026-06-12 07:00,Dwarka Sector 21,28.5511,77.0565,583,32,Cloudy,0,No,No,15,Medium
2026-06-12 07:10,Karol Bagh,28.6519,77.1909,587,5,Rain,20,Yes,No,10,Very High
2026-06-12 07:20,Karol Bagh,28.6519,77.1909,237,55,Fog,0,No,No,24,Low
2026-06-12 07:30,Connaught Place,28.6315,77.2167,122,62,Clear,0,No,No,25,Low
2026-06-12 07:40,Lajpat Nagar,28.5677,77.243,184,58,Clear,0,No,No,36,Low
2026-06-12 07:50,Lajpat Nagar,28.5677,77.243,644,16,Heavy Rain,9,No,No,68,High
2026-06-12 08:00,IGI Airport T3,28.5562,77.1,364,46,Cloudy,0,No,No,58,Low
2026-06-12 08:10,Sector 62 Noida,28.628,77.3649,223,56,Fog,0,No,No,61,Low
2026-06-12 08:20,Greater Noida West,28.59,77.43,333,48,Fog,0,No,No,72,Low
2026-06-12 08:30,IGI Airport T3,28.5562,77.1,56,55,Heavy Rain,8,No,No,97,Low
2026-06-12 08:40,Lajpat Nagar,28.5677,77.243,434,30,Heavy Rain,10,No,No,98,Medium
2026-06-12 08:50,Connaught Place,28.6315,77.2167,520,21,Fog,0,Yes,Yes,30,High
2026-06-12 09:00,Akshardham Route,28.6127,77.2773,405,43,Cloudy,0,No,No,32,Low
2026-06-12 09:10,Vaishali Ghaziabad,28.646,77.339,880,12,Clear,0,No,Yes,65,Very High
2026-06-12 09:20,Dwarka Sector 21,28.5511,77.0565,839,15,Cloudy,0,No,Yes,73,Very High
2026-06-12 09:30,Akshardham Route,28.6127,77.2773,655,5,Rain,15,Yes,No,62,Very High
2026-06-12 09:40,DND Flyway,28.5942,77.3053,893,5,Heavy Rain,15,No,No,61,Very High
2026-06-12 09:50,Vaishali Ghaziabad,28.646,77.339,559,33,Cloudy,0,No,No,48,Medium
2026-06-12 10:00,Connaught Place,28.6315,77.2167,187,43,Clear,0,Yes,Yes,91,Low
2026-06-12 10:10,Connaught Place,28.6315,77.2167,819,16,Fog,0,No,No,61,Very High
2026-06-12 10:20,Pari Chowk,28.4671,77.503,337,48,Fog,0,No,Yes,77,Low
2026-06-12 10:30,Akshardham Route,28.6127,77.2773,52,52,Cloudy,0,Yes,Yes,13,Low
2026-06-12 10:40,Akshardham Route,28.6127,77.2773,225,55,Fog,0,No,No,93,Low
2026-06-12 10:50,Pari Chowk,28.4671,77.503,121,62,Cloudy,0,No,No,11,Low
2026-06-12 11:00,DND Flyway,28.5942,77.3053,445,41,Fog,0,No,No,51,Low
2026-06-12 11:10,Sector 62 Noida,28.628,77.3649,371,31,Cloudy,0,Yes,No,39,Medium
2026-06-12 11:20,Akshardham Route,28.6127,77.2773,781,6,Heavy Rain,15,No,No,31,Very High
2026-06-12 11:30,Karol Bagh,28.6519,77.1909,450,28,Heavy Rain,13,No,No,15,Medium
2026-06-12 11:40,Cyber Hub Gurgaon,28.4959,77.0882,376,45,Fog,0,No,No,80,Low
2026-06-12 11:50,Connaught Place,28.6315,77.2167,190,46,Heavy Rain,14,No,Yes,14,Low
2026-06-12 12:00,Cyber Hub Gurgaon,28.4959,77.0882,75,53,Rain,11,No,No,80,Low
2026-06-12 12:10,Pari Chowk,28.4671,77.503,766,7,Rain,5,No,No,12,Very High
2026-06-12 12:20,DND Flyway,28.5942,77.3053,328,49,Cloudy,0,No,No,54,Low
2026-06-12 12:30,Sector 18 Noida,28.5706,77.324,285,39,Heavy Rain,9,No,Yes,65,Medium
2026-06-12 12:40,Dwarka Sector 21,28.5511,77.0565,164,60,Clear,0,No,No,84,Low
2026-06-12 12:50,DND Flyway,28.5942,77.3053,767,7,Heavy Rain,3,No,No,62,Very High
2026-06-12 13:00,IGI Airport T3,28.5562,77.1,686,13,Rain,7,No,No,31,Very High
2026-06-12 13:10,DND Flyway,28.5942,77.3053,173,44,Fog,0,Yes,No,59,Low
2026-06-12 13:20,MG Road Gurgaon,28.4794,77.0806,376,45,Fog,0,No,No,83,Low
2026-06-12 13:30,Pari Chowk,28.4671,77.503,831,15,Fog,0,No,No,83,Very High
2026-06-12 13:40,Vaishali Ghaziabad,28.646,77.339,107,63,Cloudy,0,No,No,32,Low
2026-06-12 13:50,Botanical Garden,28.5636,77.334,85,65,Fog,0,No,Yes,36,Low
2026-06-12 14:00,Sector 18 Noida,28.5706,77.324,174,59,Cloudy,0,No,No,100,Low
2026-06-12 14:10,Dwarka Sector 21,28.5511,77.0565,377,33,Rain,15,No,Yes,95,Medium
2026-06-12 14:20,India Gate,28.6129,77.2295,144,49,Rain,9,No,No,54,Low
2026-06-12 14:30,IGI Airport T3,28.5562,77.1,616,17,Rain,10,No,No,24,High
2026-06-12 14:40,Karol Bagh,28.6519,77.1909,709,11,Rain,4,No,No,87,Very High
2026-06-12 14:50,Pari Chowk,28.4671,77.503,507,22,Cloudy,0,Yes,No,75,High
2026-06-12 15:00,Pari Chowk,28.4671,77.503,867,13,Cloudy,0,No,Yes,75,Very High
2026-06-12 15:10,Dwarka Sector 21,28.5511,77.0565,759,5,Fog,0,Yes,No,89,Very High
2026-06-12 15:20,Cyber Hub Gurgaon,28.4959,77.0882,227,43,Heavy Rain,9,No,No,10,Low
2026-06-12 15:30,Botanical Garden,28.5636,77.334,276,25,Rain,1,Yes,No,55,Medium
2026-06-12 15:40,Dwarka Sector 21,28.5511,77.0565,260,53,Cloudy,0,No,No,31,Low
2026-06-12 15:50,DND Flyway,28.5942,77.3053,144,61,Fog,0,No,No,19,Low
2026-06-12 16:00,IGI Airport T3,28.5562,77.1,64,66,Cloudy,0,No,No,14,Low
2026-06-12 16:10,Sector 62 Noida,28.628,77.3649,98,64,Clear,0,No,No,13,Low
2026-06-12 16:20,Pari Chowk,28.4671,77.503,459,28,Heavy Rain,13,No,No,45,Medium
2026-06-12 16:30,Connaught Place,28.6315,77.2167,332,36,Rain,6,No,No,48,Medium
2026-06-12 16:40,Pari Chowk,28.4671,77.503,538,8,Heavy Rain,7,Yes,Yes,22,Very High
2026-06-12 16:50,IGI Airport T3,28.5562,77.1,250,54,Clear,0,No,No,22,Low
2026-06-12 17:00,Cyber Hub Gurgaon,28.4959,77.0882,287,39,Rain,18,No,Yes,39,Medium
2026-06-12 17:10,Lajpat Nagar,28.5677,77.243,810,5,Fog,0,Yes,No,57,Very High
2026-06-12 17:20,India Gate,28.6129,77.2295,73,51,Fog,0,Yes,Yes,23,Low
2026-06-12 17:30,Cyber Hub Gurgaon,28.4959,77.0882,665,5,Heavy Rain,13,Yes,No,98,Very High
2026-06-12 17:40,Dwarka Sector 21,28.5511,77.0565,367,46,Clear,0,No,No,15,Low
2026-06-12 17:50,Greater Noida West,28.59,77.43,571,17,Fog,0,Yes,No,25,High
2026-06-12 18:00,DND Flyway,28.5942,77.3053,262,41,Rain,14,No,No,36,Low
2026-06-12 18:10,IGI Airport T3,28.5562,77.1,130,47,Clear,0,Yes,Yes,25,Low
2026-06-12 18:20,Greater Noida West,28.59,77.43,584,20,Rain,9,No,No,63,High
2026-06-12 18:30,Dwarka Sector 21,28.5511,77.0565,823,5,Heavy Rain,7,No,No,24,Very High
2026-06-12 18:40,MG Road Gurgaon,28.4794,77.0806,815,5,Cloudy,0,Yes,No,21,Very High
2026-06-12 18:50,Akshardham Route,28.6127,77.2773,293,39,Heavy Rain,8,No,No,12,Medium
2026-06-12 19:00,Connaught Place,28.6315,77.2167,730,10,Rain,19,No,No,30,Very High
2026-06-12 19:10,India Gate,28.6129,77.2295,198,45,Heavy Rain,9,No,No,77,Low
2026-06-12 19:20,Sector 62 Noida,28.628,77.3649,71,51,Fog,0,Yes,No,37,Low
2026-06-12 19:30,IGI Airport T3,28.5562,77.1,121,62,Cloudy,0,No,No,86,Low
2026-06-12 19:40,MG Road Gurgaon,28.4794,77.0806,795,5,Cloudy,0,Yes,No,94,Very High
2026-06-12 19:50,Sector 62 Noida,28.628,77.3649,428,42,Cloudy,0,No,No,69,Low
2026-06-12 20:00,Akshardham Route,28.6127,77.2773,697,24,Clear,0,No,No,33,High
2026-06-12 20:10,Connaught Place,28.6315,77.2167,662,26,Fog,0,No,No,68,Medium
2026-06-12 20:20,India Gate,28.6129,77.2295,427,42,Fog,0,No,No,51,Low
2026-06-12 20:30,Dwarka Sector 21,28.5511,77.0565,455,40,Fog,0,No,No,10,Low
2026-06-12 20:40,Botanical Garden,28.5636,77.334,599,31,Cloudy,0,No,Yes,27,Medium
2026-06-12 20:50,Cyber Hub Gurgaon,28.4959,77.0882,541,19,Fog,0,Yes,No,71,High
2026-06-12 21:00,Connaught Place,28.6315,77.2167,262,38,Fog,0,Yes,Yes,10,Medium
2026-06-12 21:10,IGI Airport T3,28.5562,77.1,334,36,Heavy Rain,1,No,No,53,Medium
2026-06-12 21:20,Sector 62 Noida,28.628,77.3649,619,29,Cloudy,0,No,No,37,Medium
2026-06-12 21:30,MG Road Gurgaon,28.4794,77.0806,625,17,Heavy Rain,12,No,No,92,High
2026-06-12 21:40,Connaught Place,28.6315,77.2167,85,65,Cloudy,0,No,No,54,Low
2026-06-12 21:50,Sector 18 Noida,28.5706,77.324,158,45,Clear,0,Yes,No,45,Low
2026-06-12 22:00,Akshardham Route,28.6127,77.2773,556,21,Rain,20,No,No,52,High
2026-06-12 22:10,Connaught Place,28.6315,77.2167,166,47,Rain,16,No,No,11,Low
2026-06-12 22:20,IGI Airport T3,28.5562,77.1,584,5,Heavy Rain,5,Yes,No,16,Very High
2026-06-12 22:30,Pari Chowk,28.4671,77.503,257,41,Rain,13,No,No,60,Low
2026-06-12 22:40,Cyber Hub Gurgaon,28.4959,77.0882,595,16,Cloudy,0,Yes,Yes,50,High
2026-06-12 22:50,Lajpat Nagar,28.5677,77.243,363,46,Cloudy,0,No,No,24,Low
2026-06-12 23:00,Sector 18 Noida,28.5706,77.324,390,44,Clear,0,No,No,11,Low
2026-06-12 23:10,Akshardham Route,28.6127,77.2773,86,38,Heavy Rain,2,Yes,No,48,Medium
2026-06-12 23:20,Pari Chowk,28.4671,77.503,790,18,Cloudy,0,No,No,90,Very High
2026-06-12 23:30,IGI Airport T3,28.5562,77.1,728,22,Fog,0,No,Yes,13,Very High
2026-06-12 23:40,Karol Bagh,28.6519,77.1909,741,6,Cloudy,0,Yes,No,12,Very High
2026-06-12 23:50,Pari Chowk,28.4671,77.503,591,31,Fog,0,No,Yes,81,Medium
2026-06-13 00:00,Connaught Place,28.6315,77.2167,272,25,Heavy Rain,17,Yes,No,99,Medium
2026-06-13 00:10,Vaishali Ghaziabad,28.646,77.339,374,31,Cloudy,0,Yes,No,20,Medium
2026-06-13 00:20,Karol Bagh,28.6519,77.1909,296,51,Fog,0,No,No,85,Low
2026-06-13 00:30,Sector 18 Noida,28.5706,77.324,766,7,Rain,20,No,No,51,Very High
2026-06-13 00:40,India Gate,28.6129,77.2295,467,27,Rain,15,No,No,91,Medium
2026-06-13 00:50,Lajpat Nagar,28.5677,77.243,584,17,Cloudy,0,Yes,Yes,66,High
2026-06-13 01:00,Pari Chowk,28.4671,77.503,475,27,Heavy Rain,6,No,No,37,Medium
2026-06-13 01:10,Cyber Hub Gurgaon,28.4959,77.0882,810,5,Clear,0,Yes,No,67,Very High
2026-06-13 01:20,Karol Bagh,28.6519,77.1909,479,39,Cloudy,0,No,No,85,Medium
2026-06-13 01:30,Lajpat Nagar,28.5677,77.243,82,53,Rain,19,No,No,78,Low
2026-06-13 01:40,Greater Noida West,28.59,77.43,646,27,Fog,0,No,No,39,Medium
2026-06-13 01:50,Cyber Hub Gurgaon,28.4959,77.0882,259,26,Heavy Rain,14,Yes,No,50,Medium
2026-06-13 02:00,Vaishali Ghaziabad,28.646,77.339,855,13,Fog,0,No,Yes,95,Very High
2026-06-13 02:10,Dwarka Sector 21,28.5511,77.0565,867,5,Heavy Rain,1,No,No,76,Very High
2026-06-13 02:20,Karol Bagh,28.6519,77.1909,822,16,Fog,0,No,No,54,Very High
2026-06-13 02:30,Connaught Place,28.6315,77.2167,872,5,Rain,2,No,No,61,Very High
2026-06-13 02:40,Dwarka Sector 21,28.5511,77.0565,868,13,Fog,0,No,No,59,Very High
2026-06-13 02:50,India Gate,28.6129,77.2295,496,10,Rain,13,Yes,No,59,Very High
2026-06-13 03:00,Botanical Garden,28.5636,77.334,65,54,Heavy Rain,9,No,No,71,Low
2026-06-13 03:10,Sector 62 Noida,28.628,77.3649,611,5,Heavy Rain,15,Yes,No,93,Very High
2026-06-13 03:20,Cyber Hub Gurgaon,28.4959,77.0882,390,44,Clear,0,No,Yes,97,Low
2026-06-13 03:30,Connaught Place,28.6315,77.2167,334,36,Heavy Rain,13,No,No,50,Medium
2026-06-13 03:40,India Gate,28.6129,77.2295,678,25,Fog,0,No,No,77,Medium
2026-06-13 03:50,Botanical Garden,28.5636,77.334,128,62,Fog,0,No,Yes,74,Low
2026-06-13 04:00,DND Flyway,28.5942,77.3053,506,25,Heavy Rain,7,No,No,88,Medium
2026-06-13 04:10,Botanical Garden,28.5636,77.334,566,21,Heavy Rain,1,No,Yes,43,High
2026-06-13 04:20,Vaishali Ghaziabad,28.646,77.339,648,12,Fog,0,Yes,No,54,Very High
2026-06-13 04:30,Pari Chowk,28.4671,77.503,416,31,Heavy Rain,18,No,Yes,93,Medium
2026-06-13 04:40,Pari Chowk,28.4671,77.503,405,16,Rain,1,Yes,Yes,16,High
2026-06-13 04:50,Botanical Garden,28.5636,77.334,425,42,Clear,0,No,No,21,Low
2026-06-13 05:00,India Gate,28.6129,77.2295,629,14,Clear,0,Yes,No,71,Very High
2026-06-13 05:10,Sector 62 Noida,28.628,77.3649,322,49,Cloudy,0,No,No,34,Low
2026-06-13 05:20,Pari Chowk,28.4671,77.503,271,40,Rain,10,No,No,38,Low
2026-06-13 05:30,Vaishali Ghaziabad,28.646,77.339,493,11,Rain,6,Yes,No,31,Very High
2026-06-13 05:40,Sector 62 Noida,28.628,77.3649,428,42,Cloudy,0,No,Yes,24,Low
2026-06-13 05:50,Botanical Garden,28.5636,77.334,87,65,Fog,0,No,No,47,Low
2026-06-13 06:00,Lajpat Nagar,28.5677,77.243,578,20,Rain,5,No,No,64,High
2026-06-13 06:10,Pari Chowk,28.4671,77.503,347,47,Cloudy,0,No,No,20,Low
2026-06-13 06:20,Lajpat Nagar,28.5677,77.243,765,19,Cloudy,0,No,Yes,37,Very High
2026-06-13 06:30,Sector 18 Noida,28.5706,77.324,61,39,Rain,13,Yes,No,10,Medium
2026-06-13 06:40,India Gate,28.6129,77.2295,745,21,Fog,0,No,No,39,Very High
2026-06-13 06:50,Connaught Place,28.6315,77.2167,771,19,Clear,0,No,No,93,Very High
2026-06-13 07:00,Cyber Hub Gurgaon,28.4959,77.0882,256,38,Fog,0,Yes,No,16,Medium
2026-06-13 07:10,Greater Noida West,28.59,77.43,288,24,Rain,15,Yes,Yes,11,High
2026-06-13 07:20,Botanical Garden,28.5636,77.334,586,31,Cloudy,0,No,Yes,92,Medium
2026-06-13 07:30,Connaught Place,28.6315,77.2167,192,58,Clear,0,No,No,13,Low
2026-06-13 07:40,Pari Chowk,28.4671,77.503,686,13,Heavy Rain,20,No,No,49,Very High
2026-06-13 07:50,Lajpat Nagar,28.5677,77.243,668,11,Fog,0,Yes,No,41,Very High
2026-06-13 08:00,Akshardham Route,28.6127,77.2773,488,11,Rain,13,Yes,No,49,Very High
2026-06-13 08:10,IGI Airport T3,28.5562,77.1,260,41,Rain,3,No,No,80,Low
2026-06-13 08:20,Vaishali Ghaziabad,28.646,77.339,866,13,Clear,0,No,No,81,Very High
2026-06-13 08:30,Cyber Hub Gurgaon,28.4959,77.0882,559,33,Cloudy,0,No,No,88,Medium
2026-06-13 08:40,Akshardham Route,28.6127,77.2773,464,28,Heavy Rain,3,No,Yes,66,Medium
2026-06-13 08:50,DND Flyway,28.5942,77.3053,604,30,Fog,0,No,No,35,Medium
2026-06-13 09:00,Akshardham Route,28.6127,77.2773,302,50,Cloudy,0,No,No,60,Low
2026-06-13 09:10,Pari Chowk,28.4671,77.503,269,53,Clear,0,No,No,36,Low
2026-06-13 09:20,Connaught Place,28.6315,77.2167,725,10,Heavy Rain,6,No,Yes,74,Very High
2026-06-13 09:30,Cyber Hub Gurgaon,28.4959,77.0882,380,33,Heavy Rain,4,No,No,22,Medium
2026-06-13 09:40,Connaught Place,28.6315,77.2167,764,20,Fog,0,No,Yes,49,Very High
2026-06-13 09:50,Greater Noida West,28.59,77.43,761,5,Rain,18,Yes,Yes,63,Very High
2026-06-13 10:00,Akshardham Route,28.6127,77.2773,331,48,Cloudy,0,No,Yes,28,Low
2026-06-13 10:10,Greater Noida West,28.59,77.43,194,46,Rain,13,No,No,85,Low
2026-06-13 10:20,Sector 62 Noida,28.628,77.3649,295,51,Clear,0,No,No,70,Low
2026-06-13 10:30,Pari Chowk,28.4671,77.503,260,41,Rain,6,No,No,80,Low
2026-06-13 10:40,Sector 18 Noida,28.5706,77.324,785,5,Clear,0,Yes,Yes,88,Very High
2026-06-13 10:50,MG Road Gurgaon,28.4794,77.0806,486,26,Heavy Rain,9,No,Yes,41,Medium
2026-06-13 11:00,Pari Chowk,28.4671,77.503,688,25,Fog,0,No,No,19,Medium
2026-06-13 11:10,Greater Noida West,28.59,77.43,206,45,Rain,12,No,No,23,Low
2026-06-13 11:20,Pari Chowk,28.4671,77.503,198,57,Clear,0,No,Yes,18,Low
2026-06-13 11:30,Sector 62 Noida,28.628,77.3649,639,16,Rain,13,No,No,98,High
2026-06-13 11:40,Botanical Garden,28.5636,77.334,524,24,Rain,3,No,No,50,High
2026-06-13 11:50,Botanical Garden,28.5636,77.334,108,63,Fog,0,No,Yes,53,Low
2026-06-13 12:00,Vaishali Ghaziabad,28.646,77.339,731,22,Cloudy,0,No,Yes,55,Very High
2026-06-13 12:10,Dwarka Sector 21,28.5511,77.0565,564,21,Heavy Rain,19,No,Yes,72,High
2026-06-13 12:20,IGI Airport T3,28.5562,77.1,888,11,Cloudy,0,No,No,37,Very High
2026-06-13 12:30,Cyber Hub Gurgaon,28.4959,77.0882,168,44,Cloudy,0,Yes,Yes,55,Low
2026-06-13 12:40,Sector 18 Noida,28.5706,77.324,688,13,Rain,8,No,No,37,Very High
2026-06-13 12:50,DND Flyway,28.5942,77.3053,726,10,Heavy Rain,4,No,No,12,Very High
2026-06-13 13:00,Botanical Garden,28.5636,77.334,452,25,Fog,0,Yes,Yes,70,Medium
2026-06-13 13:10,IGI Airport T3,28.5562,77.1,115,48,Clear,0,Yes,Yes,42,Low
2026-06-13 13:20,Sector 62 Noida,28.628,77.3649,214,29,Heavy Rain,17,Yes,Yes,42,Medium
2026-06-13 13:30,India Gate,28.6129,77.2295,106,63,Cloudy,0,No,No,70,Low
2026-06-13 13:40,Vaishali Ghaziabad,28.646,77.339,160,48,Rain,2,No,Yes,91,Low
2026-06-13 13:50,Botanical Garden,28.5636,77.334,829,15,Cloudy,0,No,No,47,Very High
2026-06-13 14:00,Pari Chowk,28.4671,77.503,649,12,Cloudy,0,Yes,No,100,Very High
2026-06-13 14:10,Dwarka Sector 21,28.5511,77.0565,851,14,Clear,0,No,No,14,Very High
2026-06-13 14:20,Vaishali Ghaziabad,28.646,77.339,395,44,Cloudy,0,No,No,62,Low
2026-06-13 14:30,Dwarka Sector 21,28.5511,77.0565,96,64,Cloudy,0,No,No,26,Low
2026-06-13 14:40,Botanical Garden,28.5636,77.334,732,7,Cloudy,0,Yes,No,23,Very High
2026-06-13 14:50,IGI Airport T3,28.5562,77.1,384,33,Heavy Rain,1,No,No,92,Medium
2026-06-13 15:00,MG Road Gurgaon,28.4794,77.0806,609,18,Rain,18,No,No,44,High
2026-06-13 15:10,MG Road Gurgaon,28.4794,77.0806,575,32,Clear,0,No,No,91,Medium
2026-06-13 15:20,India Gate,28.6129,77.2295,363,46,Clear,0,No,No,82,Low
2026-06-13 15:30,Greater Noida West,28.59,77.43,586,16,Clear,0,Yes,Yes,74,High
2026-06-13 15:40,Dwarka Sector 21,28.5511,77.0565,810,5,Rain,16,Yes,Yes,61,Very High
2026-06-13 15:50,Cyber Hub Gurgaon,28.4959,77.0882,88,65,Cloudy,0,No,Yes,96,Low
2026-06-13 16:00,Akshardham Route,28.6127,77.2773,595,31,Fog,0,No,No,40,Medium
2026-06-13 16:10,India Gate,28.6129,77.2295,878,12,Clear,0,No,No,47,Very High
2026-06-13 16:20,Connaught Place,28.6315,77.2167,443,29,Heavy Rain,19,No,No,70,Medium
2026-06-13 16:30,DND Flyway,28.5942,77.3053,432,15,Heavy Rain,5,Yes,No,75,High
2026-06-13 16:40,Dwarka Sector 21,28.5511,77.0565,796,5,Rain,8,No,No,36,Very High
2026-06-13 16:50,Akshardham Route,28.6127,77.2773,443,41,Cloudy,0,No,No,23,Low
2026-06-13 17:00,Sector 18 Noida,28.5706,77.324,167,59,Clear,0,No,Yes,10,Low
2026-06-13 17:10,Akshardham Route,28.6127,77.2773,860,13,Clear,0,No,No,91,Very High
2026-06-13 17:20,Dwarka Sector 21,28.5511,77.0565,117,63,Fog,0,No,Yes,53,Low
2026-06-13 17:30,Greater Noida West,28.59,77.43,442,26,Fog,0,Yes,No,96,Medium
2026-06-13 17:40,India Gate,28.6129,77.2295,188,43,Clear,0,Yes,No,96,Low
2026-06-13 17:50,Greater Noida West,28.59,77.43,765,5,Cloudy,0,Yes,Yes,15,Very High
2026-06-13 18:00,India Gate,28.6129,77.2295,822,16,Clear,0,No,No,33,Very High
2026-06-13 18:10,Botanical Garden,28.5636,77.334,214,29,Heavy Rain,10,Yes,No,79,Medium
2026-06-13 18:20,Akshardham Route,28.6127,77.2773,851,14,Cloudy,0,No,No,34,Very High
2026-06-13 18:30,Greater Noida West,28.59,77.43,101,52,Heavy Rain,7,No,No,46,Low
2026-06-13 18:40,Sector 18 Noida,28.5706,77.324,379,45,Clear,0,No,No,25,Low
2026-06-13 18:50,India Gate,28.6129,77.2295,263,53,Clear,0,No,Yes,82,Low
2026-06-13 19:00,Dwarka Sector 21,28.5511,77.0565,749,21,Fog,0,No,No,61,Very High
2026-06-13 19:10,Cyber Hub Gurgaon,28.4959,77.0882,224,56,Cloudy,0,No,No,94,Low
2026-06-13 19:20,India Gate,28.6129,77.2295,335,48,Cloudy,0,No,Yes,84,Low
2026-06-13 19:30,Sector 18 Noida,28.5706,77.324,97,64,Cloudy,0,No,No,79,Low
2026-06-13 19:40,Dwarka Sector 21,28.5511,77.0565,617,29,Clear,0,No,No,67,Medium
2026-06-13 19:50,Akshardham Route,28.6127,77.2773,126,62,Clear,0,No,No,23,Low
2026-06-13 20:00,MG Road Gurgaon,28.4794,77.0806,737,21,Clear,0,No,No,32,Very High
2026-06-13 20:10,Vaishali Ghaziabad,28.646,77.339,154,48,Heavy Rain,7,No,No,84,Low
2026-06-13 20:20,Vaishali Ghaziabad,28.646,77.339,66,51,Clear,0,Yes,No,70,Low
2026-06-13 20:30,DND Flyway,28.5942,77.3053,166,47,Heavy Rain,3,No,No,62,Low
2026-06-13 20:40,Karol Bagh,28.6519,77.1909,698,24,Fog,0,No,No,94,High
2026-06-13 20:50,Akshardham Route,28.6127,77.2773,725,5,Rain,13,Yes,Yes,14,Very High
2026-06-13 21:00,Greater Noida West,28.59,77.43,142,61,Cloudy,0,No,No,88,Low
2026-06-13 21:10,Lajpat Nagar,28.5677,77.243,374,34,Heavy Rain,14,No,Yes,80,Medium
2026-06-13 21:20,DND Flyway,28.5942,77.3053,327,49,Fog,0,No,No,98,Low
2026-06-13 21:30,Sector 18 Noida,28.5706,77.324,316,37,Heavy Rain,16,No,No,36,Medium
2026-06-13 21:40,Karol Bagh,28.6519,77.1909,693,24,Clear,0,No,No,39,High
2026-06-13 21:50,Pari Chowk,28.4671,77.503,528,23,Rain,10,No,Yes,92,High
2026-06-13 22:00,Sector 18 Noida,28.5706,77.324,240,39,Clear,0,Yes,No,53,Medium
2026-06-13 22:10,Sector 18 Noida,28.5706,77.324,757,5,Clear,0,Yes,No,92,Very High
2026-06-13 22:20,Vaishali Ghaziabad,28.646,77.339,516,24,Rain,16,No,No,21,High
2026-06-13 22:30,Vaishali Ghaziabad,28.646,77.339,577,32,Fog,0,No,No,74,Medium
2026-06-13 22:40,Connaught Place,28.6315,77.2167,851,5,Cloudy,0,Yes,No,87,Very High
2026-06-13 22:50,DND Flyway,28.5942,77.3053,54,55,Heavy Rain,7,No,No,47,Low
2026-06-13 23:00,Lajpat Nagar,28.5677,77.243,216,56,Clear,0,No,No,65,Low
2026-06-13 23:10,Greater Noida West,28.59,77.43,185,31,Heavy Rain,13,Yes,No,73,Medium
2026-06-13 23:20,Akshardham Route,28.6127,77.2773,168,59,Clear,0,No,Yes,39,Low
2026-06-13 23:30,MG Road Gurgaon,28.4794,77.0806,56,55,Heavy Rain,19,No,Yes,73,Low
2026-06-13 23:40,Greater Noida West,28.59,77.43,647,5,Heavy Rain,8,Yes,Yes,71,Very High
2026-06-13 23:50,Cyber Hub Gurgaon,28.4959,77.0882,294,51,Cloudy,0,No,No,21,Low
2026-06-14 00:00,Vaishali Ghaziabad,28.646,77.339,109,63,Cloudy,0,No,No,92,Low
2026-06-14 00:10,IGI Airport T3,28.5562,77.1,737,21,Fog,0,No,Yes,83,Very High
2026-06-14 00:20,India Gate,28.6129,77.2295,280,40,Heavy Rain,18,No,No,53,Low
2026-06-14 00:30,Dwarka Sector 21,28.5511,77.0565,438,29,Heavy Rain,1,No,No,77,Medium
2026-06-14 00:40,MG Road Gurgaon,28.4794,77.0806,246,54,Clear,0,No,No,89,Low
2026-06-14 00:50,Sector 62 Noida,28.628,77.3649,385,45,Clear,0,No,No,63,Low
2026-06-14 01:00,Sector 62 Noida,28.628,77.3649,287,51,Fog,0,No,No,92,Low
2026-06-14 01:10,Botanical Garden,28.5636,77.334,293,36,Cloudy,0,Yes,No,81,Medium
2026-06-14 01:20,IGI Airport T3,28.5562,77.1,284,37,Fog,0,Yes,No,68,Medium
2026-06-14 01:30,Connaught Place,28.6315,77.2167,53,67,Clear,0,No,No,21,Low
2026-06-14 01:40,Greater Noida West,28.59,77.43,695,24,Cloudy,0,No,No,53,High
2026-06-14 01:50,MG Road Gurgaon,28.4794,77.0806,749,21,Fog,0,No,No,46,Very High
2026-06-14 02:00,IGI Airport T3,28.5562,77.1,220,44,Heavy Rain,19,No,No,66,Low
2026-06-14 02:10,Pari Chowk,28.4671,77.503,486,38,Fog,0,No,Yes,40,Medium
2026-06-14 02:20,Connaught Place,28.6315,77.2167,435,29,Heavy Rain,3,No,No,87,Medium
2026-06-14 02:30,Karol Bagh,28.6519,77.1909,548,22,Rain,13,No,Yes,19,High
2026-06-14 02:40,Karol Bagh,28.6519,77.1909,587,19,Rain,7,No,Yes,25,High
2026-06-14 02:50,IGI Airport T3,28.5562,77.1,291,36,Fog,0,Yes,No,63,Medium
2026-06-14 03:00,Botanical Garden,28.5636,77.334,329,37,Heavy Rain,9,No,No,26,Medium
2026-06-14 03:10,India Gate,28.6129,77.2295,677,13,Rain,19,No,Yes,67,Very High
2026-06-14 03:20,Lajpat Nagar,28.5677,77.243,736,21,Cloudy,0,No,No,18,Very High
2026-06-14 03:30,Botanical Garden,28.5636,77.334,157,60,Cloudy,0,No,No,70,Low
2026-06-14 03:40,Botanical Garden,28.5636,77.334,785,5,Heavy Rain,7,Yes,No,20,Very High
2026-06-14 03:50,Greater Noida West,28.59,77.43,320,37,Rain,4,No,No,50,Medium
2026-06-14 04:00,Sector 62 Noida,28.628,77.3649,101,64,Cloudy,0,No,No,47,Low
2026-06-14 04:10,Sector 18 Noida,28.5706,77.324,707,11,Rain,14,No,Yes,74,Very High
2026-06-14 04:20,Sector 62 Noida,28.628,77.3649,106,51,Rain,11,No,No,14,Low
2026-06-14 04:30,Greater Noida West,28.59,77.43,651,12,Cloudy,0,Yes,No,12,Very High
2026-06-14 04:40,DND Flyway,28.5942,77.3053,879,5,Rain,11,No,Yes,34,Very High
2026-06-14 04:50,Vaishali Ghaziabad,28.646,77.339,308,50,Fog,0,No,No,19,Low
2026-06-14 05:00,MG Road Gurgaon,28.4794,77.0806,722,22,Fog,0,No,No,19,Very High
2026-06-14 05:10,Akshardham Route,28.6127,77.2773,364,46,Cloudy,0,No,No,52,Low
2026-06-14 05:20,Karol Bagh,28.6519,77.1909,665,14,Rain,17,No,Yes,45,Very High
2026-06-14 05:30,MG Road Gurgaon,28.4794,77.0806,269,41,Rain,16,No,Yes,97,Low
2026-06-14 05:40,Dwarka Sector 21,28.5511,77.0565,238,40,Fog,0,Yes,Yes,63,Low
2026-06-14 05:50,Pari Chowk,28.4671,77.503,844,5,Heavy Rain,6,No,Yes,22,Very High
2026-06-14 06:00,IGI Airport T3,28.5562,77.1,641,28,Cloudy,0,No,No,71,Medium
2026-06-14 06:10,Cyber Hub Gurgaon,28.4959,77.0882,737,21,Fog,0,No,No,77,Very High
2026-06-14 06:20,IGI Airport T3,28.5562,77.1,312,38,Rain,11,No,No,93,Medium
2026-06-14 06:30,Pari Chowk,28.4671,77.503,157,60,Cloudy,0,No,No,17,Low
2026-06-14 06:40,India Gate,28.6129,77.2295,80,38,Rain,7,Yes,No,12,Medium
2026-06-14 06:50,Sector 62 Noida,28.628,77.3649,68,66,Fog,0,No,No,64,Low
2026-06-14 07:00,Dwarka Sector 21,28.5511,77.0565,820,16,Cloudy,0,No,Yes,100,Very High
2026-06-14 07:10,Botanical Garden,28.5636,77.334,135,46,Clear,0,Yes,No,34,Low
2026-06-14 07:20,MG Road Gurgaon,28.4794,77.0806,878,5,Fog,0,Yes,No,70,Very High
2026-06-14 07:30,Karol Bagh,28.6519,77.1909,757,20,Fog,0,No,Yes,77,Very High
2026-06-14 07:40,Karol Bagh,28.6519,77.1909,587,31,Clear,0,No,No,33,Medium
2026-06-14 07:50,Akshardham Route,28.6127,77.2773,151,48,Rain,9,No,No,98,Low
2026-06-14 08:00,Cyber Hub Gurgaon,28.4959,77.0882,775,5,Clear,0,Yes,No,44,Very High
2026-06-14 08:10,IGI Airport T3,28.5562,77.1,322,37,Rain,15,No,No,97,Medium
2026-06-14 08:20,Botanical Garden,28.5636,77.334,729,22,Clear,0,No,No,45,Very High
2026-06-14 08:30,Sector 18 Noida,28.5706,77.324,377,45,Cloudy,0,No,No,47,Low
2026-06-14 08:40,Sector 62 Noida,28.628,77.3649,491,38,Clear,0,No,No,82,Medium
2026-06-14 08:50,IGI Airport T3,28.5562,77.1,191,31,Rain,20,Yes,No,95,Medium
2026-06-14 09:00,Pari Chowk,28.4671,77.503,97,37,Heavy Rain,10,Yes,No,85,Medium
2026-06-14 09:10,Akshardham Route,28.6127,77.2773,609,15,Fog,0,Yes,No,75,High
2026-06-14 09:20,Sector 18 Noida,28.5706,77.324,97,49,Cloudy,0,Yes,No,25,Low
2026-06-14 09:30,Dwarka Sector 21,28.5511,77.0565,524,21,Cloudy,0,Yes,Yes,45,High
2026-06-14 09:40,India Gate,28.6129,77.2295,216,44,Rain,7,No,No,49,Low
2026-06-14 09:50,Vaishali Ghaziabad,28.646,77.339,320,37,Rain,12,No,No,71,Medium
2026-06-14 10:00,Botanical Garden,28.5636,77.334,450,13,Rain,8,Yes,No,43,Very High
2026-06-14 10:10,Lajpat Nagar,28.5677,77.243,694,12,Rain,7,No,No,38,Very High
2026-06-14 10:20,Cyber Hub Gurgaon,28.4959,77.0882,528,35,Cloudy,0,No,No,87,Medium
2026-06-14 10:30,MG Road Gurgaon,28.4794,77.0806,490,38,Fog,0,No,No,13,Medium
2026-06-14 10:40,IGI Airport T3,28.5562,77.1,105,63,Fog,0,No,Yes,76,Low
2026-06-14 10:50,DND Flyway,28.5942,77.3053,168,44,Clear,0,Yes,No,33,Low
2026-06-14 11:00,Cyber Hub Gurgaon,28.4959,77.0882,105,36,Heavy Rain,7,Yes,No,10,Medium
2026-06-14 11:10,IGI Airport T3,28.5562,77.1,511,24,Heavy Rain,11,No,Yes,92,High
2026-06-14 11:20,Pari Chowk,28.4671,77.503,542,19,Cloudy,0,Yes,No,100,High
2026-06-14 11:30,Akshardham Route,28.6127,77.2773,357,32,Cloudy,0,Yes,No,47,Medium
2026-06-14 11:40,Vaishali Ghaziabad,28.646,77.339,511,36,Cloudy,0,No,No,48,Medium
2026-06-14 11:50,India Gate,28.6129,77.2295,866,5,Rain,16,Yes,Yes,40,Very High
2026-06-14 12:00,IGI Airport T3,28.5562,77.1,840,14,Clear,0,No,No,31,Very High
2026-06-14 12:10,MG Road Gurgaon,28.4794,77.0806,711,23,Cloudy,0,No,Yes,43,Very High
2026-06-14 12:20,Sector 62 Noida,28.628,77.3649,686,5,Heavy Rain,7,Yes,Yes,67,Very High
2026-06-14 12:30,Connaught Place,28.6315,77.2167,281,40,Rain,2,No,No,59,Low
2026-06-14 12:40,DND Flyway,28.5942,77.3053,794,6,Rain,8,No,No,86,Very High
2026-06-14 12:50,Sector 18 Noida,28.5706,77.324,133,35,Heavy Rain,18,Yes,No,72,Medium
2026-06-14 13:00,Vaishali Ghaziabad,28.646,77.339,448,29,Heavy Rain,6,No,No,45,Medium
2026-06-14 13:10,DND Flyway,28.5942,77.3053,230,55,Fog,0,No,No,76,Low
2026-06-14 13:20,India Gate,28.6129,77.2295,676,13,Heavy Rain,4,No,No,92,Very High
2026-06-14 13:30,Botanical Garden,28.5636,77.334,184,58,Clear,0,No,No,89,Low
2026-06-14 13:40,MG Road Gurgaon,28.4794,77.0806,415,31,Heavy Rain,15,No,No,53,Medium
2026-06-14 13:50,MG Road Gurgaon,28.4794,77.0806,281,52,Fog,0,No,Yes,73,Low
2026-06-14 14:00,MG Road Gurgaon,28.4794,77.0806,201,57,Cloudy,0,No,No,89,Low
2026-06-14 14:10,Sector 62 Noida,28.628,77.3649,328,22,Rain,12,Yes,No,12,High
2026-06-14 14:20,Sector 62 Noida,28.628,77.3649,484,38,Clear,0,No,No,63,Medium
2026-06-14 14:30,Vaishali Ghaziabad,28.646,77.339,203,57,Clear,0,No,No,10,Low
2026-06-14 14:40,Sector 18 Noida,28.5706,77.324,446,41,Cloudy,0,No,No,22,Low
2026-06-14 14:50,IGI Airport T3,28.5562,77.1,224,56,Fog,0,No,No,85,Low
2026-06-14 15:00,Akshardham Route,28.6127,77.2773,671,26,Clear,0,No,Yes,80,Medium
2026-06-14 15:10,Vaishali Ghaziabad,28.646,77.339,462,28,Heavy Rain,18,No,Yes,58,Medium
2026-06-14 15:20,MG Road Gurgaon,28.4794,77.0806,470,39,Cloudy,0,No,No,42,Medium
2026-06-14 15:30,Sector 18 Noida,28.5706,77.324,137,61,Fog,0,No,Yes,95,Low
2026-06-14 15:40,DND Flyway,28.5942,77.3053,389,45,Fog,0,No,Yes,35,Low
2026-06-14 15:50,Botanical Garden,28.5636,77.334,327,49,Fog,0,No,No,40,Low
2026-06-14 16:00,Akshardham Route,28.6127,77.2773,316,49,Fog,0,No,No,23,Low
2026-06-14 16:10,MG Road Gurgaon,28.4794,77.0806,445,29,Heavy Rain,6,No,No,63,Medium
2026-06-14 16:20,Cyber Hub Gurgaon,28.4959,77.0882,231,40,Clear,0,Yes,Yes,29,Low
2026-06-14 16:30,Dwarka Sector 21,28.5511,77.0565,536,35,Fog,0,No,Yes,57,Medium
2026-06-14 16:40,Greater Noida West,28.59,77.43,585,31,Clear,0,No,No,58,Medium
2026-06-14 16:50,DND Flyway,28.5942,77.3053,608,30,Fog,0,No,No,66,Medium
2026-06-14 17:00,Botanical Garden,28.5636,77.334,357,47,Clear,0,No,Yes,34,Low
2026-06-14 17:10,Connaught Place,28.6315,77.2167,477,27,Heavy Rain,5,No,No,45,Medium
2026-06-14 17:20,IGI Airport T3,28.5562,77.1,378,45,Clear,0,No,Yes,36,Low
2026-06-14 17:30,India Gate,28.6129,77.2295,479,39,Fog,0,No,No,81,Medium
2026-06-14 17:40,Lajpat Nagar,28.5677,77.243,130,50,Rain,11,No,No,52,Low
2026-06-14 17:50,MG Road Gurgaon,28.4794,77.0806,764,20,Clear,0,No,Yes,34,Very High
2026-06-14 18:00,India Gate,28.6129,77.2295,481,38,Cloudy,0,No,No,27,Medium
2026-06-14 18:10,MG Road Gurgaon,28.4794,77.0806,707,11,Heavy Rain,4,No,No,43,Very High
2026-06-14 18:20,Greater Noida West,28.59,77.43,780,5,Clear,0,Yes,Yes,98,Very High
2026-06-14 18:30,India Gate,28.6129,77.2295,840,14,Clear,0,No,No,24,Very High
2026-06-14 18:40,Cyber Hub Gurgaon,28.4959,77.0882,135,61,Fog,0,No,No,91,Low
2026-06-14 18:50,Greater Noida West,28.59,77.43,853,14,Cloudy,0,No,No,98,Very High
2026-06-14 19:00,India Gate,28.6129,77.2295,875,12,Fog,0,No,No,95,Very High
2026-06-14 19:10,Dwarka Sector 21,28.5511,77.0565,300,50,Cloudy,0,No,No,33,Low
2026-06-14 19:20,Pari Chowk,28.4671,77.503,890,11,Clear,0,No,No,29,Very High
2026-06-14 19:30,Lajpat Nagar,28.5677,77.243,428,42,Clear,0,No,No,36,Low
2026-06-14 19:40,India Gate,28.6129,77.2295,268,53,Clear,0,No,No,83,Low
2026-06-14 19:50,Cyber Hub Gurgaon,28.4959,77.0882,326,49,Clear,0,No,Yes,26,Low
2026-06-14 20:00,Lajpat Nagar,28.5677,77.243,830,5,Heavy Rain,2,No,No,35,Very High
2026-06-14 20:10,Karol Bagh,28.6519,77.1909,534,20,Cloudy,0,Yes,Yes,68,High
2026-06-14 20:20,IGI Airport T3,28.5562,77.1,595,31,Fog,0,No,Yes,45,Medium
2026-06-14 20:30,Dwarka Sector 21,28.5511,77.0565,820,16,Cloudy,0,No,No,47,Very High
2026-06-14 20:40,Dwarka Sector 21,28.5511,77.0565,342,36,Heavy Rain,15,No,No,98,Medium
2026-06-14 20:50,Sector 18 Noida,28.5706,77.324,623,17,Heavy Rain,7,No,No,66,High
2026-06-14 21:00,Greater Noida West,28.59,77.43,788,5,Heavy Rain,1,Yes,Yes,90,Very High
2026-06-14 21:10,MG Road Gurgaon,28.4794,77.0806,609,15,Cloudy,0,Yes,No,65,High
2026-06-14 21:20,Sector 18 Noida,28.5706,77.324,432,42,Cloudy,0,No,No,54,Low
2026-06-14 21:30,Vaishali Ghaziabad,28.646,77.339,778,7,Heavy Rain,9,No,Yes,52,Very High
2026-06-14 21:40,Greater Noida West,28.59,77.43,265,41,Heavy Rain,17,No,Yes,63,Low
2026-06-14 21:50,Karol Bagh,28.6519,77.1909,833,5,Rain,8,No,No,16,Very High
2026-06-14 22:00,Pari Chowk,28.4671,77.503,585,19,Rain,6,No,No,61,High
2026-06-14 22:10,India Gate,28.6129,77.2295,731,5,Rain,4,Yes,No,41,Very High
2026-06-14 22:20,Botanical Garden,28.5636,77.334,490,38,Fog,0,No,Yes,10,Medium
2026-06-14 22:30,Sector 62 Noida,28.628,77.3649,599,5,Rain,18,Yes,Yes,61,Very High
2026-06-14 22:40,India Gate,28.6129,77.2295,116,63,Cloudy,0,No,Yes,12,Low
2026-06-14 22:50,Sector 18 Noida,28.5706,77.324,312,50,Fog,0,No,No,85,Low
2026-06-14 23:00,Cyber Hub Gurgaon,28.4959,77.0882,716,23,Clear,0,No,No,86,Very High
2026-06-14 23:10,MG Road Gurgaon,28.4794,77.0806,526,35,Cloudy,0,No,No,57,Medium
2026-06-14 23:20,Pari Chowk,28.4671,77.503,533,20,Clear,0,Yes,No,24,High
2026-06-14 23:30,India Gate,28.6129,77.2295,79,65,Clear,0,No,Yes,81,Low
2026-06-14 23:40,Sector 18 Noida,28.5706,77.324,287,51,Cloudy,0,No,No,83,Low
2026-06-14 23:50,IGI Airport T3,28.5562,77.1,465,39,Clear,0,No,No,75,Medium
2026-06-15 00:00,India Gate,28.6129,77.2295,837,15,Cloudy,0,No,No,99,Very High
2026-06-15 00:10,IGI Airport T3,28.5562,77.1,722,10,Heavy Rain,19,No,No,73,Very High
2026-06-15 00:20,Connaught Place,28.6315,77.2167,590,19,Rain,16,No,No,83,High
2026-06-15 00:30,Cyber Hub Gurgaon,28.4959,77.0882,506,37,Fog,0,No,No,15,Medium
2026-06-15 00:40,Dwarka Sector 21,28.5511,77.0565,581,32,Fog,0,No,No,54,Medium
2026-06-15 00:50,DND Flyway,28.5942,77.3053,205,42,Cloudy,0,Yes,No,88,Low
2026-06-15 01:00,Akshardham Route,28.6127,77.2773,848,14,Fog,0,No,Yes,70,Very High
2026-06-15 01:10,Lajpat Nagar,28.5677,77.243,546,34,Clear,0,No,No,16,Medium
2026-06-15 01:20,Botanical Garden,28.5636,77.334,447,41,Cloudy,0,No,Yes,48,Low
2026-06-15 01:30,Pari Chowk,28.4671,77.503,397,32,Heavy Rain,10,No,No,94,Medium
2026-06-15 01:40,Karol Bagh,28.6519,77.1909,349,47,Fog,0,No,No,68,Low
2026-06-15 01:50,Dwarka Sector 21,28.5511,77.0565,841,14,Fog,0,No,Yes,22,Very High
2026-06-15 02:00,Botanical Garden,28.5636,77.334,645,12,Clear,0,Yes,No,21,Very High
2026-06-15 02:10,MG Road Gurgaon,28.4794,77.0806,399,44,Clear,0,No,No,21,Low
2026-06-15 02:20,IGI Airport T3,28.5562,77.1,684,10,Cloudy,0,Yes,No,27,Very High
2026-06-15 02:30,DND Flyway,28.5942,77.3053,264,41,Heavy Rain,1,No,Yes,85,Low
2026-06-15 02:40,Sector 18 Noida,28.5706,77.324,712,11,Rain,8,No,No,59,Very High
2026-06-15 02:50,Cyber Hub Gurgaon,28.4959,77.0882,549,19,Cloudy,0,Yes,No,24,High
2026-06-15 03:00,Karol Bagh,28.6519,77.1909,441,29,Rain,4,No,Yes,47,Medium
2026-06-15 03:10,MG Road Gurgaon,28.4794,77.0806,530,35,Fog,0,No,No,81,Medium
2026-06-15 03:20,Greater Noida West,28.59,77.43,411,43,Cloudy,0,No,No,96,Low
2026-06-15 03:30,Akshardham Route,28.6127,77.2773,375,45,Clear,0,No,No,51,Low
2026-06-15 03:40,Pari Chowk,28.4671,77.503,143,46,Cloudy,0,Yes,No,10,Low
2026-06-15 03:50,DND Flyway,28.5942,77.3053,417,16,Heavy Rain,13,Yes,Yes,76,High
2026-06-15 04:00,Pari Chowk,28.4671,77.503,605,30,Fog,0,No,No,20,Medium
2026-06-15 04:10,MG Road Gurgaon,28.4794,77.0806,716,8,Clear,0,Yes,Yes,42,Very High
2026-06-15 04:20,DND Flyway,28.5942,77.3053,638,13,Fog,0,Yes,No,49,Very High
2026-06-15 04:30,Greater Noida West,28.59,77.43,622,17,Rain,20,No,Yes,66,High
2026-06-15 04:40,India Gate,28.6129,77.2295,392,44,Cloudy,0,No,Yes,81,Low
2026-06-15 04:50,Akshardham Route,28.6127,77.2773,72,54,Rain,11,No,No,21,Low
2026-06-15 05:00,Cyber Hub Gurgaon,28.4959,77.0882,752,20,Fog,0,No,No,13,Very High
2026-06-15 05:10,Connaught Place,28.6315,77.2167,674,26,Fog,0,No,Yes,18,Medium
2026-06-15 05:20,Sector 62 Noida,28.628,77.3649,733,22,Clear,0,No,Yes,23,Very High
2026-06-15 05:30,Sector 18 Noida,28.5706,77.324,325,22,Heavy Rain,7,Yes,No,88,High
2026-06-15 05:40,Connaught Place,28.6315,77.2167,720,5,Rain,9,Yes,No,27,Very High
2026-06-15 05:50,MG Road Gurgaon,28.4794,77.0806,700,9,Cloudy,0,Yes,No,54,Very High
2026-06-15 06:00,Dwarka Sector 21,28.5511,77.0565,264,53,Clear,0,No,No,28,Low
2026-06-15 06:10,Connaught Place,28.6315,77.2167,697,5,Heavy Rain,2,Yes,No,73,Very High
2026-06-15 06:20,Greater Noida West,28.59,77.43,681,13,Heavy Rain,9,No,No,42,Very High
2026-06-15 06:30,MG Road Gurgaon,28.4794,77.0806,147,61,Clear,0,No,No,43,Low
2026-06-15 06:40,India Gate,28.6129,77.2295,896,11,Cloudy,0,No,No,10,Very High
2026-06-15 06:50,Dwarka Sector 21,28.5511,77.0565,765,5,Fog,0,Yes,No,30,Very High
2026-06-15 07:00,Lajpat Nagar,28.5677,77.243,563,33,Fog,0,No,No,61,Medium
2026-06-15 07:10,Vaishali Ghaziabad,28.646,77.339,593,31,Fog,0,No,Yes,80,Medium
2026-06-15 07:20,DND Flyway,28.5942,77.3053,872,12,Cloudy,0,No,No,99,Very High
2026-06-15 07:30,Dwarka Sector 21,28.5511,77.0565,490,26,Rain,19,No,No,30,Medium
2026-06-15 07:40,Connaught Place,28.6315,77.2167,553,22,Rain,5,No,No,99,High
2026-06-15 07:50,Vaishali Ghaziabad,28.646,77.339,235,40,Cloudy,0,Yes,No,45,Low
2026-06-15 08:00,Vaishali Ghaziabad,28.646,77.339,478,39,Clear,0,No,Yes,87,Medium
2026-06-15 08:10,DND Flyway,28.5942,77.3053,239,55,Fog,0,No,No,19,Low
2026-06-15 08:20,Cyber Hub Gurgaon,28.4959,77.0882,532,35,Fog,0,No,No,18,Medium
2026-06-15 08:30,India Gate,28.6129,77.2295,301,50,Clear,0,No,No,100,Low
2026-06-15 08:40,MG Road Gurgaon,28.4794,77.0806,608,15,Fog,0,Yes,Yes,71,High
2026-06-15 08:50,Lajpat Nagar,28.5677,77.243,889,5,Fog,0,Yes,No,93,Very High
2026-06-15 09:00,India Gate,28.6129,77.2295,278,37,Clear,0,Yes,Yes,39,Medium
2026-06-15 09:10,Sector 62 Noida,28.628,77.3649,702,9,Clear,0,Yes,Yes,96,Very High
2026-06-15 09:20,Greater Noida West,28.59,77.43,700,12,Heavy Rain,14,No,Yes,39,Very High
2026-06-15 09:30,Lajpat Nagar,28.5677,77.243,57,55,Rain,12,No,No,45,Low
2026-06-15 09:40,Greater Noida West,28.59,77.43,238,55,Fog,0,No,No,38,Low
2026-06-15 09:50,DND Flyway,28.5942,77.3053,226,43,Heavy Rain,7,No,No,85,Low
2026-06-15 10:00,Pari Chowk,28.4671,77.503,81,65,Fog,0,No,No,58,Low
2026-06-15 10:10,Karol Bagh,28.6519,77.1909,358,35,Heavy Rain,2,No,No,61,Medium
2026-06-15 10:20,IGI Airport T3,28.5562,77.1,140,49,Rain,7,No,No,38,Low
2026-06-15 10:30,Connaught Place,28.6315,77.2167,129,50,Rain,4,No,Yes,83,Low
2026-06-15 10:40,Dwarka Sector 21,28.5511,77.0565,643,28,Clear,0,No,No,94,Medium
2026-06-15 10:50,Akshardham Route,28.6127,77.2773,894,5,Clear,0,Yes,No,17,Very High
2026-06-15 11:00,Sector 62 Noida,28.628,77.3649,534,35,Clear,0,No,Yes,11,Medium
2026-06-15 11:10,Cyber Hub Gurgaon,28.4959,77.0882,482,26,Rain,10,No,Yes,97,Medium
2026-06-15 11:20,MG Road Gurgaon,28.4794,77.0806,462,40,Cloudy,0,No,No,98,Low
2026-06-15 11:30,Botanical Garden,28.5636,77.334,283,40,Rain,8,No,No,59,Low
2026-06-15 11:40,Connaught Place,28.6315,77.2167,120,50,Rain,4,No,No,58,Low
2026-06-15 11:50,Botanical Garden,28.5636,77.334,418,31,Rain,11,No,No,48,Medium
2026-06-15 12:00,Pari Chowk,28.4671,77.503,148,46,Clear,0,Yes,No,56,Low
2026-06-15 12:10,Connaught Place,28.6315,77.2167,89,38,Rain,20,Yes,No,65,Medium
2026-06-15 12:20,DND Flyway,28.5942,77.3053,573,20,Heavy Rain,4,No,No,36,High
2026-06-15 12:30,Akshardham Route,28.6127,77.2773,543,34,Cloudy,0,No,Yes,37,Medium
2026-06-15 12:40,Vaishali Ghaziabad,28.646,77.339,452,28,Rain,9,No,Yes,41,Medium
2026-06-15 12:50,DND Flyway,28.5942,77.3053,568,6,Heavy Rain,19,Yes,Yes,20,Very High
2026-06-15 13:00,Sector 18 Noida,28.5706,77.324,862,13,Fog,0,No,Yes,70,Very High
2026-06-15 13:10,IGI Airport T3,28.5562,77.1,890,5,Heavy Rain,2,No,No,45,Very High
2026-06-15 13:20,IGI Airport T3,28.5562,77.1,251,54,Cloudy,0,No,No,61,Low
2026-06-15 13:30,Sector 18 Noida,28.5706,77.324,447,26,Fog,0,Yes,No,28,Medium
2026-06-15 13:40,IGI Airport T3,28.5562,77.1,642,13,Fog,0,Yes,Yes,89,Very High
2026-06-15 13:50,Cyber Hub Gurgaon,28.4959,77.0882,270,40,Heavy Rain,17,No,No,16,Low
2026-06-15 14:00,Connaught Place,28.6315,77.2167,899,11,Cloudy,0,No,No,63,Very High
2026-06-15 14:10,Sector 18 Noida,28.5706,77.324,737,9,Heavy Rain,17,No,No,32,Very High
2026-06-15 14:20,DND Flyway,28.5942,77.3053,270,52,Fog,0,No,No,11,Low
2026-06-15 14:30,Karol Bagh,28.6519,77.1909,71,66,Clear,0,No,No,47,Low
2026-06-15 14:40,MG Road Gurgaon,28.4794,77.0806,104,49,Cloudy,0,Yes,No,87,Low
2026-06-15 14:50,DND Flyway,28.5942,77.3053,794,18,Fog,0,No,No,86,Very High
2026-06-15 15:00,Pari Chowk,28.4671,77.503,513,36,Clear,0,No,No,49,Medium
2026-06-15 15:10,Lajpat Nagar,28.5677,77.243,412,31,Rain,18,No,No,71,Medium
2026-06-15 15:20,Vaishali Ghaziabad,28.646,77.339,111,63,Fog,0,No,No,53,Low
2026-06-15 15:30,Vaishali Ghaziabad,28.646,77.339,463,40,Cloudy,0,No,Yes,66,Low
2026-06-15 15:40,Lajpat Nagar,28.5677,77.243,448,29,Rain,6,No,No,79,Medium
2026-06-15 15:50,Cyber Hub Gurgaon,28.4959,77.0882,851,14,Fog,0,No,No,74,Very High
2026-06-15 16:00,Cyber Hub Gurgaon,28.4959,77.0882,846,5,Heavy Rain,7,Yes,No,82,Very High
2026-06-15 16:10,MG Road Gurgaon,28.4794,77.0806,113,51,Rain,16,No,No,28,Low
2026-06-15 16:20,India Gate,28.6129,77.2295,690,12,Rain,3,No,Yes,99,Very High
2026-06-15 16:30,Sector 18 Noida,28.5706,77.324,64,66,Fog,0,No,Yes,23,Low
2026-06-15 16:40,IGI Airport T3,28.5562,77.1,117,51,Rain,9,No,Yes,26,Low
2026-06-15 16:50,Sector 62 Noida,28.628,77.3649,395,44,Clear,0,No,No,22,Low
2026-06-15 17:00,Akshardham Route,28.6127,77.2773,377,30,Fog,0,Yes,No,72,Medium
2026-06-15 17:10,Akshardham Route,28.6127,77.2773,880,12,Cloudy,0,No,Yes,39,Very High
2026-06-15 17:20,Karol Bagh,28.6519,77.1909,621,29,Cloudy,0,No,No,83,Medium
2026-06-15 17:30,Dwarka Sector 21,28.5511,77.0565,628,5,Heavy Rain,2,Yes,No,15,Very High
2026-06-15 17:40,Botanical Garden,28.5636,77.334,713,11,Rain,11,No,No,91,Very High
2026-06-15 17:50,Botanical Garden,28.5636,77.334,754,8,Rain,2,No,Yes,22,Very High
2026-06-15 18:00,Greater Noida West,28.59,77.43,159,48,Heavy Rain,12,No,No,21,Low
2026-06-15 18:10,Akshardham Route,28.6127,77.2773,658,15,Heavy Rain,10,No,No,42,High
2026-06-15 18:20,Cyber Hub Gurgaon,28.4959,77.0882,860,13,Clear,0,No,No,97,Very High
2026-06-15 18:30,India Gate,28.6129,77.2295,485,38,Clear,0,No,No,23,Medium
2026-06-15 18:40,Lajpat Nagar,28.5677,77.243,70,39,Rain,14,Yes,No,62,Medium
2026-06-15 18:50,Greater Noida West,28.59,77.43,259,38,Fog,0,Yes,No,38,Medium
2026-06-15 19:00,IGI Airport T3,28.5562,77.1,881,5,Heavy Rain,5,No,No,38,Very High
2026-06-15 19:10,MG Road Gurgaon,28.4794,77.0806,166,47,Heavy Rain,7,No,No,11,Low
2026-06-15 19:20,MG Road Gurgaon,28.4794,77.0806,809,5,Heavy Rain,18,No,No,82,Very High
2026-06-15 19:30,Sector 18 Noida,28.5706,77.324,799,5,Heavy Rain,17,No,No,18,Very High
2026-06-15 19:40,Connaught Place,28.6315,77.2167,197,57,Cloudy,0,No,No,31,Low
2026-06-15 19:50,Connaught Place,28.6315,77.2167,585,19,Rain,18,No,No,23,High
2026-06-15 20:00,Cyber Hub Gurgaon,28.4959,77.0882,114,36,Rain,4,Yes,No,36,Medium
2026-06-15 20:10,Pari Chowk,28.4671,77.503,175,59,Fog,0,No,No,99,Low
2026-06-15 20:20,Dwarka Sector 21,28.5511,77.0565,616,29,Clear,0,No,No,73,Medium
2026-06-15 20:30,Sector 18 Noida,28.5706,77.324,612,5,Rain,4,Yes,No,95,Very High
2026-06-15 20:40,Sector 18 Noida,28.5706,77.324,207,57,Clear,0,No,No,39,Low
2026-06-15 20:50,MG Road Gurgaon,28.4794,77.0806,676,25,Cloudy,0,No,Yes,73,Medium
2026-06-15 21:00,Botanical Garden,28.5636,77.334,850,14,Cloudy,0,No,No,70,Very High
2026-06-15 21:10,Botanical Garden,28.5636,77.334,93,37,Heavy Rain,17,Yes,No,82,Medium
2026-06-15 21:20,Botanical Garden,28.5636,77.334,863,5,Fog,0,Yes,No,26,Very High
2026-06-15 21:30,DND Flyway,28.5942,77.3053,526,20,Clear,0,Yes,No,45,High
2026-06-15 21:40,Karol Bagh,28.6519,77.1909,170,59,Clear,0,No,No,38,Low
2026-06-15 21:50,DND Flyway,28.5942,77.3053,630,13,Fog,0,Yes,No,48,Very High
2026-06-15 22:00,IGI Airport T3,28.5562,77.1,363,46,Fog,0,No,No,67,Low
2026-06-15 22:10,Akshardham Route,28.6127,77.2773,706,11,Heavy Rain,3,No,No,87,Very High
2026-06-15 22:20,MG Road Gurgaon,28.4794,77.0806,82,50,Clear,0,Yes,No,16,Low
2026-06-15 22:30,Pari Chowk,28.4671,77.503,92,49,Cloudy,0,Yes,No,71,Low
2026-06-15 22:40,Dwarka Sector 21,28.5511,77.0565,278,52,Fog,0,No,No,94,Low
2026-06-15 22:50,Pari Chowk,28.4671,77.503,591,16,Fog,0,Yes,No,30,High
2026-06-15 23:00,Botanical Garden,28.5636,77.334,444,41,Fog,0,No,Yes,68,Low
2026-06-15 23:10,Pari Chowk,28.4671,77.503,329,37,Heavy Rain,11,No,No,10,Medium
2026-06-15 23:20,Sector 18 Noida,28.5706,77.324,752,20,Cloudy,0,No,No,75,Very High
2026-06-15 23:30,Pari Chowk,28.4671,77.503,513,36,Cloudy,0,No,No,92,Medium
2026-06-15 23:40,Sector 62 Noida,28.628,77.3649,447,41,Fog,0,No,No,77,Low
2026-06-15 23:50,Sector 62 Noida,28.628,77.3649,70,54,Rain,20,No,Yes,65,Low
2026-06-16 00:00,Lajpat Nagar,28.5677,77.243,198,57,Fog,0,No,No,57,Low
2026-06-16 00:10,Vaishali Ghaziabad,28.646,77.339,629,29,Fog,0,No,No,40,Medium
2026-06-16 00:20,Cyber Hub Gurgaon,28.4959,77.0882,52,67,Fog,0,No,No,48,Low
2026-06-16 00:30,Greater Noida West,28.59,77.43,383,45,Cloudy,0,No,Yes,97,Low
2026-06-16 00:40,Botanical Garden,28.5636,77.334,556,21,Rain,16,No,No,26,High
2026-06-16 00:50,DND Flyway,28.5942,77.3053,774,19,Cloudy,0,No,No,91,Very High
2026-06-16 01:00,Akshardham Route,28.6127,77.2773,289,36,Fog,0,Yes,No,82,Medium
2026-06-16 01:10,India Gate,28.6129,77.2295,829,5,Heavy Rain,7,Yes,No,73,Very High
2026-06-16 01:20,Greater Noida West,28.59,77.43,337,33,Clear,0,Yes,No,32,Medium
2026-06-16 01:30,Dwarka Sector 21,28.5511,77.0565,645,5,Rain,10,Yes,No,87,Very High
2026-06-16 01:40,Dwarka Sector 21,28.5511,77.0565,171,44,Cloudy,0,Yes,No,47,Low
2026-06-16 01:50,Sector 18 Noida,28.5706,77.324,443,29,Rain,11,No,No,100,Medium
2026-06-16 02:00,Vaishali Ghaziabad,28.646,77.339,529,23,Heavy Rain,9,No,No,85,High
2026-06-16 02:10,MG Road Gurgaon,28.4794,77.0806,147,61,Cloudy,0,No,No,59,Low
2026-06-16 02:20,Dwarka Sector 21,28.5511,77.0565,236,43,Heavy Rain,17,No,No,93,Low
2026-06-16 02:30,Karol Bagh,28.6519,77.1909,495,25,Heavy Rain,14,No,No,23,Medium
2026-06-16 02:40,Botanical Garden,28.5636,77.334,617,29,Clear,0,No,No,49,Medium
2026-06-16 02:50,Dwarka Sector 21,28.5511,77.0565,542,34,Clear,0,No,No,30,Medium
2026-06-16 03:00,Greater Noida West,28.59,77.43,69,54,Heavy Rain,3,No,No,14,Low
2026-06-16 03:10,Lajpat Nagar,28.5677,77.243,259,38,Clear,0,Yes,Yes,58,Medium
2026-06-16 03:20,India Gate,28.6129,77.2295,536,23,Heavy Rain,17,No,Yes,63,High
2026-06-16 03:30,India Gate,28.6129,77.2295,846,5,Rain,16,No,Yes,96,Very High
2026-06-16 03:40,Pari Chowk,28.4671,77.503,124,62,Cloudy,0,No,No,70,Low
2026-06-16 03:50,Karol Bagh,28.6519,77.1909,571,32,Cloudy,0,No,Yes,27,Medium
2026-06-16 04:00,MG Road Gurgaon,28.4794,77.0806,705,11,Rain,11,No,No,18,Very High
2026-06-16 04:10,Karol Bagh,28.6519,77.1909,897,5,Rain,16,Yes,No,68,Very High
2026-06-16 04:20,Pari Chowk,28.4671,77.503,75,50,Cloudy,0,Yes,No,33,Low
2026-06-16 04:30,Lajpat Nagar,28.5677,77.243,246,39,Clear,0,Yes,No,46,Medium
2026-06-16 04:40,Botanical Garden,28.5636,77.334,286,51,Fog,0,No,No,14,Low
2026-06-16 04:50,IGI Airport T3,28.5562,77.1,325,34,Clear,0,Yes,No,41,Medium
2026-06-16 05:00,Dwarka Sector 21,28.5511,77.0565,457,13,Heavy Rain,13,Yes,Yes,22,Very High
2026-06-16 05:10,Akshardham Route,28.6127,77.2773,243,54,Cloudy,0,No,No,76,Low
2026-06-16 05:20,Pari Chowk,28.4671,77.503,848,14,Fog,0,No,No,14,Very High
2026-06-16 05:30,Dwarka Sector 21,28.5511,77.0565,653,27,Fog,0,No,No,19,Medium
2026-06-16 05:40,MG Road Gurgaon,28.4794,77.0806,876,12,Clear,0,No,No,39,Very High
2026-06-16 05:50,Akshardham Route,28.6127,77.2773,232,40,Fog,0,Yes,Yes,70,Low
2026-06-16 06:00,Sector 18 Noida,28.5706,77.324,882,12,Cloudy,0,No,No,61,Very High
2026-06-16 06:10,Sector 18 Noida,28.5706,77.324,401,29,Clear,0,Yes,No,99,Medium
2026-06-16 06:20,MG Road Gurgaon,28.4794,77.0806,822,16,Cloudy,0,No,No,15,Very High
2026-06-16 06:30,DND Flyway,28.5942,77.3053,820,5,Cloudy,0,Yes,No,53,Very High
2026-06-16 06:40,MG Road Gurgaon,28.4794,77.0806,816,5,Fog,0,Yes,No,21,Very High
2026-06-16 06:50,Karol Bagh,28.6519,77.1909,366,34,Rain,8,No,No,58,Medium
2026-06-16 07:00,Karol Bagh,28.6519,77.1909,397,44,Clear,0,No,No,19,Low
2026-06-16 07:10,IGI Airport T3,28.5562,77.1,557,6,Heavy Rain,20,Yes,No,72,Very High
2026-06-16 07:20,IGI Airport T3,28.5562,77.1,641,28,Cloudy,0,No,No,35,Medium
2026-06-16 07:30,Pari Chowk,28.4671,77.503,50,55,Rain,15,No,No,74,Low
2026-06-16 07:40,Pari Chowk,28.4671,77.503,180,58,Clear,0,No,No,94,Low
2026-06-16 07:50,India Gate,28.6129,77.2295,781,18,Cloudy,0,No,Yes,92,Very High
2026-06-16 08:00,Pari Chowk,28.4671,77.503,896,11,Fog,0,No,No,80,Very High
2026-06-16 08:10,MG Road Gurgaon,28.4794,77.0806,183,31,Heavy Rain,13,Yes,Yes,80,Medium
2026-06-16 08:20,Cyber Hub Gurgaon,28.4959,77.0882,312,23,Rain,12,Yes,Yes,98,High
2026-06-16 08:30,Connaught Place,28.6315,77.2167,768,19,Cloudy,0,No,No,100,Very High
2026-06-16 08:40,India Gate,28.6129,77.2295,79,53,Heavy Rain,5,No,No,16,Low
2026-06-16 08:50,Cyber Hub Gurgaon,28.4959,77.0882,162,48,Heavy Rain,19,No,No,75,Low
2026-06-16 09:00,Connaught Place,28.6315,77.2167,121,50,Heavy Rain,2,No,Yes,97,Low
2026-06-16 09:10,Dwarka Sector 21,28.5511,77.0565,360,46,Cloudy,0,No,No,51,Low
2026-06-16 09:20,Sector 62 Noida,28.628,77.3649,270,52,Cloudy,0,No,No,49,Low
2026-06-16 09:30,Botanical Garden,28.5636,77.334,603,15,Clear,0,Yes,No,43,High
2026-06-16 09:40,Akshardham Route,28.6127,77.2773,479,24,Fog,0,Yes,No,34,High
2026-06-16 09:50,Akshardham Route,28.6127,77.2773,595,19,Rain,12,No,No,70,High
2026-06-16 10:00,IGI Airport T3,28.5562,77.1,79,53,Heavy Rain,12,No,Yes,74,Low
2026-06-16 10:10,India Gate,28.6129,77.2295,593,31,Clear,0,No,Yes,22,Medium
2026-06-16 10:20,Karol Bagh,28.6519,77.1909,574,20,Heavy Rain,3,No,No,86,High
2026-06-16 10:30,Connaught Place,28.6315,77.2167,314,38,Heavy Rain,16,No,Yes,92,Medium
2026-06-16 10:40,MG Road Gurgaon,28.4794,77.0806,646,27,Clear,0,No,Yes,31,Medium
2026-06-16 10:50,Lajpat Nagar,28.5677,77.243,400,44,Cloudy,0,No,Yes,78,Low
2026-06-16 11:00,Vaishali Ghaziabad,28.646,77.339,586,19,Rain,5,No,No,24,High
2026-06-16 11:10,MG Road Gurgaon,28.4794,77.0806,273,52,Cloudy,0,No,Yes,24,Low
2026-06-16 11:20,Akshardham Route,28.6127,77.2773,242,54,Cloudy,0,No,No,96,Low
2026-06-16 11:30,Dwarka Sector 21,28.5511,77.0565,804,17,Clear,0,No,Yes,40,Very High
2026-06-16 11:40,Cyber Hub Gurgaon,28.4959,77.0882,395,32,Rain,4,No,No,89,Medium
2026-06-16 11:50,Cyber Hub Gurgaon,28.4959,77.0882,623,29,Clear,0,No,Yes,54,Medium
2026-06-16 12:00,India Gate,28.6129,77.2295,470,12,Rain,12,Yes,No,62,Very High
2026-06-16 12:10,Vaishali Ghaziabad,28.646,77.339,798,17,Clear,0,No,No,54,Very High
2026-06-16 12:20,Dwarka Sector 21,28.5511,77.0565,734,22,Cloudy,0,No,No,40,Very High
2026-06-16 12:30,Cyber Hub Gurgaon,28.4959,77.0882,377,45,Fog,0,No,Yes,33,Low
2026-06-16 12:40,Vaishali Ghaziabad,28.646,77.339,432,15,Heavy Rain,16,Yes,No,14,High
2026-06-16 12:50,Vaishali Ghaziabad,28.646,77.339,163,60,Cloudy,0,No,No,52,Low
2026-06-16 13:00,India Gate,28.6129,77.2295,874,12,Clear,0,No,No,56,Very High
2026-06-16 13:10,Lajpat Nagar,28.5677,77.243,716,23,Cloudy,0,No,No,36,Very High
2026-06-16 13:20,Akshardham Route,28.6127,77.2773,824,5,Cloudy,0,Yes,No,26,Very High
2026-06-16 13:30,India Gate,28.6129,77.2295,643,16,Rain,11,No,Yes,62,High
2026-06-16 13:40,Akshardham Route,28.6127,77.2773,434,27,Fog,0,Yes,No,44,Medium
2026-06-16 13:50,DND Flyway,28.5942,77.3053,543,34,Fog,0,No,Yes,65,Medium
2026-06-16 14:00,IGI Airport T3,28.5562,77.1,137,61,Fog,0,No,No,38,Low
2026-06-16 14:10,Greater Noida West,28.59,77.43,873,12,Cloudy,0,No,No,78,Very High
2026-06-16 14:20,Karol Bagh,28.6519,77.1909,577,20,Heavy Rain,11,No,No,63,High
2026-06-16 14:30,Sector 18 Noida,28.5706,77.324,541,34,Cloudy,0,No,No,22,Medium
2026-06-16 14:40,Botanical Garden,28.5636,77.334,213,56,Cloudy,0,No,No,90,Low
2026-06-16 14:50,Pari Chowk,28.4671,77.503,595,19,Heavy Rain,19,No,No,13,High
2026-06-16 15:00,Sector 62 Noida,28.628,77.3649,502,37,Clear,0,No,No,82,Medium
2026-06-16 15:10,Vaishali Ghaziabad,28.646,77.339,108,63,Fog,0,No,Yes,61,Low
2026-06-16 15:20,Karol Bagh,28.6519,77.1909,508,37,Fog,0,No,No,72,Medium
2026-06-16 15:30,India Gate,28.6129,77.2295,394,29,Cloudy,0,Yes,No,56,Medium
2026-06-16 15:40,India Gate,28.6129,77.2295,283,52,Clear,0,No,Yes,35,Low
2026-06-16 15:50,Connaught Place,28.6315,77.2167,628,14,Cloudy,0,Yes,No,89,Very High
2026-06-16 16:00,Cyber Hub Gurgaon,28.4959,77.0882,793,18,Clear,0,No,No,19,Very High
2026-06-16 16:10,Lajpat Nagar,28.5677,77.243,789,18,Fog,0,No,No,85,Very High
2026-06-16 16:20,Karol Bagh,28.6519,77.1909,79,65,Cloudy,0,No,Yes,63,Low
2026-06-16 16:30,IGI Airport T3,28.5562,77.1,713,23,Cloudy,0,No,No,63,Very High
2026-06-16 16:40,Connaught Place,28.6315,77.2167,647,5,Heavy Rain,1,Yes,No,97,Very High
2026-06-16 16:50,Greater Noida West,28.59,77.43,649,27,Fog,0,No,No,66,Medium
2026-06-16 17:00,Karol Bagh,28.6519,77.1909,670,14,Rain,10,No,Yes,48,Very High
2026-06-16 17:10,Akshardham Route,28.6127,77.2773,164,60,Cloudy,0,No,No,77,Low
2026-06-16 17:20,IGI Airport T3,28.5562,77.1,111,63,Cloudy,0,No,Yes,12,Low
2026-06-16 17:30,Karol Bagh,28.6519,77.1909,145,61,Cloudy,0,No,Yes,59,Low
2026-06-16 17:40,Karol Bagh,28.6519,77.1909,158,48,Rain,2,No,Yes,44,Low
2026-06-16 17:50,India Gate,28.6129,77.2295,255,41,Heavy Rain,16,No,Yes,68,Low
2026-06-16 18:00,IGI Airport T3,28.5562,77.1,95,64,Fog,0,No,Yes,98,Low
2026-06-16 18:10,Sector 62 Noida,28.628,77.3649,640,13,Cloudy,0,Yes,Yes,16,Very High
2026-06-16 18:20,Greater Noida West,28.59,77.43,90,52,Heavy Rain,3,No,Yes,65,Low
2026-06-16 18:30,Connaught Place,28.6315,77.2167,542,22,Heavy Rain,3,No,No,40,High
2026-06-16 18:40,Lajpat Nagar,28.5677,77.243,860,5,Clear,0,Yes,No,84,Very High
2026-06-16 18:50,DND Flyway,28.5942,77.3053,131,62,Fog,0,No,No,39,Low
2026-06-16 19:00,Akshardham Route,28.6127,77.2773,55,67,Clear,0,No,Yes,64,Low
2026-06-16 19:10,Lajpat Nagar,28.5677,77.243,141,46,Cloudy,0,Yes,No,43,Low
2026-06-16 19:20,Karol Bagh,28.6519,77.1909,844,5,Heavy Rain,3,No,Yes,36,Very High
2026-06-16 19:30,Lajpat Nagar,28.5677,77.243,279,52,Fog,0,No,No,93,Low
2026-06-16 19:40,India Gate,28.6129,77.2295,215,44,Heavy Rain,5,No,No,26,Low
2026-06-16 19:50,Sector 18 Noida,28.5706,77.324,790,18,Cloudy,0,No,No,67,Very High
2026-06-16 20:00,Akshardham Route,28.6127,77.2773,361,46,Clear,0,No,No,64,Low
2026-06-16 20:10,DND Flyway,28.5942,77.3053,809,5,Heavy Rain,6,No,Yes,43,Very High
2026-06-16 20:20,Sector 62 Noida,28.628,77.3649,535,8,Rain,9,Yes,Yes,20,Very High
2026-06-16 20:30,Pari Chowk,28.4671,77.503,258,41,Rain,5,No,Yes,65,Low
2026-06-16 20:40,Vaishali Ghaziabad,28.646,77.339,700,9,Cloudy,0,Yes,No,10,Very High
2026-06-16 20:50,Vaishali Ghaziabad,28.646,77.339,415,16,Rain,17,Yes,Yes,77,High
2026-06-16 21:00,Sector 62 Noida,28.628,77.3649,550,19,Fog,0,Yes,No,83,High
2026-06-16 21:10,Cyber Hub Gurgaon,28.4959,77.0882,748,9,Rain,8,No,No,32,Very High
2026-06-16 21:20,Sector 62 Noida,28.628,77.3649,395,29,Fog,0,Yes,No,97,Medium
2026-06-16 21:30,DND Flyway,28.5942,77.3053,725,10,Rain,1,No,Yes,89,Very High
2026-06-16 21:40,Botanical Garden,28.5636,77.334,860,13,Clear,0,No,No,19,Very High
2026-06-16 21:50,Cyber Hub Gurgaon,28.4959,77.0882,341,21,Rain,2,Yes,Yes,72,High
2026-06-16 22:00,Lajpat Nagar,28.5677,77.243,330,21,Heavy Rain,18,Yes,No,40,High
2026-06-16 22:10,Sector 18 Noida,28.5706,77.324,431,42,Clear,0,No,Yes,76,Low
2026-06-16 22:20,Akshardham Route,28.6127,77.2773,228,40,Clear,0,Yes,No,16,Low
2026-06-16 22:30,Cyber Hub Gurgaon,28.4959,77.0882,656,27,Clear,0,No,No,51,Medium
2026-06-16 22:40,Connaught Place,28.6315,77.2167,66,66,Fog,0,No,No,24,Low
2026-06-16 22:50,Vaishali Ghaziabad,28.646,77.339,579,32,Clear,0,No,No,29,Medium
2026-06-16 23:00,Greater Noida West,28.59,77.43,377,45,Clear,0,No,Yes,52,Low
2026-06-16 23:10,Cyber Hub Gurgaon,28.4959,77.0882,356,35,Rain,10,No,No,87,Medium
2026-06-16 23:20,Dwarka Sector 21,28.5511,77.0565,415,43,Cloudy,0,No,No,35,Low
2026-06-16 23:30,Botanical Garden,28.5636,77.334,521,36,Clear,0,No,No,69,Medium
2026-06-16 23:40,Akshardham Route,28.6127,77.2773,643,13,Clear,0,Yes,No,43,Very High
2026-06-16 23:50,Pari Chowk,28.4671,77.503,172,44,Fog,0,Yes,Yes,73,Low
2026-06-17 00:00,Sector 62 Noida,28.628,77.3649,77,65,Clear,0,No,No,75,Low
2026-06-17 00:10,India Gate,28.6129,77.2295,280,52,Cloudy,0,No,No,62,Low
2026-06-17 00:20,Lajpat Nagar,28.5677,77.243,470,39,Cloudy,0,No,Yes,53,Medium
2026-06-17 00:30,Dwarka Sector 21,28.5511,77.0565,473,39,Cloudy,0,No,Yes,65,Medium
2026-06-17 00:40,Sector 18 Noida,28.5706,77.324,669,26,Clear,0,No,No,78,Medium
2026-06-17 00:50,Akshardham Route,28.6127,77.2773,600,18,Heavy Rain,12,No,No,81,High
2026-06-17 01:00,DND Flyway,28.5942,77.3053,767,19,Fog,0,No,Yes,42,Very High
2026-06-17 01:10,Karol Bagh,28.6519,77.1909,473,24,Clear,0,Yes,No,77,High
2026-06-17 01:20,Connaught Place,28.6315,77.2167,97,64,Clear,0,No,No,70,Low
2026-06-17 01:30,Dwarka Sector 21,28.5511,77.0565,501,25,Rain,8,No,No,33,Medium
2026-06-17 01:40,Botanical Garden,28.5636,77.334,690,12,Heavy Rain,6,No,No,100,Very High
2026-06-17 01:50,Pari Chowk,28.4671,77.503,339,48,Clear,0,No,No,17,Low
2026-06-17 02:00,Karol Bagh,28.6519,77.1909,841,14,Cloudy,0,No,No,58,Very High
2026-06-17 02:10,Botanical Garden,28.5636,77.334,179,47,Rain,18,No,Yes,74,Low
2026-06-17 02:20,Akshardham Route,28.6127,77.2773,450,40,Fog,0,No,No,61,Low
2026-06-17 02:30,Sector 62 Noida,28.628,77.3649,327,49,Fog,0,No,Yes,50,Low
2026-06-17 02:40,DND Flyway,28.5942,77.3053,318,22,Heavy Rain,5,Yes,No,36,High
2026-06-17 02:50,Sector 62 Noida,28.628,77.3649,360,46,Clear,0,No,No,25,Low
2026-06-17 03:00,Sector 62 Noida,28.628,77.3649,863,5,Heavy Rain,9,No,No,44,Very High
2026-06-17 03:10,Greater Noida West,28.59,77.43,426,27,Fog,0,Yes,No,34,Medium
2026-06-17 03:20,Dwarka Sector 21,28.5511,77.0565,116,63,Clear,0,No,No,91,Low
2026-06-17 03:30,Pari Chowk,28.4671,77.503,833,15,Cloudy,0,No,No,80,Very High
2026-06-17 03:40,Karol Bagh,28.6519,77.1909,680,25,Fog,0,No,Yes,10,Medium
2026-06-17 03:50,Sector 18 Noida,28.5706,77.324,777,5,Rain,7,Yes,No,100,Very High
2026-06-17 04:00,Dwarka Sector 21,28.5511,77.0565,638,28,Cloudy,0,No,No,33,Medium
2026-06-17 04:10,Lajpat Nagar,28.5677,77.243,537,35,Fog,0,No,No,31,Medium
2026-06-17 04:20,Akshardham Route,28.6127,77.2773,370,31,Cloudy,0,Yes,No,41,Medium
2026-06-17 04:30,Akshardham Route,28.6127,77.2773,74,54,Rain,7,No,No,14,Low
2026-06-17 04:40,Cyber Hub Gurgaon,28.4959,77.0882,464,40,Clear,0,No,Yes,22,Low
2026-06-17 04:50,Lajpat Nagar,28.5677,77.243,770,7,Heavy Rain,10,No,No,95,Very High
2026-06-17 05:00,Greater Noida West,28.59,77.43,295,39,Rain,14,No,No,23,Medium
2026-06-17 05:10,India Gate,28.6129,77.2295,791,5,Heavy Rain,5,Yes,Yes,100,Very High
2026-06-17 05:20,MG Road Gurgaon,28.4794,77.0806,116,51,Heavy Rain,14,No,Yes,48,Low
2026-06-17 05:30,Lajpat Nagar,28.5677,77.243,372,19,Heavy Rain,12,Yes,No,95,High
2026-06-17 05:40,Akshardham Route,28.6127,77.2773,747,9,Heavy Rain,1,No,No,32,Very High
2026-06-17 05:50,Pari Chowk,28.4671,77.503,55,67,Clear,0,No,Yes,47,Low
2026-06-17 06:00,Botanical Garden,28.5636,77.334,320,34,Clear,0,Yes,No,16,Medium
2026-06-17 06:10,Akshardham Route,28.6127,77.2773,360,46,Fog,0,No,Yes,47,Low
2026-06-17 06:20,Pari Chowk,28.4671,77.503,546,34,Fog,0,No,No,15,Medium
2026-06-17 06:30,Sector 62 Noida,28.628,77.3649,843,5,Heavy Rain,2,No,No,45,Very High
2026-06-17 06:40,Sector 62 Noida,28.628,77.3649,108,48,Clear,0,Yes,No,21,Low
2026-06-17 06:50,Akshardham Route,28.6127,77.2773,130,35,Rain,17,Yes,No,42,Medium
2026-06-17 07:00,Lajpat Nagar,28.5677,77.243,696,12,Rain,15,No,Yes,40,Very High
2026-06-17 07:10,Cyber Hub Gurgaon,28.4959,77.0882,204,57,Clear,0,No,No,54,Low
2026-06-17 07:20,Dwarka Sector 21,28.5511,77.0565,151,48,Heavy Rain,8,No,No,13,Low
2026-06-17 07:30,Sector 18 Noida,28.5706,77.324,349,20,Rain,2,Yes,Yes,11,High
2026-06-17 07:40,Greater Noida West,28.59,77.43,244,42,Heavy Rain,2,No,No,11,Low
2026-06-17 07:50,Greater Noida West,28.59,77.43,868,5,Fog,0,Yes,No,50,Very High
2026-06-17 08:00,Lajpat Nagar,28.5677,77.243,394,32,Rain,16,No,Yes,93,Medium
2026-06-17 08:10,India Gate,28.6129,77.2295,868,5,Rain,10,Yes,No,32,Very High
2026-06-17 08:20,IGI Airport T3,28.5562,77.1,743,21,Clear,0,No,No,29,Very High
2026-06-17 08:30,Lajpat Nagar,28.5677,77.243,342,36,Rain,13,No,No,21,Medium
2026-06-17 08:40,Lajpat Nagar,28.5677,77.243,376,45,Cloudy,0,No,No,67,Low
2026-06-17 08:50,Botanical Garden,28.5636,77.334,747,21,Clear,0,No,No,85,Very High
2026-06-17 09:00,Dwarka Sector 21,28.5511,77.0565,596,16,Fog,0,Yes,No,87,High
2026-06-17 09:10,Dwarka Sector 21,28.5511,77.0565,244,54,Clear,0,No,No,92,Low
2026-06-17 09:20,Botanical Garden,28.5636,77.334,159,45,Clear,0,Yes,Yes,42,Low
2026-06-17 09:30,Connaught Place,28.6315,77.2167,478,39,Cloudy,0,No,No,21,Medium
2026-06-17 09:40,Karol Bagh,28.6519,77.1909,437,29,Heavy Rain,12,No,No,83,Medium
2026-06-17 09:50,Sector 18 Noida,28.5706,77.324,615,29,Cloudy,0,No,No,85,Medium
2026-06-17 10:00,Lajpat Nagar,28.5677,77.243,689,25,Fog,0,No,No,64,Medium
2026-06-17 10:10,Connaught Place,28.6315,77.2167,364,31,Clear,0,Yes,No,95,Medium
2026-06-17 10:20,IGI Airport T3,28.5562,77.1,136,34,Rain,11,Yes,No,82,Medium
2026-06-17 10:30,Akshardham Route,28.6127,77.2773,828,15,Cloudy,0,No,No,47,Very High
2026-06-17 10:40,Cyber Hub Gurgaon,28.4959,77.0882,840,5,Rain,17,No,No,70,Very High
2026-06-17 10:50,Greater Noida West,28.59,77.43,837,15,Fog,0,No,Yes,93,Very High
2026-06-17 11:00,Akshardham Route,28.6127,77.2773,500,10,Rain,1,Yes,No,21,Very High
2026-06-17 11:10,Cyber Hub Gurgaon,28.4959,77.0882,718,11,Rain,6,No,No,99,Very High
2026-06-17 11:20,Dwarka Sector 21,28.5511,77.0565,768,19,Fog,0,No,No,16,Very High
2026-06-17 11:30,Sector 62 Noida,28.628,77.3649,334,48,Clear,0,No,No,30,Low
2026-06-17 11:40,India Gate,28.6129,77.2295,136,61,Fog,0,No,No,78,Low
2026-06-17 11:50,Connaught Place,28.6315,77.2167,891,11,Cloudy,0,No,No,68,Very High
2026-06-17 12:00,Karol Bagh,28.6519,77.1909,850,14,Clear,0,No,No,46,Very High
2026-06-17 12:10,Vaishali Ghaziabad,28.646,77.339,80,65,Cloudy,0,No,No,41,Low
2026-06-17 12:20,Sector 18 Noida,28.5706,77.324,824,16,Cloudy,0,No,No,42,Very High
2026-06-17 12:30,Karol Bagh,28.6519,77.1909,694,12,Heavy Rain,6,No,Yes,69,Very High
2026-06-17 12:40,Vaishali Ghaziabad,28.646,77.339,647,27,Clear,0,No,Yes,37,Medium
2026-06-17 12:50,Akshardham Route,28.6127,77.2773,668,14,Rain,10,No,Yes,32,Very High
2026-06-17 13:00,Sector 62 Noida,28.628,77.3649,337,48,Cloudy,0,No,No,88,Low
2026-06-17 13:10,Lajpat Nagar,28.5677,77.243,515,24,Heavy Rain,1,No,No,34,High
2026-06-17 13:20,Cyber Hub Gurgaon,28.4959,77.0882,420,15,Heavy Rain,3,Yes,No,96,High
2026-06-17 13:30,Akshardham Route,28.6127,77.2773,247,27,Heavy Rain,7,Yes,Yes,19,Medium
2026-06-17 13:40,Connaught Place,28.6315,77.2167,266,26,Heavy Rain,19,Yes,No,50,Medium
2026-06-17 13:50,Greater Noida West,28.59,77.43,680,10,Cloudy,0,Yes,Yes,21,Very High
2026-06-17 14:00,Sector 18 Noida,28.5706,77.324,787,5,Heavy Rain,4,Yes,No,13,Very High
2026-06-17 14:10,MG Road Gurgaon,28.4794,77.0806,266,53,Cloudy,0,No,No,89,Low
2026-06-17 14:20,Karol Bagh,28.6519,77.1909,578,20,Rain,16,No,No,88,High
2026-06-17 14:30,Vaishali Ghaziabad,28.646,77.339,260,41,Rain,1,No,No,39,Low
2026-06-17 14:40,IGI Airport T3,28.5562,77.1,75,53,Heavy Rain,7,No,No,18,Low
2026-06-17 14:50,Connaught Place,28.6315,77.2167,752,20,Clear,0,No,No,43,Very High
2026-06-17 15:00,Lajpat Nagar,28.5677,77.243,70,66,Cloudy,0,No,Yes,10,Low
2026-06-17 15:10,Botanical Garden,28.5636,77.334,411,43,Cloudy,0,No,No,79,Low
2026-06-17 15:20,Sector 18 Noida,28.5706,77.324,619,17,Rain,20,No,No,54,High
2026-06-17 15:30,India Gate,28.6129,77.2295,495,37,Fog,0,No,Yes,54,Medium
2026-06-17 15:40,Lajpat Nagar,28.5677,77.243,62,54,Rain,1,No,No,18,Low
2026-06-17 15:50,Vaishali Ghaziabad,28.646,77.339,54,67,Clear,0,No,No,87,Low
2026-06-17 16:00,India Gate,28.6129,77.2295,301,50,Fog,0,No,No,99,Low
2026-06-17 16:10,Connaught Place,28.6315,77.2167,497,25,Rain,8,No,No,90,Medium
2026-06-17 16:20,Sector 62 Noida,28.628,77.3649,350,32,Fog,0,Yes,No,47,Medium
2026-06-17 16:30,Akshardham Route,28.6127,77.2773,282,52,Cloudy,0,No,No,56,Low
2026-06-17 16:40,Greater Noida West,28.59,77.43,378,45,Clear,0,No,Yes,86,Low
2026-06-17 16:50,Sector 18 Noida,28.5706,77.324,697,12,Heavy Rain,10,No,No,51,Very High
2026-06-17 17:00,Sector 18 Noida,28.5706,77.324,768,19,Fog,0,No,Yes,68,Very High
2026-06-17 17:10,DND Flyway,28.5942,77.3053,302,38,Rain,1,No,No,60,Medium
2026-06-17 17:20,Akshardham Route,28.6127,77.2773,304,35,Clear,0,Yes,No,71,Medium
2026-06-17 17:30,IGI Airport T3,28.5562,77.1,735,9,Heavy Rain,4,No,Yes,86,Very High
2026-06-17 17:40,DND Flyway,28.5942,77.3053,70,66,Clear,0,No,Yes,12,Low
2026-06-17 17:50,MG Road Gurgaon,28.4794,77.0806,123,62,Clear,0,No,No,44,Low
2026-06-17 18:00,Greater Noida West,28.59,77.43,170,32,Rain,17,Yes,No,99,Medium
2026-06-17 18:10,Vaishali Ghaziabad,28.646,77.339,559,33,Cloudy,0,No,No,18,Medium
2026-06-17 18:20,Cyber Hub Gurgaon,28.4959,77.0882,207,57,Cloudy,0,No,No,51,Low
2026-06-17 18:30,Akshardham Route,28.6127,77.2773,534,23,Heavy Rain,15,No,No,12,High
2026-06-17 18:40,India Gate,28.6129,77.2295,693,12,Rain,4,No,No,43,Very High
2026-06-17 18:50,Sector 62 Noida,28.628,77.3649,439,41,Cloudy,0,No,No,80,Low
2026-06-17 19:00,Vaishali Ghaziabad,28.646,77.339,534,20,Clear,0,Yes,No,46,High
2026-06-17 19:10,Botanical Garden,28.5636,77.334,753,20,Cloudy,0,No,No,32,Very High
2026-06-17 19:20,Greater Noida West,28.59,77.43,599,19,Heavy Rain,1,No,No,49,High
2026-06-17 19:30,DND Flyway,28.5942,77.3053,382,45,Cloudy,0,No,No,93,Low
2026-06-17 19:40,Sector 18 Noida,28.5706,77.324,170,47,Heavy Rain,11,No,Yes,38,Low
2026-06-17 19:50,Dwarka Sector 21,28.5511,77.0565,365,34,Heavy Rain,9,No,No,100,Medium
2026-06-17 20:00,Sector 18 Noida,28.5706,77.324,646,27,Clear,0,No,No,88,Medium
2026-06-17 20:10,Karol Bagh,28.6519,77.1909,560,33,Cloudy,0,No,No,64,Medium
2026-06-17 20:20,Sector 62 Noida,28.628,77.3649,644,16,Heavy Rain,5,No,No,43,High
2026-06-17 20:30,Karol Bagh,28.6519,77.1909,54,55,Heavy Rain,19,No,No,47,Low
2026-06-17 20:40,India Gate,28.6129,77.2295,382,45,Fog,0,No,Yes,91,Low
2026-06-17 20:50,Akshardham Route,28.6127,77.2773,863,5,Fog,0,Yes,Yes,97,Very High
2026-06-17 21:00,Karol Bagh,28.6519,77.1909,576,32,Cloudy,0,No,No,25,Medium
2026-06-17 21:10,MG Road Gurgaon,28.4794,77.0806,93,64,Clear,0,No,No,87,Low
2026-06-17 21:20,India Gate,28.6129,77.2295,701,24,Fog,0,No,No,82,Very High
2026-06-17 21:30,DND Flyway,28.5942,77.3053,862,13,Cloudy,0,No,No,39,Very High
2026-06-17 21:40,Vaishali Ghaziabad,28.646,77.339,241,54,Fog,0,No,Yes,24,Low
2026-06-17 21:50,Botanical Garden,28.5636,77.334,191,43,Clear,0,Yes,No,34,Low
2026-06-17 22:00,Sector 18 Noida,28.5706,77.324,646,27,Cloudy,0,No,No,16,Medium
2026-06-17 22:10,Cyber Hub Gurgaon,28.4959,77.0882,176,47,Rain,14,No,No,87,Low
2026-06-17 22:20,Cyber Hub Gurgaon,28.4959,77.0882,192,46,Rain,8,No,Yes,66,Low
2026-06-17 22:30,Lajpat Nagar,28.5677,77.243,796,5,Clear,0,Yes,No,23,Very High
2026-06-17 22:40,Cyber Hub Gurgaon,28.4959,77.0882,64,54,Heavy Rain,12,No,Yes,45,Low
2026-06-17 22:50,Botanical Garden,28.5636,77.334,800,5,Fog,0,Yes,No,25,Very High
2026-06-17 23:00,Vaishali Ghaziabad,28.646,77.339,664,11,Clear,0,Yes,No,17,Very High
2026-06-17 23:10,Karol Bagh,28.6519,77.1909,637,16,Heavy Rain,6,No,No,55,High
2026-06-17 23:20,Vaishali Ghaziabad,28.646,77.339,61,54,Heavy Rain,16,No,No,76,Low
2026-06-17 23:30,DND Flyway,28.5942,77.3053,690,24,Fog,0,No,No,90,High
2026-06-17 23:40,Connaught Place,28.6315,77.2167,259,53,Fog,0,No,No,100,Low
2026-06-17 23:50,MG Road Gurgaon,28.4794,77.0806,833,5,Rain,19,No,Yes,22,Very High
2026-06-18 00:00,India Gate,28.6129,77.2295,539,35,Clear,0,No,No,15,Medium
2026-06-18 00:10,Sector 62 Noida,28.628,77.3649,663,26,Clear,0,No,No,36,Medium
2026-06-18 00:20,India Gate,28.6129,77.2295,237,55,Clear,0,No,Yes,56,Low
2026-06-18 00:30,Greater Noida West,28.59,77.43,182,58,Cloudy,0,No,Yes,14,Low
2026-06-18 00:40,Karol Bagh,28.6519,77.1909,286,51,Fog,0,No,No,19,Low
2026-06-18 00:50,Pari Chowk,28.4671,77.503,409,31,Heavy Rain,3,No,No,40,Medium
2026-06-18 01:00,Vaishali Ghaziabad,28.646,77.339,694,12,Heavy Rain,9,No,No,80,Very High
2026-06-18 01:10,Botanical Garden,28.5636,77.334,794,18,Clear,0,No,Yes,46,Very High
2026-06-18 01:20,Sector 62 Noida,28.628,77.3649,666,26,Cloudy,0,No,No,36,Medium
2026-06-18 01:30,DND Flyway,28.5942,77.3053,668,5,Rain,7,Yes,No,70,Very High
2026-06-18 01:40,Akshardham Route,28.6127,77.2773,395,29,Cloudy,0,Yes,No,77,Medium
2026-06-18 01:50,Lajpat Nagar,28.5677,77.243,850,5,Heavy Rain,15,No,Yes,90,Very High
2026-06-18 02:00,Vaishali Ghaziabad,28.646,77.339,191,46,Rain,3,No,No,68,Low
2026-06-18 02:10,Karol Bagh,28.6519,77.1909,424,42,Cloudy,0,No,No,70,Low
2026-06-18 02:20,Karol Bagh,28.6519,77.1909,145,49,Rain,16,No,Yes,47,Low
2026-06-18 02:30,Sector 18 Noida,28.5706,77.324,452,28,Rain,19,No,No,12,Medium
2026-06-18 02:40,Sector 18 Noida,28.5706,77.324,69,66,Clear,0,No,No,90,Low
2026-06-18 02:50,Connaught Place,28.6315,77.2167,536,8,Rain,13,Yes,No,49,Very High
2026-06-18 03:00,Cyber Hub Gurgaon,28.4959,77.0882,214,41,Cloudy,0,Yes,No,55,Low
2026-06-18 03:10,Dwarka Sector 21,28.5511,77.0565,750,20,Fog,0,No,No,72,Very High
2026-06-18 03:20,Pari Chowk,28.4671,77.503,613,18,Heavy Rain,12,No,No,36,High
2026-06-18 03:30,IGI Airport T3,28.5562,77.1,825,15,Cloudy,0,No,No,57,Very High
2026-06-18 03:40,India Gate,28.6129,77.2295,351,32,Clear,0,Yes,No,49,Medium
2026-06-18 03:50,Cyber Hub Gurgaon,28.4959,77.0882,92,64,Fog,0,No,Yes,93,Low
2026-06-18 04:00,Greater Noida West,28.59,77.43,729,10,Heavy Rain,17,No,No,93,Very High
2026-06-18 04:10,Pari Chowk,28.4671,77.503,542,34,Clear,0,No,No,100,Medium
2026-06-18 04:20,Vaishali Ghaziabad,28.646,77.339,785,18,Cloudy,0,No,Yes,23,Very High
2026-06-18 04:30,Botanical Garden,28.5636,77.334,792,18,Fog,0,No,No,13,Very High
2026-06-18 04:40,Karol Bagh,28.6519,77.1909,677,25,Fog,0,No,No,97,Medium
2026-06-18 04:50,Sector 18 Noida,28.5706,77.324,671,26,Cloudy,0,No,No,71,Medium
2026-06-18 05:00,Botanical Garden,28.5636,77.334,589,16,Clear,0,Yes,Yes,46,High
2026-06-18 05:10,Connaught Place,28.6315,77.2167,219,29,Heavy Rain,19,Yes,No,67,Medium
2026-06-18 05:20,Pari Chowk,28.4671,77.503,460,40,Cloudy,0,No,No,45,Low
2026-06-18 05:30,IGI Airport T3,28.5562,77.1,661,26,Cloudy,0,No,Yes,56,Medium
2026-06-18 05:40,Pari Chowk,28.4671,77.503,744,21,Fog,0,No,No,15,Very High
2026-06-18 05:50,Akshardham Route,28.6127,77.2773,632,5,Rain,12,Yes,No,76,Very High
2026-06-18 06:00,Dwarka Sector 21,28.5511,77.0565,867,5,Heavy Rain,2,No,No,70,Very High
2026-06-18 06:10,IGI Airport T3,28.5562,77.1,312,38,Rain,16,No,Yes,28,Medium
2026-06-18 06:20,India Gate,28.6129,77.2295,555,21,Rain,14,No,No,25,High
2026-06-18 06:30,Vaishali Ghaziabad,28.646,77.339,698,24,Clear,0,No,Yes,47,High
2026-06-18 06:40,Dwarka Sector 21,28.5511,77.0565,115,63,Cloudy,0,No,No,17,Low
2026-06-18 06:50,Karol Bagh,28.6519,77.1909,602,18,Rain,3,No,No,27,High
2026-06-18 07:00,IGI Airport T3,28.5562,77.1,677,13,Heavy Rain,6,No,Yes,25,Very High
2026-06-18 07:10,Sector 18 Noida,28.5706,77.324,825,5,Rain,14,No,No,28,Very High
2026-06-18 07:20,Karol Bagh,28.6519,77.1909,772,5,Clear,0,Yes,Yes,83,Very High
2026-06-18 07:30,Pari Chowk,28.4671,77.503,275,40,Heavy Rain,4,No,No,44,Low
2026-06-18 07:40,Sector 62 Noida,28.628,77.3649,632,16,Rain,12,No,No,47,High
2026-06-18 07:50,India Gate,28.6129,77.2295,161,60,Cloudy,0,No,No,99,Low
2026-06-18 08:00,Akshardham Route,28.6127,77.2773,600,30,Clear,0,No,No,75,Medium
2026-06-18 08:10,DND Flyway,28.5942,77.3053,734,7,Fog,0,Yes,No,91,Very High
2026-06-18 08:20,Connaught Place,28.6315,77.2167,439,14,Rain,20,Yes,No,66,Very High
2026-06-18 08:30,Karol Bagh,28.6519,77.1909,869,5,Heavy Rain,9,No,Yes,24,Very High
2026-06-18 08:40,Sector 62 Noida,28.628,77.3649,542,34,Cloudy,0,No,Yes,58,Medium
2026-06-18 08:50,Sector 62 Noida,28.628,77.3649,581,17,Cloudy,0,Yes,No,53,High
2026-06-18 09:00,Cyber Hub Gurgaon,28.4959,77.0882,272,52,Cloudy,0,No,Yes,20,Low
2026-06-18 09:10,Vaishali Ghaziabad,28.646,77.339,879,5,Rain,17,No,No,96,Very High
2026-06-18 09:20,Sector 18 Noida,28.5706,77.324,324,49,Fog,0,No,No,93,Low
2026-06-18 09:30,Dwarka Sector 21,28.5511,77.0565,498,37,Cloudy,0,No,No,55,Medium
2026-06-18 09:40,IGI Airport T3,28.5562,77.1,194,58,Clear,0,No,No,64,Low
2026-06-18 09:50,Cyber Hub Gurgaon,28.4959,77.0882,378,33,Rain,15,No,No,26,Medium
2026-06-18 10:00,Karol Bagh,28.6519,77.1909,82,38,Heavy Rain,8,Yes,No,42,Medium
2026-06-18 10:10,Cyber Hub Gurgaon,28.4959,77.0882,378,45,Fog,0,No,Yes,56,Low
2026-06-18 10:20,Sector 18 Noida,28.5706,77.324,303,50,Fog,0,No,No,60,Low
2026-06-18 10:30,MG Road Gurgaon,28.4794,77.0806,791,6,Heavy Rain,20,No,No,56,Very High
2026-06-18 10:40,MG Road Gurgaon,28.4794,77.0806,881,12,Fog,0,No,Yes,62,Very High
2026-06-18 10:50,Botanical Garden,28.5636,77.334,449,26,Cloudy,0,Yes,Yes,17,Medium
2026-06-18 11:00,IGI Airport T3,28.5562,77.1,408,43,Fog,0,No,No,96,Low
2026-06-18 11:10,DND Flyway,28.5942,77.3053,516,21,Cloudy,0,Yes,Yes,87,High
2026-06-18 11:20,IGI Airport T3,28.5562,77.1,301,38,Rain,5,No,No,91,Medium
2026-06-18 11:30,Sector 62 Noida,28.628,77.3649,313,38,Rain,12,No,Yes,36,Medium
2026-06-18 11:40,Akshardham Route,28.6127,77.2773,225,28,Rain,2,Yes,Yes,15,Medium
2026-06-18 11:50,Lajpat Nagar,28.5677,77.243,336,48,Clear,0,No,No,22,Low
2026-06-18 12:00,IGI Airport T3,28.5562,77.1,295,24,Heavy Rain,15,Yes,Yes,94,High
2026-06-18 12:10,India Gate,28.6129,77.2295,213,29,Rain,3,Yes,Yes,33,Medium
2026-06-18 12:20,Sector 62 Noida,28.628,77.3649,445,29,Heavy Rain,14,No,No,20,Medium
2026-06-18 12:30,Greater Noida West,28.59,77.43,673,14,Heavy Rain,13,No,No,51,Very High
2026-06-18 12:40,MG Road Gurgaon,28.4794,77.0806,227,43,Heavy Rain,18,No,No,87,Low
2026-06-18 12:50,Dwarka Sector 21,28.5511,77.0565,567,21,Heavy Rain,18,No,No,79,High
2026-06-18 13:00,Botanical Garden,28.5636,77.334,635,28,Fog,0,No,No,35,Medium
2026-06-18 13:10,Cyber Hub Gurgaon,28.4959,77.0882,549,34,Fog,0,No,No,81,Medium
2026-06-18 13:20,Sector 18 Noida,28.5706,77.324,374,46,Clear,0,No,No,90,Low
2026-06-18 13:30,Cyber Hub Gurgaon,28.4959,77.0882,58,67,Cloudy,0,No,Yes,60,Low
2026-06-18 13:40,DND Flyway,28.5942,77.3053,160,60,Clear,0,No,No,18,Low
2026-06-18 13:50,Dwarka Sector 21,28.5511,77.0565,449,41,Fog,0,No,No,16,Low
2026-06-18 14:00,Botanical Garden,28.5636,77.334,693,24,Clear,0,No,No,23,High
2026-06-18 14:10,Lajpat Nagar,28.5677,77.243,862,13,Fog,0,No,No,11,Very High
2026-06-18 14:20,Dwarka Sector 21,28.5511,77.0565,92,37,Heavy Rain,11,Yes,Yes,26,Medium
2026-06-18 14:30,Lajpat Nagar,28.5677,77.243,119,63,Fog,0,No,No,18,Low